,search_log_id,rooms_total_price,upsell_total_price,vouchers_total_price,loyalty_discount_total,search_log_session_id,lang_code,currency,arrival,departure,days,nights,adults,children,utc_date,Rate_EUR,total_price_HUF
0,112857,119952.2,3500.0,0,11995.2,4205,hu,HUF,2025-02-13,2025-02-15,3,2,2,0,2024-09-18,394.47,99683.0
1,112906,377114.4,0.0,0,37711.4,4234,hu,HUF,2024-11-07,2024-11-10,4,3,2,2,2024-09-18,394.47,302444.0
2,113050,312877.8,0.0,0,46930.1,4302,en,EUR,2024-10-06,2024-10-10,5,4,2,0,2024-09-18,394.47,245530.0
3,113057,452160.0,0.0,0,45216.0,4315,hu,HUF,2024-10-13,2024-10-19,7,6,2,0,2024-09-18,394.47,406944.0
4,113070,167843.3,0.0,0,27515.3,4321,hu,HUF,2024-11-10,2024-11-12,3,2,4,0,2024-09-18,394.47,127885.0
5,113105,104700.6,0.0,0,11505.6,4339,hu,HUF,2024-11-30,2024-12-02,3,2,2,0,2024-09-18,394.47,88195.0
6,113134,281520.0,0.0,0,28152.0,4353,hu,HUF,2024-09-20,2024-09-24,5,4,2,0,2024-09-18,394.47,232162.0
7,113151,168912.2,0.0,0,16891.2,4359,hu,HUF,2024-12-06,2024-12-08,3,2,2,2,2024-09-18,394.47,147021.0
8,113152,288206.0,0.0,0,31671.0,4362,hu,HUF,2024-10-31,2024-11-03,4,3,2,1,2024-09-18,394.47,251535.0
9,113256,248121.6,0.0,0,24812.2,4420,en,EUR,2024-09-20,2024-09-22,3,2,2,1,2024-09-18,394.47,255403.5
10,113302,143354.8,0.0,0,23500.8,4452,hu,HUF,2024-10-04,2024-10-06,3,2,2,0,2024-09-18,394.47,101286.0
11,113311,142571.2,0.0,0,15667.2,4453,hu,HUF,2024-10-04,2024-10-06,3,2,2,0,2024-09-18,394.47,88833.0
12,113308,193764.4,0.0,0,19376.4,4449,hu,HUF,2025-01-19,2025-01-21,3,2,2,2,2024-09-18,394.47,169388.0
13,113432,282243.3,0.0,0,28224.3,4521,en,EUR,2024-11-17,2024-11-22,6,5,2,0,2024-09-18,394.47,254019.0
14,113696,369107.8,0.0,0,36910.8,4653,hu,HUF,2024-12-20,2024-12-24,5,4,2,2,2024-09-18,394.47,319535.0
15,113840,92498.9,0.0,0,9249.9,4915,hu,HUF,2024-09-21,2024-09-22,2,1,2,0,2024-09-19,394.7,78249.0
16,113877,331200.0,0.0,0,33120.0,4936,hu,HUF,2024-09-22,2024-09-27,6,5,2,1,2024-09-19,394.7,298080.0
17,113894,104480.0,0.0,0,10448.0,4954,hu,HUF,2025-01-19,2025-01-21,3,2,2,0,2024-09-19,394.7,89032.0
18,113912,288525.7,0.0,0,0.0,4965,en,EUR,2024-09-20,2024-09-22,3,2,2,2,2024-09-19,394.7,288525.7
19,113917,106855.6,0.0,0,10685.6,4964,hu,HUF,2024-12-15,2024-12-17,3,2,2,0,2024-09-19,394.7,91170.0
20,113950,67130.1,0.0,0,8606.5,4985,hu,HUF,2024-10-12,2024-10-13,2,1,1,0,2024-09-19,394.7,53424.7
21,113963,198613.0,0.0,0,19861.3,4992,en,EUR,2024-10-06,2024-10-09,4,3,2,0,2024-09-19,394.7,178751.7
22,113992,224634.4,0.0,0,22463.4,5014,hu,HUF,2025-01-19,2025-01-21,3,2,3,2,2024-09-19,394.7,197171.0
23,114000,113524.6,0.0,0,18610.6,5019,hu,HUF,2024-11-10,2024-11-12,3,2,2,0,2024-09-19,394.7,94914.0
24,114033,71634.4,4800.0,0,7163.4,5046,hu,HUF,2024-09-21,2024-09-22,2,1,1,1,2024-09-19,394.7,69271.0
25,114046,558895.2,0.0,0,83834.3,5056,de,EUR,2024-10-14,2024-10-18,5,4,4,0,2024-09-19,394.7,475060.9
26,114059,78588.9,0.0,0,7858.9,5067,hu,HUF,2024-12-09,2024-12-10,2,1,2,0,2024-09-19,394.7,65730.0
27,114104,170417.2,0.0,0,18727.2,5082,hu,HUF,2024-10-28,2024-10-30,3,2,2,0,2024-09-19,394.7,151690.0
28,114145,734400.0,0.0,0,73440.0,5110,hu,HUF,2024-12-27,2024-12-30,4,3,6,1,2024-09-19,394.7,655960.0
29,114148,771120.0,0.0,0,77112.0,5110,hu,HUF,2024-12-27,2024-12-30,4,3,6,2,2024-09-19,394.7,689008.0
30,114170,267840.0,0.0,0,26784.0,5128,hu,HUF,2025-06-15,2025-06-20,6,5,2,0,2024-09-19,394.7,236056.0
31,114241,372596.8,0.0,0,37259.7,5162,en,EUR,2024-10-13,2024-10-18,6,5,2,0,2024-09-19,394.7,330403.4
32,114256,106962.1,0.0,0,11754.1,5175,hu,HUF,2024-10-06,2024-10-08,3,2,2,0,2024-09-19,394.7,90208.0
33,114271,239519.7,0.0,0,35929.5,5187,en,EUR,2024-10-07,2024-10-10,4,3,2,0,2024-09-19,394.7,169180.3
34,114274,169186.7,0.0,0,16918.7,5190,hu,HUF,2024-11-10,2024-11-13,4,3,2,0,2024-09-19,394.7,130993.0
35,114289,407237.8,0.0,0,40723.8,5197,hu,HUF,2024-10-20,2024-10-23,4,3,3,1,2024-09-19,394.7,343720.0
36,114335,292536.5,0.0,0,43880.5,5217,hu,HUF,2024-09-27,2024-09-29,3,2,2,1,2024-09-19,394.7,248656.0
37,114358,65201.2,0.0,0,9780.2,5233,hu,HUF,2024-09-21,2024-09-22,2,1,1,0,2024-09-19,394.7,55421.0
38,114367,361080.0,3500.0,0,36108.0,5242,hu,HUF,2024-12-31,2025-01-03,4,3,2,2,2024-09-19,394.7,309304.0
39,114645,662400.0,0.0,0,66240.0,5510,hu,HUF,2024-09-20,2024-09-25,6,5,4,0,2024-09-19,394.7,596160.0
40,114646,220320.0,0.0,0,22032.0,5510,hu,HUF,2024-09-20,2024-09-23,4,3,2,0,2024-09-19,394.7,198288.0
41,114650,205020.0,0.0,0,20502.0,5513,hu,HUF,2024-09-20,2024-09-22,3,2,2,2,2024-09-19,394.7,179518.0
42,114780,277111.8,0.0,0,41566.8,5631,hu,HUF,2024-12-06,2024-12-08,3,2,2,2,2024-09-19,394.7,235545.0
43,114812,181025.0,0.0,0,18102.5,5663,en,EUR,2024-09-27,2024-09-29,3,2,2,0,2024-09-20,394.39,162922.5
44,114825,86935.6,0.0,0,8693.6,5669,hu,HUF,2024-09-21,2024-09-22,2,1,2,0,2024-09-20,394.39,78242.0
45,114830,556705.1,0.0,0,0.0,5676,de,EUR,2024-11-10,2024-11-13,4,3,4,0,2024-09-20,394.39,556705.1
46,114851,129722.8,0.0,0,21265.5,5682,de,EUR,2024-10-06,2024-10-08,3,2,2,0,2024-09-20,394.39,75920.1
47,115003,373680.0,0.0,0,37368.0,5766,hu,HUF,2025-01-04,2025-01-06,3,2,6,0,2024-09-20,394.39,288131.0
48,115031,201593.0,0.0,0,33048.0,5784,hu,HUF,2024-11-08,2024-11-10,3,2,2,2,2024-09-20,394.39,143146.0
49,115060,458596.7,0.0,0,45859.7,5799,en,EUR,2024-09-29,2024-10-02,4,3,4,0,2024-09-20,394.39,412737.0
50,115103,205020.0,0.0,0,20502.0,5815,de,HUF,2024-09-21,2024-09-23,3,2,2,0,2024-09-20,394.39,142088.0
51,115102,143067.8,0.0,0,14306.8,5814,hu,HUF,2024-09-23,2024-09-25,3,2,2,0,2024-09-20,394.39,128761.0
52,115124,339840.0,0.0,0,33984.0,5840,hu,HUF,2024-09-22,2024-09-27,6,5,2,0,2024-09-20,394.39,305856.0
53,115145,76850.0,0.0,0,7685.0,5850,hu,HUF,2024-09-28,2024-09-29,2,1,1,0,2024-09-20,394.39,69165.0
54,115189,356400.0,0.0,0,35640.0,5877,hu,HUF,2024-09-23,2024-09-27,5,4,4,0,2024-09-20,394.39,315760.0
55,115270,195274.1,0.0,0,32012.1,5928,hu,HUF,2024-10-06,2024-10-09,4,3,2,0,2024-09-20,394.39,144840.0
56,115271,384372.5,0.0,0,42239.2,5919,en,EUR,2024-10-17,2024-10-20,4,3,3,0,2024-09-20,394.39,342133.3
57,115548,208080.0,26400.0,0,20808.0,6182,hu,HUF,2024-11-08,2024-11-10,3,2,2,2,2024-09-20,394.39,208672.0
58,115750,109821.8,0.0,0,12068.3,6368,de,EUR,2024-12-15,2024-12-17,3,2,2,0,2024-09-21,394.39,92823.6
59,115764,115165.6,8350.0,0,11516.6,6374,hu,HUF,2024-11-03,2024-11-05,3,2,2,0,2024-09-21,394.39,111999.0
60,115774,165939.6,0.0,0,0.0,6381,hu,EUR,2024-10-18,2024-10-20,3,2,2,0,2024-09-21,394.39,165939.6
61,115772,210743.3,0.0,0,21074.3,6383,hu,HUF,2024-09-23,2024-09-26,4,3,2,0,2024-09-21,394.39,189669.0
62,115793,129212.2,0.0,0,12921.2,6396,hu,HUF,2025-03-14,2025-03-16,3,2,2,0,2024-09-21,394.39,99055.0
63,115806,147572.2,0.0,0,14757.2,6405,hu,HUF,2024-11-24,2024-11-26,3,2,2,0,2024-09-21,394.39,127815.0
64,115850,195902.4,16700.0,0,29385.4,6420,hu,HUF,2024-10-14,2024-10-16,3,2,2,1,2024-09-21,394.39,183217.0
65,115985,115165.6,0.0,0,11516.6,6501,hu,HUF,2024-11-03,2024-11-05,3,2,2,0,2024-09-21,394.39,103649.0
66,115995,356184.4,12200.0,0,35618.4,6504,hu,HUF,2024-12-27,2024-12-29,3,2,3,1,2024-09-21,394.39,327766.0
67,116003,167615.8,0.0,0,0.0,6513,hu,EUR,2024-10-17,2024-10-19,3,2,2,0,2024-09-21,394.39,167615.8
68,116039,275400.0,0.0,0,27540.0,6537,hu,HUF,2025-01-02,2025-01-05,4,3,2,3,2024-09-21,394.39,247860.0
69,116042,293760.0,0.0,0,29376.0,6537,hu,HUF,2025-01-02,2025-01-05,4,3,2,3,2024-09-21,394.39,264384.0
70,116063,171530.6,0.0,0,18849.6,6557,hu,HUF,2024-10-21,2024-10-24,4,3,2,0,2024-09-21,394.39,152681.0
71,116078,239000.3,0.0,0,0.0,6568,en,EUR,2025-02-01,2025-02-05,5,4,2,0,2024-09-21,394.39,239000.3
72,116075,382500.0,0.0,0,38250.0,6567,hu,HUF,2024-12-30,2025-01-02,4,3,2,2,2024-09-21,394.39,339250.0
73,116082,833543.3,0.0,0,83354.3,6570,hu,HUF,2024-12-30,2025-01-02,4,3,5,0,2024-09-21,394.39,745189.0
74,116097,253955.2,0.0,0,27907.2,6582,hu,HUF,2024-11-08,2024-11-10,3,2,4,1,2024-09-21,394.39,221048.0
75,116320,171360.0,0.0,0,17136.0,6749,hu,HUF,2024-10-31,2024-11-02,3,2,2,1,2024-09-22,394.39,154224.0
76,116347,263282.2,0.0,0,26328.2,6757,hu,HUF,2024-12-24,2024-12-26,3,2,3,0,2024-09-22,394.39,236954.0
77,116400,517384.4,0.0,0,51738.4,6787,hu,HUF,2024-12-27,2024-12-30,4,3,3,1,2024-09-22,394.39,465646.0
78,116422,91048.9,0.0,0,9106.5,6805,de,EUR,2024-11-19,2024-11-21,3,2,1,0,2024-09-22,394.39,81942.4
79,116432,146880.0,0.0,0,14688.0,6812,hu,HUF,2024-10-04,2024-10-06,3,2,2,0,2024-09-22,394.39,132192.0
80,116460,254286.9,0.0,0,25430.3,6834,de,EUR,2024-09-29,2024-10-03,5,4,2,0,2024-09-22,394.39,228856.6
81,116464,195479.2,0.0,0,21481.2,6815,hu,HUF,2024-10-31,2024-11-02,3,2,2,1,2024-09-22,394.39,168998.0
82,116523,187729.6,0.0,0,18773.0,6859,de,EUR,2024-09-27,2024-09-29,3,2,2,1,2024-09-22,394.39,164026.8
83,116548,139506.0,0.0,0,0.0,6884,hu,HUF,2024-09-23,2024-09-25,3,2,2,0,2024-09-22,394.39,139506.0
84,116568,279805.6,0.0,0,27980.6,6896,hu,HUF,2024-12-23,2024-12-26,4,3,2,1,2024-09-22,394.39,246825.0
85,116613,183600.0,0.0,0,18360.0,6917,hu,HUF,2025-01-02,2025-01-04,3,2,2,2,2024-09-22,394.39,165240.0
86,116627,503675.6,0.0,0,50367.6,6932,hu,HUF,2024-12-28,2025-01-01,5,4,2,2,2024-09-22,394.39,448308.0
87,116678,164732.8,0.0,0,18102.5,6937,de,EUR,2024-10-11,2024-10-13,3,2,2,0,2024-09-22,394.39,131844.6
88,116677,280908.2,0.0,0,42136.2,6954,hu,HUF,2025-01-01,2025-01-04,4,3,2,1,2024-09-22,394.39,204387.0
89,116708,308445.6,0.0,0,30844.6,6959,hu,HUF,2024-12-26,2024-12-29,4,3,1,2,2024-09-22,394.39,277601.0
90,116725,169473.5,0.0,0,27782.5,6972,hu,HUF,2024-11-11,2024-11-14,4,3,2,0,2024-09-22,394.39,111762.0
91,116733,188495.6,0.0,0,18849.6,6973,hu,HUF,2025-01-10,2025-01-12,3,2,3,0,2024-09-22,394.39,164646.0
92,116757,109156.2,0.0,0,11995.2,6989,hu,HUF,2024-11-29,2024-12-01,3,2,2,0,2024-09-22,394.39,92161.0
93,116765,109156.2,0.0,0,11995.2,6994,hu,HUF,2024-11-29,2024-12-01,3,2,2,0,2024-09-22,394.39,97161.0
94,116776,109156.2,0.0,0,11995.2,7000,hu,HUF,2024-11-29,2024-12-01,3,2,2,0,2024-09-22,394.39,97161.0
95,116796,161350.0,6000.0,0,16135.0,7009,hu,HUF,2024-09-28,2024-09-29,2,1,2,2,2024-09-22,394.39,146215.0
96,116831,198795.9,0.0,0,20925.9,7029,hu,HUF,2024-09-23,2024-09-25,3,2,2,0,2024-09-22,394.39,160391.0
97,116828,162591.2,0.0,0,16260.7,7025,de,EUR,2024-09-25,2024-09-27,3,2,2,0,2024-09-22,394.39,141400.6
98,116869,589356.4,0.0,0,88403.4,7044,hu,HUF,2024-12-28,2025-01-03,7,6,2,0,2024-09-22,394.39,459478.0
99,116883,374544.0,0.0,0,0.0,7055,hu,HUF,2024-12-29,2025-01-01,4,3,2,0,2024-09-22,394.39,374544.0
100,116917,119952.2,16700.0,0,11995.2,7075,hu,HUF,2024-12-13,2024-12-15,3,2,2,0,2024-09-22,394.39,119657.0
101,117367,223380.0,0.0,0,0.0,7491,hu,HUF,2024-10-30,2024-11-01,3,2,2,2,2024-09-23,394.46,223380.0
102,117372,231060.0,0.0,0,0.0,7489,hu,HUF,2024-10-30,2024-11-01,3,2,2,2,2024-09-23,394.46,231060.0
103,117379,256733.3,0.0,0,25673.3,7497,hu,HUF,2024-10-30,2024-11-01,3,2,2,2,2024-09-23,394.46,231060.0
104,117392,357108.6,0.0,0,58541.8,7509,de,EUR,2024-11-01,2024-11-03,3,2,4,0,2024-09-23,394.46,283174.9
105,117482,255816.0,0.0,0,0.0,7560,hu,HUF,2024-10-28,2024-10-30,3,2,2,1,2024-09-23,394.46,255816.0
106,117491,150368.0,0.0,0,16524.0,7567,hu,HUF,2024-10-11,2024-10-13,3,2,2,0,2024-09-23,394.46,128844.0
107,117490,240604.4,4800.0,0,24060.4,7565,hu,HUF,2024-10-03,2024-10-06,4,3,2,0,2024-09-23,394.46,221344.0
108,117470,211680.0,0.0,0,21168.0,7555,hu,HUF,2025-01-29,2025-02-02,5,4,2,2,2024-09-23,394.46,185512.0
109,117795,215032.2,0.0,0,35251.2,7855,hu,HUF,2024-10-25,2024-10-27,3,2,3,0,2024-09-23,394.46,179781.0
110,117902,70937.8,0.0,0,7093.8,7955,hu,HUF,2024-10-01,2024-10-02,2,1,2,0,2024-09-23,394.46,58844.0
111,117927,889920.0,0.0,0,0.0,7971,hu,HUF,2025-03-02,2025-03-06,5,4,8,2,2024-09-23,394.46,889920.0
112,117944,384274.0,0.0,0,42228.0,7969,hu,HUF,2024-10-11,2024-10-13,3,2,8,0,2024-09-23,394.46,342046.0
113,117952,161029.5,0.0,0,35006.5,7985,hu,HUF,2024-11-28,2024-12-01,4,3,2,0,2024-09-23,394.46,126023.0
114,117971,144175.1,0.0,0,14417.5,7987,de,EUR,2024-10-07,2024-10-09,3,2,2,0,2024-09-23,394.46,129757.6
115,118024,203541.4,0.0,0,40708.3,8034,de,EUR,2025-01-03,2025-01-06,4,3,2,0,2024-09-23,394.46,152884.8
116,118019,195840.0,0.0,0,19584.0,8030,hu,HUF,2024-10-04,2024-10-06,3,2,2,2,2024-09-23,394.46,176256.0
117,118041,272926.9,0.0,0,27292.7,8044,en,EUR,2024-11-01,2024-11-04,4,3,2,0,2024-09-23,394.46,245634.2
118,118066,175032.2,0.0,0,17503.2,8058,hu,HUF,2024-09-27,2024-09-29,3,2,2,1,2024-09-23,394.46,157529.0
119,118092,187388.2,0.0,0,40735.9,8080,de,EUR,2024-10-24,2024-10-27,4,3,1,0,2024-09-23,394.46,146652.3
120,118140,231887.3,0.0,0,25482.1,8105,de,EUR,2024-10-28,2024-10-30,3,2,2,3,2024-09-23,394.46,206405.1
121,118145,236766.7,0.0,0,23675.5,8109,de,EUR,2024-09-24,2024-09-27,4,3,2,0,2024-09-23,394.46,208160.5
122,118149,142595.6,0.0,0,14259.6,8112,hu,HUF,2024-11-30,2024-12-02,3,2,2,0,2024-09-23,394.46,128336.0
123,118182,283500.0,0.0,0,42525.0,8129,hu,HUF,2024-11-21,2024-11-25,5,4,2,0,2024-09-23,394.46,240975.0
124,118194,231660.0,0.0,0,23166.0,8131,hu,HUF,2024-11-06,2024-11-10,5,4,2,0,2024-09-23,394.46,203494.0
125,118202,72422.9,0.0,0,0.0,8142,de,EUR,2024-09-26,2024-09-27,2,1,2,0,2024-09-23,394.46,72422.9
126,118205,90412.2,0.0,0,9041.2,8136,hu,HUF,2024-09-28,2024-09-29,2,1,2,0,2024-09-23,394.46,81371.0
127,118225,414585.3,0.0,0,62186.6,8156,de,EUR,2024-10-02,2024-10-05,4,3,3,0,2024-09-23,394.46,352398.7
128,118261,194524.0,0.0,0,19450.8,8172,de,EUR,2024-12-21,2024-12-23,3,2,2,2,2024-09-23,394.46,170142.4
129,118235,343046.1,0.0,0,34306.2,8168,de,EUR,2024-10-16,2024-10-20,5,4,2,0,2024-09-23,394.46,308739.9
130,118273,904995.3,0.0,0,135749.3,8185,hu,HUF,2024-12-31,2025-01-03,4,3,5,0,2024-09-23,394.46,769246.0
131,118546,267322.0,0.0,0,29376.0,8208,hu,HUF,2024-10-29,2024-11-01,4,3,2,2,2024-09-23,394.46,210869.0
132,118594,342706.8,0.0,0,34270.7,8483,de,EUR,2024-09-29,2024-10-04,6,5,2,0,2024-09-23,394.46,308436.2
133,118831,283968.0,0.0,0,0.0,8702,hu,HUF,2024-10-25,2024-10-27,3,2,2,2,2024-09-24,394.91,283968.0
134,118835,469405.8,0.0,0,46939.0,8706,de,EUR,2024-12-26,2024-12-30,5,4,2,3,2024-09-24,394.91,422466.8
135,118827,331253.3,0.0,0,33125.3,8699,hu,HUF,2024-11-18,2024-11-21,4,3,4,0,2024-09-24,394.91,298128.0
136,118859,169475.5,0.0,0,36842.5,8720,hu,HUF,2024-11-01,2024-11-03,3,2,2,0,2024-09-24,394.91,132633.0
137,118891,217260.0,4800.0,0,21726.0,8742,hu,HUF,2024-10-17,2024-10-19,3,2,2,3,2024-09-24,394.91,200334.0
138,118882,213251.4,0.0,0,21325.1,8735,en,EUR,2024-12-02,2024-12-06,5,4,2,0,2024-09-24,394.91,191926.3
139,118989,180758.2,0.0,0,27114.5,8815,de,EUR,2024-10-02,2024-10-05,4,3,1,0,2024-09-24,394.91,153643.7
140,119036,331253.3,0.0,0,33125.3,8842,hu,HUF,2024-11-18,2024-11-21,4,3,4,0,2024-09-24,394.91,298128.0
141,119124,372060.5,0.0,0,0.0,8891,de,EUR,2024-11-01,2024-11-04,4,3,3,1,2024-09-24,394.91,372060.5
142,119126,417690.0,0.0,0,41769.0,8880,en,HUF,2025-02-08,2025-02-15,8,7,2,0,2024-09-24,394.91,375921.0
143,119147,203276.0,0.0,0,22338.0,8905,hu,HUF,2024-10-24,2024-10-27,4,3,2,0,2024-09-24,394.91,152011.0
144,119170,119740.7,0.0,0,13158.4,8915,de,EUR,2024-11-29,2024-12-01,3,2,2,0,2024-09-24,394.91,106582.3
145,119186,119740.7,0.0,0,13158.4,8931,de,EUR,2024-12-13,2024-12-15,3,2,2,0,2024-09-24,394.91,106582.3
146,119202,449820.0,0.0,0,44982.0,8940,hu,HUF,2024-12-29,2025-01-02,5,4,2,0,2024-09-24,394.91,399838.0
147,119238,252450.0,0.0,0,25245.0,8967,hu,HUF,2024-09-26,2024-09-29,4,3,2,0,2024-09-24,394.91,222105.0
148,119313,183277.7,0.0,0,0.0,9016,de,EUR,2024-10-05,2024-10-06,2,1,4,0,2024-09-24,394.91,183277.7
149,119504,333033.3,0.0,0,33303.3,9055,hu,HUF,2024-11-10,2024-11-15,6,5,2,0,2024-09-24,394.91,253144.0
150,119874,229707.8,0.0,0,22970.8,9483,hu,HUF,2024-12-05,2024-12-08,4,3,2,2,2024-09-25,395.11,177404.0
151,119904,462231.3,0.0,0,46223.9,9505,de,EUR,2024-10-08,2024-10-13,6,5,2,0,2024-09-25,395.11,411068.5
152,119903,208618.1,0.0,0,20861.8,9509,en,EUR,2025-01-05,2025-01-09,5,4,2,0,2024-09-25,395.11,187756.3
153,119948,209915.6,0.0,0,20991.6,9527,hu,HUF,2024-11-12,2024-11-15,4,3,2,0,2024-09-25,395.11,188924.0
154,120118,357407.8,0.0,0,35740.8,9616,hu,HUF,2024-12-30,2025-01-02,4,3,2,0,2024-09-25,395.11,316667.0
155,120222,111175.0,0.0,0,12217.0,9662,hu,HUF,2024-10-13,2024-10-15,3,2,2,0,2024-09-25,395.11,87175.0
156,120228,290331.8,0.0,0,43549.8,9681,hu,HUF,2024-12-25,2024-12-27,3,2,2,2,2024-09-25,395.11,179696.0
157,120243,49839.9,0.0,0,5476.9,9692,hu,HUF,2024-10-17,2024-10-18,2,1,1,0,2024-09-25,395.11,39363.0
158,120265,98471.0,0.0,0,10821.0,9707,hu,HUF,2024-11-18,2024-11-20,3,2,2,0,2024-09-25,395.11,87650.0
159,120277,377883.2,0.0,0,37788.3,9715,en,EUR,2024-10-06,2024-10-13,8,7,1,0,2024-09-25,395.11,309126.2
160,120315,259426.0,0.0,0,0.0,9735,hu,HUF,2024-12-24,2024-12-27,4,3,2,1,2024-09-25,395.11,259426.0
161,120731,168380.0,26400.0,0,16838.0,10119,hu,HUF,2024-10-04,2024-10-06,3,2,2,0,2024-09-26,395.98,172942.0
162,120768,544879.0,0.0,0,0.0,10143,hu,HUF,2024-10-31,2024-11-03,4,3,2,3,2024-09-26,395.98,544879.0
163,120808,316039.6,0.0,0,31603.2,10165,hu,EUR,2024-10-06,2024-10-10,5,4,2,0,2024-09-26,395.98,284436.4
164,120812,295596.0,0.0,0,29559.0,10174,hu,HUF,2024-12-25,2024-12-27,3,2,2,1,2024-09-26,395.98,266037.0
165,120825,255816.0,0.0,0,0.0,10185,hu,HUF,2024-10-28,2024-10-30,3,2,2,1,2024-09-26,395.98,255816.0
166,120831,290712.4,17300.0,0,31946.4,10187,hu,HUF,2024-10-23,2024-10-27,5,4,2,0,2024-09-26,395.98,276066.0
167,120847,279805.6,33450.0,0,27980.6,10189,hu,HUF,2024-12-23,2024-12-26,4,3,2,1,2024-09-26,395.98,285275.0
168,120901,174530.0,0.0,0,17453.0,10235,hu,HUF,2024-09-30,2024-10-03,4,3,2,0,2024-09-26,395.98,142284.0
169,120942,271642.3,0.0,0,27164.2,10255,de,EUR,2025-01-02,2025-01-06,5,4,2,0,2024-09-26,395.98,227237.1
170,121050,151244.4,5300.0,0,15124.4,10315,hu,HUF,2024-11-19,2024-11-21,3,2,2,0,2024-09-26,395.98,141420.0
171,121101,145044.0,0.0,0,0.0,10355,hu,HUF,2025-02-03,2025-02-06,4,3,1,1,2024-09-26,395.98,145044.0
172,121124,115776.6,0.0,0,0.0,10371,de,EUR,2024-11-30,2024-12-01,2,1,3,1,2024-09-26,395.98,115776.6
173,121151,88600.0,0.0,0,0.0,10389,en,HUF,2024-10-01,2024-10-03,3,2,1,0,2024-09-26,395.98,88600.0
174,121173,209077.4,0.0,0,20907.7,10403,de,EUR,2025-03-02,2025-03-06,5,4,2,0,2024-09-26,395.98,188169.7
175,121201,670948.5,0.0,0,67094.9,10419,en,EUR,2024-12-07,2024-12-11,5,4,4,2,2024-09-26,395.98,598903.9
176,121219,395253.2,26400.0,0,41803.2,10431,hu,HUF,2024-11-15,2024-11-17,3,2,4,2,2024-09-26,395.98,379850.0
177,121255,123624.0,6000.0,0,0.0,10446,hu,HUF,2025-03-14,2025-03-16,3,2,2,0,2024-09-26,395.98,129624.0
178,121309,181511.1,0.0,0,18151.1,10486,hu,HUF,2024-10-06,2024-10-08,3,2,4,1,2024-09-26,395.98,158360.0
179,121610,126825.6,0.0,0,12682.6,10779,hu,HUF,2024-10-06,2024-10-08,3,2,2,1,2024-09-26,395.98,109143.0
180,121625,395413.0,9500.0,0,43452.0,10790,hu,HUF,2024-10-23,2024-10-27,5,4,2,2,2024-09-26,395.98,356461.0
181,121747,151856.0,0.0,0,0.0,10909,hu,HUF,2024-11-07,2024-11-09,3,2,2,0,2024-09-26,395.98,151856.0
182,121782,850890.1,0.0,0,85088.6,10937,de,EUR,2024-10-20,2024-10-24,5,4,5,0,2024-09-27,396.85,765801.4
183,121783,720024.0,0.0,0,0.0,10931,hu,HUF,2024-10-31,2024-11-03,4,3,4,4,2024-09-27,396.85,720024.0
184,121826,164279.7,0.0,0,18052.7,10966,hu,HUF,2024-11-01,2024-11-03,3,2,2,0,2024-09-27,396.85,140827.0
185,121846,317194.0,0.0,0,51999.0,10972,hu,HUF,2024-12-20,2024-12-23,4,3,3,1,2024-09-27,396.85,265195.0
186,121888,205400.0,0.0,0,20540.0,10999,hu,HUF,2024-11-12,2024-11-15,4,3,2,0,2024-09-27,396.85,174534.0
187,121886,205400.0,0.0,0,20540.0,11000,hu,HUF,2024-11-12,2024-11-15,4,3,2,0,2024-09-27,396.85,179860.0
188,121921,235082.0,0.0,0,0.0,11021,hu,HUF,2024-10-16,2024-10-18,3,2,4,1,2024-09-27,396.85,235082.0
189,121968,280854.7,0.0,0,30863.0,11057,de,EUR,2024-10-21,2024-10-24,4,3,2,0,2024-09-27,396.85,249991.7
190,121985,209536.8,0.0,0,0.0,11071,en,EUR,2025-03-20,2025-03-24,5,4,2,0,2024-09-27,396.85,209536.8
191,122006,220320.0,0.0,0,33048.0,11084,hu,HUF,2024-10-18,2024-10-20,3,2,2,2,2024-09-27,396.85,187272.0
192,121994,216604.7,0.0,0,0.0,11078,en,EUR,2024-09-29,2024-10-02,4,3,2,0,2024-09-27,396.85,216604.7
193,122100,208692.0,0.0,0,0.0,11134,hu,HUF,2024-12-25,2024-12-27,3,2,2,0,2024-09-27,396.85,208692.0
194,122182,236109.9,0.0,0,38708.7,11179,en,EUR,2024-10-30,2024-11-01,3,2,2,1,2024-09-27,396.85,197401.1
195,122174,246757.8,0.0,0,24675.8,11178,hu,HUF,2024-12-23,2024-12-26,4,3,2,0,2024-09-27,396.85,217082.0
196,122207,150636.4,0.0,0,16553.4,11184,hu,HUF,2024-12-06,2024-12-08,3,2,2,3,2024-09-27,396.85,129083.0
197,122230,280197.5,0.0,0,56039.5,11181,hu,HUF,2024-09-29,2024-10-02,4,3,4,0,2024-09-27,396.85,224158.0
198,122250,184027.5,0.0,0,36805.5,11181,hu,HUF,2024-09-29,2024-10-01,3,2,4,0,2024-09-27,396.85,147222.0
199,122983,228282.0,0.0,0,0.0,11884,hu,HUF,2024-11-02,2024-11-03,2,1,4,0,2024-09-28,396.85,228282.0
200,123171,274005.4,0.0,0,30110.4,11993,hu,HUF,2024-10-19,2024-10-23,5,4,2,0,2024-09-28,396.85,238895.0
201,123185,201960.0,0.0,0,20196.0,12016,hu,HUF,2024-10-23,2024-10-25,3,2,2,1,2024-09-28,396.85,176764.0
202,123192,250614.0,0.0,0,0.0,12020,hu,HUF,2024-10-03,2024-10-06,4,3,2,0,2024-09-28,396.85,250614.0
203,123186,320075.6,0.0,0,32007.6,12006,hu,HUF,2024-11-15,2024-11-17,3,2,2,2,2024-09-28,396.85,241758.0
204,123195,325020.2,0.0,0,48753.0,12024,en,EUR,2024-09-29,2024-10-04,6,5,2,0,2024-09-28,396.85,201814.1
205,123211,217260.0,0.0,0,21726.0,12028,hu,HUF,2024-11-15,2024-11-17,3,2,2,2,2024-09-28,396.85,173684.0
206,123243,372721.5,0.0,0,37272.2,12046,en,EUR,2024-10-06,2024-10-11,6,5,2,0,2024-09-28,396.85,335449.4
207,123279,199850.7,0.0,0,21961.7,12063,hu,HUF,2024-10-20,2024-10-23,4,3,2,0,2024-09-28,396.85,172889.0
208,123888,374544.4,0.0,0,37454.4,12617,hu,HUF,2024-10-28,2024-10-30,3,2,3,2,2024-09-28,396.85,337090.0
209,123886,293644.4,0.0,0,29364.4,12337,hu,HUF,2024-10-04,2024-10-09,6,5,2,0,2024-09-28,396.85,259280.0
210,124145,110417.7,0.0,0,16562.7,12807,hu,HUF,2025-05-28,2025-05-30,3,2,2,0,2024-09-29,396.85,93855.0
211,124155,149940.0,0.0,0,0.0,12816,en,HUF,2024-10-11,2024-10-13,3,2,2,1,2024-09-29,396.85,149940.0
212,124226,211032.2,0.0,0,21103.2,12850,hu,HUF,2025-01-03,2025-01-06,4,3,2,2,2024-09-29,396.85,189929.0
213,124246,185760.0,0.0,0,18576.0,12867,hu,HUF,2025-01-03,2025-01-06,4,3,2,0,2024-09-29,396.85,161184.0
214,124253,211032.2,0.0,0,21103.2,12850,hu,HUF,2025-01-03,2025-01-06,4,3,2,2,2024-09-29,396.85,183429.0
215,124269,591287.8,0.0,0,59128.8,12860,hu,HUF,2024-12-25,2024-12-30,6,5,2,1,2024-09-29,396.85,486770.0
216,124283,209536.8,0.0,0,0.0,12877,hu,EUR,2025-03-20,2025-03-24,5,4,2,0,2024-09-29,396.85,209536.8
217,124303,184824.4,0.0,0,18482.4,12885,hu,HUF,2024-10-05,2024-10-07,3,2,2,2,2024-09-29,396.85,166342.0
218,124319,303590.2,0.0,0,0.0,12882,de,EUR,2024-11-14,2024-11-17,4,3,2,2,2024-09-29,396.85,303590.2
219,124413,124235.6,0.0,0,12423.6,12939,hu,HUF,2024-11-29,2024-12-01,3,2,2,0,2024-09-29,396.85,111812.0
220,124416,405862.5,0.0,0,66535.9,12947,de,EUR,2024-10-30,2024-11-01,3,2,3,2,2024-09-29,396.85,248205.9
221,124428,169760.5,0.0,0,27831.1,12947,de,EUR,2024-10-30,2024-11-01,3,2,2,2,2024-09-29,396.85,141929.4
222,124454,159120.0,0.0,0,15912.0,12970,hu,HUF,2024-10-04,2024-10-06,3,2,2,0,2024-09-29,396.85,138208.0
223,124463,90412.2,0.0,0,9041.2,12976,hu,HUF,2024-10-05,2024-10-06,2,1,2,0,2024-09-29,396.85,76371.0
224,124528,282960.0,0.0,0,28296.0,13005,hu,HUF,2025-01-03,2025-01-06,4,3,2,3,2024-09-29,396.85,248664.0
225,124551,222768.0,0.0,0,24480.0,13018,hu,HUF,2024-10-24,2024-10-27,4,3,2,2,2024-09-29,396.85,171273.0
226,124840,347442.2,0.0,0,34744.2,13038,de,EUR,2024-10-23,2024-10-27,5,4,2,0,2024-09-29,396.85,312698.0
227,125086,459000.0,0.0,0,0.0,13483,hu,HUF,2025-01-02,2025-01-05,4,3,4,1,2024-09-30,397.56,459000.0
228,125158,113363.2,0.0,0,0.0,13514,en,HUF,2024-10-05,2024-10-06,2,1,2,1,2024-09-30,397.56,113363.2
229,125206,116179.0,0.0,0,0.0,13538,de,EUR,2024-12-20,2024-12-22,3,2,2,0,2024-09-30,397.56,116179.0
230,125253,209915.6,0.0,0,20991.6,13570,hu,HUF,2024-12-13,2024-12-15,3,2,3,2,2024-09-30,397.56,183924.0
231,125302,179927.8,0.0,0,17992.8,13604,hu,HUF,2025-02-28,2025-03-03,4,3,2,0,2024-09-30,397.56,145737.0
232,125342,170166.7,0.0,0,18699.7,13623,hu,HUF,2024-11-05,2024-11-08,4,3,2,0,2024-09-30,397.56,151467.0
233,125346,240603.3,0.0,0,24060.3,13627,de,EUR,2024-10-04,2024-10-06,3,2,2,1,2024-09-30,397.56,216543.0
234,125361,145145.2,0.0,0,15950.1,13639,de,EUR,2024-10-28,2024-10-30,3,2,1,2,2024-09-30,397.56,123728.6
235,125432,280081.1,0.0,0,28008.1,13674,hu,HUF,2024-12-24,2024-12-27,4,3,2,0,2024-09-30,397.56,252073.0
236,125889,251727.4,0.0,0,27662.4,14095,hu,HUF,2024-12-06,2024-12-08,3,2,4,2,2024-10-01,397.29,224065.0
237,125907,329377.8,0.0,0,32937.8,14104,hu,HUF,2024-12-26,2024-12-29,4,3,2,3,2024-10-01,397.29,291440.0
238,125908,279805.6,0.0,0,27980.6,14105,hu,HUF,2024-12-26,2024-12-29,4,3,2,2,2024-10-01,397.29,246825.0
239,125967,469000.8,0.0,0,0.0,14140,de,EUR,2024-11-05,2024-11-12,8,7,2,0,2024-10-01,397.29,469000.8
240,125974,145046.6,0.0,0,15939.3,14143,de,EUR,2024-10-28,2024-10-30,3,2,1,2,2024-10-01,397.29,129107.3
241,126000,140760.0,0.0,0,0.0,14154,hu,HUF,2024-10-11,2024-10-13,3,2,2,0,2024-10-01,397.29,140760.0
242,126036,361331.3,5840.2,0,0.0,14171,de,EUR,2024-10-28,2024-11-01,5,4,1,1,2024-10-01,397.29,367171.4
243,126045,161507.0,0.0,0,17748.0,14174,hu,HUF,2024-10-23,2024-10-25,3,2,2,1,2024-10-01,397.29,138759.0
244,126102,195840.0,0.0,0,19584.0,14196,hu,HUF,2025-01-02,2025-01-04,3,2,4,1,2024-10-01,397.29,171256.0
245,126104,225584.0,11900.0,0,0.0,14207,hu,HUF,2024-10-07,2024-10-10,4,3,2,0,2024-10-01,397.29,237484.0
246,126112,302518.9,0.0,0,33243.9,14214,hu,HUF,2024-12-18,2024-12-20,3,2,6,1,2024-10-01,397.29,269275.0
247,126110,215116.6,0.0,0,21513.3,14211,hu,EUR,2024-10-12,2024-10-15,4,3,2,0,2024-10-01,397.29,188637.3
248,126127,178303.8,0.0,0,17830.4,14220,de,EUR,2025-02-15,2025-02-18,4,3,2,0,2024-10-01,397.29,160473.4
249,126143,279322.7,0.0,0,30694.6,14227,de,EUR,2024-10-25,2024-10-27,3,2,3,0,2024-10-01,397.29,248628.1
250,126181,170417.2,0.0,0,18727.2,14257,hu,HUF,2024-11-01,2024-11-03,3,2,2,1,2024-10-01,397.29,146290.0
251,126195,147274.6,0.0,0,24143.0,14255,hu,HUF,2024-11-29,2024-12-01,3,2,2,1,2024-10-01,397.29,109870.6
252,126200,147275.5,0.0,0,24143.5,14255,hu,HUF,2024-11-29,2024-12-01,3,2,2,1,2024-10-01,397.29,123132.0
253,126218,173196.5,0.0,0,25979.5,14255,hu,HUF,2024-11-29,2024-12-01,3,2,2,3,2024-10-01,397.29,147217.0
254,126222,158474.5,0.0,0,25979.5,14255,hu,HUF,2024-11-29,2024-12-01,3,2,2,1,2024-10-01,397.29,132495.0
255,126219,359813.6,0.0,0,35982.6,14275,de,EUR,2024-10-29,2024-11-01,4,3,2,1,2024-10-01,397.29,318865.0
256,126229,147275.5,0.0,0,24143.5,14255,hu,HUF,2024-11-29,2024-12-01,3,2,2,1,2024-10-01,397.29,123132.0
257,126244,198287.8,0.0,0,19828.8,14286,hu,HUF,2024-10-02,2024-10-05,4,3,2,0,2024-10-01,397.29,178459.0
258,126273,195840.0,0.0,0,39168.0,14311,hu,HUF,2024-10-18,2024-10-20,3,2,2,2,2024-10-01,397.29,156672.0
259,126272,195951.4,0.0,0,0.0,14310,de,EUR,2024-11-15,2024-11-17,3,2,2,0,2024-10-01,397.29,195951.4
260,126277,176255.6,0.0,0,17625.6,14309,hu,HUF,2024-10-04,2024-10-06,3,2,2,0,2024-10-01,397.29,143860.0
261,126291,304560.0,8700.0,0,45684.0,14321,en,HUF,2024-11-10,2024-11-15,6,5,2,0,2024-10-01,397.29,267576.0
262,126314,153612.2,0.0,0,15361.2,14332,hu,HUF,2024-10-05,2024-10-07,3,2,2,0,2024-10-01,397.29,133251.0
263,126318,229110.0,0.0,0,22911.0,14335,hu,HUF,2024-10-19,2024-10-24,6,5,1,1,2024-10-01,397.29,157163.0
264,126323,185435.6,0.0,0,18543.6,14341,hu,HUF,2025-02-01,2025-02-04,4,3,2,0,2024-10-01,397.29,166892.0
265,126345,374544.4,0.0,0,37454.4,14323,hu,HUF,2025-01-01,2025-01-05,5,4,2,1,2024-10-01,397.29,337090.0
266,126456,170417.2,0.0,0,18727.2,14419,hu,HUF,2024-10-28,2024-10-30,3,2,2,0,2024-10-01,397.29,146690.0
267,126724,141372.2,0.0,0,14137.2,14675,hu,HUF,2024-11-29,2024-12-01,3,2,2,2,2024-10-01,397.29,110050.0
268,126907,200794.1,0.0,0,20078.6,14824,de,EUR,2024-11-15,2024-11-17,3,2,2,0,2024-10-02,398.86,180715.5
269,126927,576576.5,0.0,0,86486.5,14839,hu,HUF,2024-10-13,2024-10-20,8,7,2,0,2024-10-02,398.86,468454.0
270,126937,160022.6,0.0,0,16002.3,14847,en,EUR,2024-10-11,2024-10-13,3,2,2,0,2024-10-02,398.86,138635.8
271,126949,352592.2,0.0,0,0.0,14852,de,EUR,2025-01-01,2025-01-05,5,4,2,1,2024-10-02,398.86,352592.2
272,126996,187722.9,0.0,0,20628.9,14871,hu,HUF,2024-12-08,2024-12-11,4,3,2,0,2024-10-02,398.86,167094.0
273,127026,259697.7,0.0,0,25969.8,14907,en,EUR,2024-10-08,2024-10-11,4,3,2,0,2024-10-02,398.86,233728.0
274,127065,328182.0,0.0,0,0.0,14927,de,EUR,2024-10-06,2024-10-11,6,5,1,0,2024-10-02,398.86,328182.0
275,127100,159279.2,0.0,0,17503.2,14957,hu,HUF,2024-10-18,2024-10-20,3,2,2,0,2024-10-02,398.86,136776.0
276,127112,280907.8,0.0,0,28090.8,14962,hu,HUF,2024-10-27,2024-10-30,4,3,2,0,2024-10-02,398.86,252817.0
277,127124,83401.6,0.0,0,0.0,14973,en,EUR,2024-10-08,2024-10-09,2,1,2,0,2024-10-02,398.86,83401.6
278,127225,144799.0,0.0,0,15912.0,15019,hu,HUF,2024-10-18,2024-10-20,3,2,2,0,2024-10-02,398.86,128887.0
279,127231,229228.0,0.0,0,25190.0,15028,hu,HUF,2024-12-06,2024-12-08,3,2,4,0,2024-10-02,398.86,199038.0
280,127281,220320.0,0.0,0,22032.0,15055,hu,HUF,2024-10-12,2024-10-15,4,3,2,0,2024-10-02,398.86,193288.0
281,127314,545566.0,0.0,0,0.0,15073,hu,HUF,2024-12-23,2024-12-27,5,4,3,0,2024-10-02,398.86,545566.0
282,127325,112455.6,0.0,0,11245.6,15081,hu,HUF,2024-10-04,2024-10-06,3,2,1,1,2024-10-02,398.86,101210.0
283,127328,503430.0,0.0,0,0.0,15073,hu,HUF,2024-12-23,2024-12-26,4,3,4,0,2024-10-02,398.86,503430.0
284,127326,329697.4,0.0,0,36230.4,15065,hu,HUF,2024-10-28,2024-11-01,5,4,2,0,2024-10-02,398.86,293467.0
285,127356,340797.5,0.0,0,74086.5,15093,hu,HUF,2024-11-10,2024-11-14,5,4,4,0,2024-10-02,398.86,251989.0
286,127375,198333.1,0.0,0,0.0,15118,de,EUR,2024-10-29,2024-10-31,3,2,2,2,2024-10-02,398.86,198333.1
287,127408,113355.6,0.0,0,11335.6,15146,hu,HUF,2024-11-03,2024-11-05,3,2,2,0,2024-10-02,398.86,97020.0
288,127671,104082.5,0.0,0,0.0,15161,de,EUR,2024-10-05,2024-10-06,2,1,2,0,2024-10-02,398.86,104082.5
289,127691,449451.8,0.0,0,67417.8,15415,hu,HUF,2024-12-24,2024-12-28,5,4,2,0,2024-10-02,398.86,341717.0
290,127893,229500.0,0.0,0,0.0,15598,hu,HUF,2025-01-03,2025-01-06,4,3,2,0,2024-10-03,400.07,229500.0
291,127919,264046.2,0.0,0,26404.6,15608,de,EUR,2025-02-18,2025-02-23,6,5,2,0,2024-10-03,400.07,194374.0
292,127941,272047.6,0.0,0,27204.8,15628,de,EUR,2024-10-28,2024-10-30,3,2,2,2,2024-10-03,400.07,244842.8
293,127969,164334.1,0.0,0,24650.1,15646,hu,HUF,2024-11-08,2024-11-10,3,2,2,0,2024-10-03,400.07,129045.0
294,127966,373680.0,0.0,0,56052.0,15647,hu,HUF,2024-11-10,2024-11-16,7,6,2,0,2024-10-03,400.07,290082.0
295,127980,422473.9,0.0,0,63371.1,15619,de,EUR,2025-01-12,2025-01-16,5,4,4,0,2024-10-03,400.07,359102.8
296,128011,146536.7,0.0,0,14653.7,15665,hu,HUF,2024-10-05,2024-10-06,2,1,3,2,2024-10-03,400.07,126883.0
297,128137,202500.0,0.0,0,20250.0,15734,hu,HUF,2024-12-03,2024-12-07,5,4,2,0,2024-10-03,400.07,165153.0
298,128204,309672.2,0.0,0,30967.2,15774,hu,HUF,2024-10-08,2024-10-12,5,4,2,0,2024-10-03,400.07,278705.0
299,128321,146880.0,0.0,0,14688.0,15848,hu,HUF,2024-11-22,2024-11-24,3,2,2,0,2024-10-03,400.07,119627.0
300,128345,183600.0,0.0,0,18360.0,15867,hu,HUF,2024-12-06,2024-12-09,4,3,2,0,2024-10-03,400.07,137931.0
301,128398,145137.4,0.0,0,0.0,15903,en,EUR,2024-10-06,2024-10-08,3,2,2,0,2024-10-03,400.07,145137.4
302,128678,310760.6,0.0,0,34149.6,16172,hu,HUF,2024-11-08,2024-11-10,3,2,3,2,2024-10-03,400.07,219096.0
303,128839,453611.4,0.0,0,49847.4,16308,hu,HUF,2024-10-25,2024-10-28,4,3,2,2,2024-10-04,401.71,403764.0
304,128883,574540.9,0.0,0,94186.9,16327,hu,HUF,2024-10-25,2024-10-28,4,3,4,2,2024-10-04,401.71,480354.0
305,128951,355111.6,0.0,0,0.0,16376,de,EUR,2024-11-15,2024-11-17,3,2,4,0,2024-10-04,401.71,355111.6
306,128927,391680.0,0.0,0,39168.0,16360,hu,HUF,2024-10-30,2024-11-01,3,2,2,3,2024-10-04,401.71,352512.0
307,128980,134395.0,0.0,0,22032.0,16386,hu,HUF,2024-11-29,2024-12-01,3,2,2,0,2024-10-04,401.71,112363.0
308,128995,218530.2,0.0,0,0.0,16406,de,EUR,2024-10-30,2024-11-01,3,2,2,2,2024-10-04,401.71,218530.2
309,129049,102583.3,0.0,0,10258.3,16427,hu,HUF,2024-10-05,2024-10-06,2,1,2,0,2024-10-04,401.71,72412.0
310,129065,198869.4,0.0,0,29830.4,16438,hu,HUF,2024-10-06,2024-10-09,4,3,2,0,2024-10-04,401.71,151092.0
311,129165,438156.1,0.0,0,48149.1,16513,hu,HUF,2024-10-29,2024-11-01,4,3,3,0,2024-10-04,401.71,375075.0
312,129168,330527.0,46598.4,0,0.0,16516,de,EUR,2025-03-07,2025-03-09,3,2,5,0,2024-10-04,401.71,377125.3
313,129229,172868.6,0.0,0,18996.6,16558,hu,HUF,2024-10-20,2024-10-23,4,3,2,0,2024-10-04,401.71,148872.0
314,129257,105987.2,0.0,0,15899.7,16573,en,EUR,2024-10-15,2024-10-17,3,2,1,0,2024-10-04,401.71,90087.5
315,129706,148873.7,0.0,0,0.0,16995,de,EUR,2024-11-03,2024-11-05,3,2,2,1,2024-10-05,401.71,148873.7
316,129777,180175.0,0.0,0,18016.7,17027,de,EUR,2024-11-03,2024-11-05,3,2,2,1,2024-10-05,401.71,162158.3
317,129790,68155.6,0.0,0,6815.6,17034,hu,HUF,2024-12-21,2024-12-22,2,1,2,0,2024-10-05,401.71,54606.0
318,129793,138534.6,0.0,0,15223.6,17029,hu,HUF,2024-11-15,2024-11-17,3,2,1,1,2024-10-05,401.71,123311.0
319,129802,102334.6,0.0,0,11245.6,17029,hu,HUF,2024-11-15,2024-11-17,3,2,1,1,2024-10-05,401.71,91089.0
320,129804,76706.7,0.0,0,7670.7,17042,hu,HUF,2024-10-05,2024-10-06,2,1,1,0,2024-10-05,401.71,64036.0
321,129807,107712.0,3500.0,0,0.0,17043,hu,HUF,2025-03-21,2025-03-23,3,2,2,0,2024-10-05,401.71,111212.0
322,129826,126136.9,0.0,0,12613.7,17050,de,EUR,2024-10-05,2024-10-06,2,1,2,0,2024-10-05,401.71,113523.2
323,129827,107712.2,14400.0,100000,10771.2,17053,hu,HUF,2025-01-10,2025-01-12,3,2,2,0,2024-10-05,401.71,11341.0
324,129836,260527.8,26400.0,0,26052.8,17057,hu,HUF,2024-12-24,2024-12-27,4,3,2,0,2024-10-05,401.71,260875.0
325,129890,144432.2,0.0,0,14443.2,17091,hu,HUF,2024-12-06,2024-12-08,3,2,2,2,2024-10-05,401.71,129989.0
326,129971,424205.8,0.0,0,42420.6,17143,en,EUR,2025-02-23,2025-02-27,5,4,4,0,2024-10-05,401.71,381785.2
327,130002,198720.0,0.0,0,19872.0,17162,hu,HUF,2024-10-13,2024-10-16,4,3,2,0,2024-10-05,401.71,173848.0
328,130035,177555.8,0.0,0,17755.6,17184,de,EUR,2025-01-03,2025-01-05,3,2,2,1,2024-10-05,401.71,159800.2
329,130070,278409.1,0.0,0,0.0,17209,de,EUR,2024-11-22,2024-11-24,3,2,2,2,2024-10-05,401.71,278409.1
330,130069,179927.8,0.0,0,17992.8,17208,hu,HUF,2025-01-30,2025-02-02,4,3,2,1,2024-10-05,401.71,156935.0
331,130088,216647.8,0.0,0,21664.8,17208,hu,HUF,2025-01-30,2025-02-02,4,3,2,2,2024-10-05,401.71,189983.0
332,130082,244800.0,0.0,0,24480.0,17215,hu,HUF,2025-01-02,2025-01-04,3,2,4,0,2024-10-05,401.71,220320.0
333,130113,343331.8,0.0,0,51499.8,17238,hu,HUF,2024-12-27,2024-12-30,4,3,2,3,2024-10-05,401.71,221832.0
334,130110,180175.0,0.0,0,18016.7,17236,de,EUR,2024-11-10,2024-11-12,3,2,2,1,2024-10-05,401.71,162158.3
335,130413,184292.2,0.0,0,18429.2,17513,hu,HUF,2024-10-11,2024-10-13,3,2,2,0,2024-10-05,401.71,160863.0
336,130417,251872.2,0.0,0,0.0,17516,de,EUR,2024-11-03,2024-11-07,5,4,1,0,2024-10-05,401.71,251872.2
337,130434,208854.4,0.0,0,20885.4,17515,hu,HUF,2024-10-20,2024-10-23,4,3,2,0,2024-10-05,401.71,182969.0
338,130590,122290.0,0.0,0,12229.0,17665,hu,HUF,2024-11-17,2024-11-19,3,2,2,0,2024-10-06,401.71,110061.0
339,130650,321407.8,0.0,0,32140.8,17697,hu,HUF,2024-10-21,2024-10-26,6,5,2,0,2024-10-06,401.71,289267.0
340,130667,701169.0,0.0,0,0.0,17700,hu,HUF,2024-11-29,2024-12-01,3,2,10,2,2024-10-06,401.71,701169.0
341,130668,195448.0,0.0,0,0.0,17705,de,EUR,2024-11-20,2024-11-23,4,3,2,0,2024-10-06,401.71,195448.0
342,130664,308875.6,0.0,0,30887.6,17706,hu,HUF,2024-10-24,2024-10-27,4,3,2,2,2024-10-06,401.71,272988.0
343,130749,332133.8,0.0,0,33181.2,17769,de,EUR,2025-04-15,2025-04-22,8,7,2,0,2024-10-06,401.71,263839.1
344,130765,171360.0,0.0,0,17136.0,17777,hu,HUF,2024-11-30,2024-12-02,3,2,2,2,2024-10-06,401.71,149124.0
345,130847,154823.6,16700.0,0,17013.6,17826,hu,HUF,2024-10-25,2024-10-27,3,2,2,0,2024-10-06,401.71,154510.0
346,130926,231385.0,0.0,0,23138.5,17876,hu,EUR,2024-11-18,2024-11-22,5,4,2,0,2024-10-06,401.71,152578.5
347,130946,697311.1,6000.0,0,69731.1,17895,hu,HUF,2024-12-24,2024-12-28,5,4,4,0,2024-10-06,401.71,524627.0
348,130987,140760.0,0.0,0,14076.0,17930,hu,HUF,2024-12-06,2024-12-08,3,2,2,0,2024-10-06,401.71,121684.0
349,131109,159120.0,10000.0,0,0.0,17998,hu,HUF,2024-10-11,2024-10-13,3,2,2,0,2024-10-06,401.71,169120.0
350,131108,616437.0,0.0,0,0.0,17997,hu,HUF,2024-12-27,2024-12-29,3,2,5,2,2024-10-06,401.71,593015.0
351,131114,486540.0,0.0,0,48654.0,17989,hu,HUF,2024-11-22,2024-11-25,4,3,4,0,2024-10-06,401.71,432886.0
352,131161,207360.0,0.0,0,20736.0,18032,hu,HUF,2024-11-18,2024-11-22,5,4,2,0,2024-10-06,401.71,186624.0
353,131444,413359.6,18157.3,0,41336.0,18298,de,EUR,2025-02-02,2025-02-09,8,7,2,0,2024-10-06,401.71,390180.9
354,131665,495717.8,0.0,0,49571.8,18490,hu,HUF,2024-12-23,2024-12-26,4,3,3,1,2024-10-07,401.5,441146.0
355,131648,211281.2,0.0,0,34636.2,18477,hu,HUF,2024-11-08,2024-11-11,4,3,2,0,2024-10-07,401.5,123652.0
356,131672,253980.0,0.0,0,25398.0,18495,hu,HUF,2024-12-24,2024-12-26,3,2,4,0,2024-10-07,401.5,228582.0
357,131683,104040.0,0.0,0,10404.0,18502,hu,HUF,2025-01-01,2025-01-03,3,2,1,1,2024-10-07,401.5,88636.0
358,131685,104040.0,0.0,0,10404.0,18504,hu,HUF,2025-01-01,2025-01-03,3,2,1,1,2024-10-07,401.5,88436.0
359,131705,132743.0,0.0,0,0.0,18513,hu,HUF,2024-11-09,2024-11-11,3,2,2,0,2024-10-07,401.5,132743.0
360,131767,87337.6,3500.0,0,9597.6,18549,hu,HUF,2024-11-16,2024-11-17,2,1,2,0,2024-10-07,401.5,75840.0
361,131785,222480.0,0.0,0,22248.0,18572,hu,HUF,2024-11-17,2024-11-21,5,4,2,0,2024-10-07,401.5,181791.0
362,131786,534276.7,0.0,0,53427.7,18573,hu,HUF,2024-10-18,2024-10-20,3,2,6,0,2024-10-07,401.5,480849.0
363,131915,188495.6,0.0,0,18849.6,18675,hu,HUF,2024-11-28,2024-12-01,4,3,2,0,2024-10-07,401.5,164146.0
364,131929,262733.6,0.0,0,28871.9,18592,en,EUR,2024-10-25,2024-10-28,4,3,2,0,2024-10-07,401.5,233861.7
365,131921,235620.0,0.0,0,0.0,18673,hu,HUF,2024-10-18,2024-10-20,3,2,2,1,2024-10-07,401.5,235620.0
366,131956,348840.0,0.0,0,52326.0,18696,hu,HUF,2025-01-02,2025-01-05,4,3,2,2,2024-10-07,401.5,270299.0
367,131985,330480.0,0.0,0,33048.0,18715,hu,HUF,2024-12-23,2024-12-26,4,3,2,2,2024-10-07,401.5,273432.0
368,132083,122076.5,0.0,0,20012.5,18779,hu,HUF,2024-12-20,2024-12-22,3,2,2,0,2024-10-07,401.5,102064.0
369,132067,170806.1,0.0,0,18770.1,18766,de,EUR,2024-10-29,2024-10-31,3,2,2,0,2024-10-07,401.5,146716.1
370,132124,89076.8,0.0,0,8909.3,18806,en,EUR,2024-10-08,2024-10-09,2,1,2,0,2024-10-07,401.5,71338.5
371,132128,272481.2,0.0,0,40872.2,18809,hu,HUF,2024-11-18,2024-11-21,4,3,4,0,2024-10-07,401.5,231609.0
372,132201,248175.2,0.0,0,0.0,18841,de,EUR,2024-11-14,2024-11-17,4,3,2,0,2024-10-07,401.5,248175.2
373,132649,122076.5,0.0,0,20012.5,19247,hu,HUF,2024-12-20,2024-12-22,3,2,2,0,2024-10-08,401.1,102064.0
374,132659,389055.0,0.0,0,42753.2,19255,en,EUR,2024-10-31,2024-11-03,4,3,3,0,2024-10-08,401.1,341288.0
375,132687,101082.2,0.0,0,10108.2,19267,hu,HUF,2024-10-21,2024-10-23,3,2,1,2,2024-10-08,401.1,85974.0
376,132737,259978.0,0.0,0,0.0,19302,hu,HUF,2024-10-25,2024-10-27,3,2,3,1,2024-10-08,401.1,259978.0
377,132733,173807.8,0.0,0,17380.8,19292,hu,HUF,2025-01-17,2025-01-19,3,2,2,1,2024-10-08,401.1,156427.0
378,132750,266585.9,0.0,0,39987.9,19304,hu,HUF,2024-12-24,2024-12-27,4,3,2,0,2024-10-08,401.1,226598.0
379,132747,173307.3,5896.2,0,19044.2,19309,de,EUR,2024-10-30,2024-11-01,3,2,2,0,2024-10-08,401.1,155145.5
380,132869,321964.8,0.0,0,35380.8,19384,hu,HUF,2024-11-12,2024-11-14,3,2,6,1,2024-10-08,401.1,286584.0
381,132928,495720.0,0.0,0,49572.0,19419,hu,HUF,2024-12-23,2024-12-26,4,3,4,0,2024-10-08,401.1,446148.0
382,133011,272520.0,0.0,0,0.0,19481,hu,HUF,2025-01-02,2025-01-06,5,4,2,0,2024-10-08,401.1,272520.0
383,133036,257580.0,0.0,0,25758.0,19501,hu,HUF,2024-11-03,2024-11-08,6,5,2,0,2024-10-08,401.1,231822.0
384,133071,122076.5,0.0,0,20012.5,19528,hu,HUF,2024-12-20,2024-12-22,3,2,2,0,2024-10-08,401.1,102064.0
385,133115,122076.5,0.0,0,20012.5,19557,hu,HUF,2024-12-20,2024-12-22,3,2,2,0,2024-10-08,401.1,102064.0
386,133135,231120.0,0.0,0,34668.0,19550,hu,HUF,2024-11-10,2024-11-14,5,4,2,0,2024-10-08,401.1,152869.0
387,133142,126072.2,0.0,0,12607.2,19569,hu,HUF,2024-11-17,2024-11-19,3,2,2,0,2024-10-08,401.1,90564.0
388,133226,156672.2,0.0,0,15667.2,19625,hu,HUF,2025-01-24,2025-01-26,3,2,2,2,2024-10-08,401.1,141005.0
389,133515,165091.0,0.0,0,0.0,19894,hu,HUF,2024-11-17,2024-11-20,4,3,2,0,2024-10-08,401.1,165091.0
390,133711,183167.8,0.0,0,18316.8,20057,hu,HUF,2024-10-14,2024-10-17,4,3,2,0,2024-10-09,399.97,134426.0
391,133733,351521.6,0.0,0,57627.7,20062,de,EUR,2024-10-27,2024-10-31,5,4,2,0,2024-10-09,399.97,293894.0
392,133738,286178.5,0.0,0,28617.9,20073,de,EUR,2024-11-03,2024-11-08,6,5,2,0,2024-10-09,399.97,184794.1
393,133771,87843.0,0.0,0,0.0,20089,hu,HUF,2024-10-09,2024-10-10,2,1,1,1,2024-10-09,399.97,87843.0
394,133774,178878.6,0.0,0,19658.5,20091,de,EUR,2024-11-08,2024-11-10,3,2,2,0,2024-10-09,399.97,154220.4
395,133793,190412.2,0.0,0,19041.2,20093,hu,HUF,2024-11-08,2024-11-10,3,2,2,0,2024-10-09,399.97,166371.0
396,133856,115154.4,0.0,0,11515.4,20145,hu,HUF,2024-11-04,2024-11-06,3,2,2,0,2024-10-09,399.97,98639.0
397,133855,316776.2,0.0,0,31677.6,20147,en,EUR,2025-03-09,2025-03-15,7,6,2,0,2024-10-09,399.97,285098.6
398,133872,126445.0,0.0,0,0.0,20157,de,HUF,2024-10-15,2024-10-17,3,2,2,0,2024-10-09,399.97,126445.0
399,133896,1224000.0,0.0,0,0.0,20141,hu,HUF,2024-12-25,2024-12-27,3,2,12,2,2024-10-09,399.97,1192546.0
400,133942,247247.1,0.0,0,37087.1,20194,hu,HUF,2025-01-25,2025-01-27,3,2,4,0,2024-10-09,399.97,192692.0
401,133954,347616.5,0.0,0,52142.5,20197,hu,HUF,2024-12-27,2024-12-30,4,3,2,3,2024-10-09,399.97,249039.0
402,133999,335987.8,0.0,0,33598.8,20225,hu,HUF,2024-12-23,2024-12-27,5,4,2,0,2024-10-09,399.97,302389.0
403,134127,113832.2,0.0,0,11383.2,20296,hu,HUF,2025-05-09,2025-05-11,3,2,2,0,2024-10-09,399.97,102449.0
404,134173,335987.8,0.0,0,33598.8,20337,hu,HUF,2024-12-23,2024-12-27,5,4,2,0,2024-10-09,399.97,297389.0
405,134192,290700.0,16200.0,0,29070.0,20341,hu,HUF,2024-10-23,2024-10-26,4,3,2,2,2024-10-09,399.97,272330.0
406,134329,257040.0,0.0,0,0.0,20432,hu,HUF,2024-12-06,2024-12-08,3,2,4,0,2024-10-09,399.97,257040.0
407,134348,165852.2,0.0,0,16585.2,20440,hu,HUF,2024-11-15,2024-11-17,3,2,2,0,2024-10-09,399.97,149267.0
408,134369,330480.0,5950.0,0,0.0,20447,hu,HUF,2024-10-25,2024-10-27,3,2,4,0,2024-10-09,399.97,336430.0
409,134358,359501.0,0.0,0,0.0,20445,de,EUR,2024-11-17,2024-11-20,4,3,4,0,2024-10-09,399.97,359501.0
410,134403,170155.2,0.0,0,18698.6,20464,de,EUR,2024-10-29,2024-10-31,3,2,2,0,2024-10-09,399.97,151456.6
411,134426,620640.0,0.0,0,62064.0,20461,hu,HUF,2025-01-02,2025-01-07,6,5,2,2,2024-10-09,399.97,558576.0
412,134463,289294.2,0.0,0,19951.2,20476,hu,HUF,2024-12-25,2024-12-27,3,2,2,2,2024-10-09,399.97,264343.0
413,134727,340119.0,0.0,0,26163.0,20746,hu,HUF,2024-12-24,2024-12-27,4,3,2,0,2024-10-09,399.97,271787.0
414,134752,359672.2,0.0,0,35967.2,20486,hu,HUF,2024-12-24,2024-12-27,4,3,2,1,2024-10-09,399.97,318405.0
415,134821,474264.4,0.0,0,47426.4,20813,hu,HUF,2024-10-18,2024-10-20,3,2,6,0,2024-10-09,399.97,426838.0
416,134892,170604.4,0.0,0,17060.4,20774,hu,HUF,2024-11-08,2024-11-10,3,2,2,2,2024-10-09,399.97,148544.0
417,134903,176400.0,0.0,0,17640.0,20823,hu,HUF,2024-11-08,2024-11-10,3,2,2,2,2024-10-09,399.97,153760.0
418,134879,310463.5,0.0,0,46569.5,20777,hu,HUF,2024-10-11,2024-10-13,3,2,4,0,2024-10-09,399.97,263894.0
419,134917,273167.1,0.0,0,40975.1,20777,hu,HUF,2024-10-11,2024-10-13,3,2,4,0,2024-10-09,399.97,232192.0
420,134920,113223.0,0.0,0,0.0,20890,hu,HUF,2024-10-28,2024-10-29,2,1,2,0,2024-10-09,399.97,113223.0
421,134924,294336.7,0.0,0,29433.7,20890,hu,HUF,2025-01-17,2025-01-19,3,2,5,2,2024-10-09,399.97,259903.0
422,134959,77213.3,0.0,0,7721.3,20894,hu,HUF,2025-01-25,2025-01-26,2,1,2,2,2024-10-10,400.23,48645.0
423,134993,88704.4,0.0,0,8870.4,20903,hu,HUF,2025-01-20,2025-01-22,3,2,2,0,2024-10-10,400.23,74834.0
424,134996,181440.0,0.0,0,18144.0,20898,hu,HUF,2024-12-01,2024-12-05,5,4,2,0,2024-10-10,400.23,158296.0
425,134997,133560.0,0.0,0,13356.0,20904,hu,HUF,2024-11-29,2024-12-01,3,2,2,0,2024-10-10,400.23,115204.0
426,135004,335340.0,0.0,0,33534.0,20908,hu,HUF,2024-11-13,2024-11-17,5,4,2,1,2024-10-10,400.23,296806.0
427,135012,333144.4,0.0,0,33314.4,20908,hu,HUF,2024-11-13,2024-11-17,5,4,2,1,2024-10-10,400.23,299830.0
428,135020,88704.0,0.0,0,0.0,20916,hu,HUF,2025-01-20,2025-01-22,3,2,2,0,2024-10-10,400.23,88704.0
429,135021,57275.3,0.0,0,8591.3,20918,hu,HUF,2024-12-05,2024-12-06,2,1,2,1,2024-10-10,400.23,48684.0
430,135043,228212.2,0.0,0,22821.2,20933,hu,HUF,2024-12-13,2024-12-15,3,2,2,2,2024-10-10,400.23,200391.0
431,135055,286535.4,0.0,0,31487.4,20939,hu,HUF,2024-10-27,2024-10-30,4,3,2,2,2024-10-10,400.23,243859.0
432,135063,136080.0,0.0,0,13608.0,20946,hu,HUF,2024-11-08,2024-11-10,3,2,2,0,2024-10-10,400.23,112260.0
433,135084,105840.0,0.0,0,10584.0,20960,hu,HUF,2024-12-06,2024-12-08,3,2,2,0,2024-10-10,400.23,95256.0
434,135109,133055.6,0.0,0,13305.6,20963,hu,HUF,2025-01-23,2025-01-26,4,3,2,0,2024-10-10,400.23,114750.0
435,135198,293760.0,0.0,0,29376.0,20997,hu,HUF,2025-01-02,2025-01-05,4,3,2,2,2024-10-10,400.23,264384.0
436,135215,310463.3,0.0,0,31046.3,20988,hu,HUF,2025-01-24,2025-01-28,5,4,2,1,2024-10-10,400.23,279417.0
437,135219,620640.0,0.0,0,62064.0,21020,hu,HUF,2025-01-02,2025-01-07,6,5,2,2,2024-10-10,400.23,553076.0
438,135206,107855.6,10800.0,0,10785.6,21008,hu,HUF,2024-12-12,2024-12-14,3,2,2,0,2024-10-10,400.23,89101.0
439,135229,165312.2,0.0,0,16531.2,21024,hu,HUF,2024-11-29,2024-12-01,3,2,2,1,2024-10-10,400.23,148781.0
440,135275,266113.3,0.0,0,26611.3,21031,hu,HUF,2025-01-10,2025-01-12,3,2,6,0,2024-10-10,400.23,239502.0
441,135281,282285.6,0.0,0,28228.6,21027,hu,HUF,2024-12-24,2024-12-27,4,3,2,0,2024-10-10,400.23,254057.0
442,135290,76607.8,0.0,0,7660.8,21031,hu,HUF,2025-01-10,2025-01-12,3,2,1,2,2024-10-10,400.23,52875.0
443,135289,266585.6,0.0,0,26658.6,21027,hu,HUF,2024-12-24,2024-12-27,4,3,2,0,2024-10-10,400.23,239927.0
444,135283,105336.0,0.0,0,0.0,21039,hu,HUF,2024-11-27,2024-11-29,3,2,2,0,2024-10-10,400.23,105336.0
445,135240,247829.0,0.0,0,27234.0,21028,hu,HUF,2024-11-21,2024-11-24,4,3,2,1,2024-10-10,400.23,215595.0
446,135313,226800.0,0.0,0,22680.0,21051,hu,HUF,2024-11-08,2024-11-10,3,2,2,2,2024-10-10,400.23,149143.0
447,135326,136584.4,0.0,0,13658.4,21029,hu,HUF,2024-10-11,2024-10-13,3,2,2,0,2024-10-10,400.23,122926.0
448,135348,332640.0,10800.0,0,0.0,21071,hu,HUF,2024-11-14,2024-11-19,6,5,2,0,2024-10-10,400.23,343440.0
449,135357,295168.0,0.0,0,32436.0,21059,hu,HUF,2024-11-15,2024-11-17,3,2,4,0,2024-10-10,400.23,257732.0
450,135383,199988.2,0.0,0,29998.2,21090,hu,HUF,2025-01-10,2025-01-12,3,2,3,1,2024-10-10,400.23,131201.0
451,135355,199987.8,0.0,0,19998.8,21076,hu,HUF,2025-01-10,2025-01-12,3,2,3,1,2024-10-10,400.23,157212.0
452,135413,199988.2,0.0,0,29998.2,21056,hu,HUF,2025-01-10,2025-01-12,3,2,2,2,2024-10-10,400.23,154121.0
453,135461,174585.6,0.0,0,17458.6,21134,hu,HUF,2025-01-10,2025-01-12,3,2,2,2,2024-10-10,400.23,134527.0
454,135455,194737.8,0.0,0,19473.8,21131,hu,HUF,2024-10-15,2024-10-17,3,2,3,0,2024-10-10,400.23,175264.0
455,135394,190080.0,0.0,0,19008.0,21096,hu,HUF,2025-01-05,2025-01-09,5,4,2,0,2024-10-10,400.23,145102.0
456,135479,238680.0,0.0,0,23868.0,21137,hu,HUF,2025-01-02,2025-01-05,4,3,2,1,2024-10-10,400.23,196236.0
457,135482,330480.0,0.0,0,0.0,21143,hu,HUF,2024-11-08,2024-11-10,3,2,4,0,2024-10-10,400.23,330480.0
458,135486,368121.1,0.0,0,36812.1,21119,hu,HUF,2025-01-10,2025-01-12,3,2,6,3,2024-10-10,400.23,326309.0
459,135519,417312.0,0.0,0,0.0,21157,hu,HUF,2024-11-22,2024-11-24,3,2,6,0,2024-10-10,400.23,417312.0
460,135528,176400.0,0.0,0,17640.0,21164,hu,HUF,2024-10-20,2024-10-23,4,3,2,0,2024-10-10,400.23,146833.0
461,135517,98784.4,0.0,0,9878.4,21149,hu,HUF,2025-01-10,2025-01-12,3,2,2,0,2024-10-10,400.23,83906.0
462,135536,148175.6,0.0,0,14817.6,21168,hu,HUF,2025-01-16,2025-01-19,4,3,2,1,2024-10-10,400.23,119823.0
463,135595,160272.0,6000.0,0,0.0,21200,hu,HUF,2024-11-20,2024-11-22,3,2,4,0,2024-10-10,400.23,166272.0
464,135620,121967.8,13200.0,0,12196.8,21210,hu,HUF,2024-11-13,2024-11-15,3,2,2,0,2024-10-10,400.23,122971.0
465,135651,154641.1,0.0,0,15464.1,21233,hu,HUF,2024-10-23,2024-10-24,2,1,4,0,2024-10-10,400.23,139177.0
466,135644,243936.6,0.0,0,24393.6,21230,hu,HUF,2025-01-10,2025-01-12,3,2,5,0,2024-10-10,400.23,214543.0
467,135657,133055.6,0.0,0,13305.6,21232,hu,HUF,2025-01-09,2025-01-12,4,3,2,0,2024-10-10,400.23,114750.0
468,135664,143640.0,0.0,0,14364.0,21224,hu,HUF,2024-11-14,2024-11-16,3,2,2,0,2024-10-10,400.23,129276.0
469,135687,399953.8,0.0,0,39995.0,21249,de,EUR,2025-04-07,2025-04-10,4,3,4,0,2024-10-10,400.23,359958.9
470,135728,85195.6,0.0,0,8519.6,21275,hu,HUF,2024-10-12,2024-10-13,2,1,2,0,2024-10-10,400.23,76676.0
471,135787,121464.4,0.0,0,12146.4,21284,hu,HUF,2024-12-13,2024-12-15,3,2,2,0,2024-10-10,400.23,109318.0
472,135803,186367.1,0.0,0,20479.8,21312,de,EUR,2024-10-29,2024-10-31,3,2,2,0,2024-10-10,400.23,160884.5
473,135813,80183.8,0.0,0,16036.8,21317,hu,HUF,2024-11-09,2024-11-10,2,1,2,0,2024-10-10,400.23,64147.0
474,135819,126000.0,0.0,0,12600.0,21320,hu,HUF,2024-11-30,2024-12-02,3,2,2,0,2024-10-10,400.23,113400.0
475,135833,117432.2,0.0,0,11743.2,21320,hu,HUF,2024-12-14,2024-12-16,3,2,2,0,2024-10-10,400.23,105689.0
476,135877,88704.4,0.0,0,8870.4,21350,hu,HUF,2025-01-17,2025-01-19,3,2,2,0,2024-10-10,400.23,69527.0
477,135915,173880.0,0.0,0,17388.0,21370,hu,HUF,2024-10-11,2024-10-13,3,2,2,1,2024-10-10,400.23,151492.0
478,135899,348184.1,0.0,0,34820.0,21363,de,EUR,2024-10-18,2024-10-21,4,3,2,0,2024-10-10,400.23,313364.1
479,135934,114912.2,0.0,0,11491.2,21372,hu,HUF,2024-11-24,2024-11-26,3,2,2,0,2024-10-10,400.23,103421.0
480,135923,88704.4,0.0,0,8870.4,21378,hu,HUF,2025-01-12,2025-01-14,3,2,2,0,2024-10-10,400.23,79834.0
481,135973,105840.0,0.0,0,10584.0,21397,hu,HUF,2024-12-06,2024-12-08,3,2,2,0,2024-10-10,400.23,85772.0
482,135982,344132.2,0.0,0,34413.2,21390,hu,HUF,2024-12-20,2024-12-23,4,3,2,2,2024-10-10,400.23,304719.0
483,135957,488452.7,0.0,0,53674.8,21379,de,EUR,2024-10-27,2024-10-31,5,4,4,1,2024-10-10,400.23,434777.9
484,135999,228337.0,0.0,0,25092.0,21412,hu,HUF,2024-10-29,2024-11-01,4,3,2,0,2024-10-10,400.23,203245.0
485,136001,193764.4,0.0,0,19376.4,21410,hu,HUF,2025-02-03,2025-02-05,3,2,2,1,2024-10-10,400.23,169388.0
486,136016,188238.6,0.0,0,20685.6,21422,hu,HUF,2024-11-23,2024-11-26,4,3,2,0,2024-10-10,400.23,162553.0
487,136019,155232.5,0.0,0,31046.5,21426,hu,HUF,2025-01-17,2025-01-19,3,2,3,0,2024-10-10,400.23,124186.0
488,135989,526640.6,0.0,0,62607.7,21406,hu,HUF,2024-12-18,2024-12-21,4,3,6,2,2024-10-10,400.23,464033.0
489,136032,98784.4,0.0,0,9878.4,21427,hu,HUF,2025-01-24,2025-01-26,3,2,2,1,2024-10-10,400.23,83906.0
490,136099,162180.0,0.0,0,16218.0,21465,hu,HUF,2024-11-15,2024-11-17,3,2,2,0,2024-10-10,400.23,140962.0
491,136120,135864.4,0.0,0,13586.4,21480,hu,HUF,2024-11-11,2024-11-13,3,2,2,0,2024-10-10,400.23,122278.0
492,136114,143640.0,0.0,0,0.0,21479,hu,HUF,2024-11-14,2024-11-16,3,2,2,0,2024-10-10,400.23,143640.0
493,136107,149184.0,0.0,0,0.0,21475,hu,HUF,2024-12-20,2024-12-23,4,3,2,0,2024-10-10,400.23,149184.0
494,136170,149184.4,0.0,0,14918.4,21475,hu,HUF,2024-12-20,2024-12-23,4,3,2,0,2024-10-10,400.23,129266.0
495,136169,153710.2,0.0,0,16891.2,21474,hu,HUF,2024-11-22,2024-11-24,3,2,2,0,2024-10-10,400.23,136819.0
496,136182,179172.0,0.0,0,0.0,21507,hu,HUF,2024-11-04,2024-11-07,4,3,2,0,2024-10-10,400.23,179172.0
497,136214,208655.6,0.0,0,20865.6,21514,hu,HUF,2025-01-16,2025-01-19,4,3,2,3,2024-10-10,400.23,131453.0
498,136230,141120.0,0.0,0,14112.0,21530,hu,HUF,2024-11-08,2024-11-10,3,2,2,0,2024-10-10,400.23,121708.0
499,136221,189504.4,0.0,0,18950.4,21526,hu,HUF,2024-12-11,2024-12-15,5,4,2,0,2024-10-10,400.23,165554.0
500,136252,133560.0,0.0,0,13356.0,21537,hu,HUF,2024-11-15,2024-11-17,3,2,2,0,2024-10-10,400.23,106561.0
501,136246,209664.4,0.0,0,20966.4,21540,hu,HUF,2024-12-20,2024-12-23,4,3,2,3,2024-10-10,400.23,183698.0
502,136285,302940.0,0.0,0,30294.0,21531,hu,HUF,2024-10-24,2024-10-26,3,2,2,3,2024-10-10,400.23,267646.0
503,136289,133055.6,56050.0,0,13305.6,21552,hu,HUF,2025-01-28,2025-01-31,4,3,2,0,2024-10-10,400.23,175800.0
504,136343,177407.8,0.0,0,17740.8,21570,hu,HUF,2024-11-06,2024-11-09,4,3,2,0,2024-10-10,400.23,159667.0
505,136361,44352.2,0.0,0,4435.2,21574,hu,HUF,2025-01-18,2025-01-19,2,1,2,0,2024-10-10,400.23,39917.0
506,136364,335160.0,0.0,0,33516.0,21556,hu,HUF,2024-10-21,2024-10-25,5,4,2,2,2024-10-10,400.23,296644.0
507,136365,385560.0,0.0,0,38556.0,21572,hu,HUF,2025-01-23,2025-01-26,4,3,5,3,2024-10-10,400.23,342004.0
508,136388,88704.4,0.0,0,8870.4,21590,hu,HUF,2025-01-17,2025-01-19,3,2,2,0,2024-10-10,400.23,72212.0
509,136379,172052.2,0.0,0,17205.2,21557,hu,HUF,2024-10-23,2024-10-25,3,2,2,0,2024-10-10,400.23,149847.0
510,136403,154426.0,0.0,0,0.0,21575,hu,HUF,2025-01-24,2025-01-26,3,2,2,2,2024-10-10,400.23,154426.0
511,136334,133055.6,0.0,0,13305.6,21568,hu,HUF,2025-01-24,2025-01-27,4,3,2,0,2024-10-10,400.23,119750.0
512,136428,154426.0,0.0,0,0.0,21575,hu,HUF,2025-01-17,2025-01-19,3,2,2,2,2024-10-10,400.23,154426.0
513,136701,88704.4,0.0,0,8870.4,21863,hu,HUF,2025-01-17,2025-01-19,3,2,2,0,2024-10-10,400.23,79834.0
514,136738,233352.2,0.0,0,23335.2,21871,hu,HUF,2024-11-15,2024-11-17,3,2,4,1,2024-10-10,400.23,205017.0
515,136813,63002.2,0.0,0,6300.2,21883,hu,HUF,2024-11-29,2024-11-30,2,1,2,0,2024-10-10,400.23,54002.0
516,136935,129413.3,0.0,0,12941.3,22021,hu,HUF,2024-10-16,2024-10-18,3,2,2,0,2024-10-11,400.94,116472.0
517,136961,111384.4,0.0,0,11138.4,22039,hu,HUF,2025-01-28,2025-01-30,3,2,2,0,2024-10-11,400.94,100246.0
518,136977,254520.0,0.0,0,38178.0,22048,hu,HUF,2025-01-26,2025-01-31,6,5,2,0,2024-10-11,400.94,216342.0
519,136981,152712.2,0.0,0,15271.2,22051,hu,HUF,2025-01-19,2025-01-22,4,3,2,0,2024-10-11,400.94,126734.0
520,136982,373320.0,0.0,0,37332.0,22052,hu,HUF,2024-10-25,2024-10-27,3,2,4,2,2024-10-11,400.94,335988.0
521,137009,136584.4,0.0,0,13658.4,22066,hu,HUF,2024-11-15,2024-11-17,3,2,2,0,2024-10-11,400.94,122926.0
522,137038,237888.9,0.0,0,23788.9,22082,hu,HUF,2024-12-06,2024-12-08,3,2,4,0,2024-10-11,400.94,214100.0
523,137041,342522.0,0.0,0,0.0,22088,hu,HUF,2024-12-19,2024-12-20,2,1,9,0,2024-10-11,400.94,342522.0
524,137074,265823.2,0.0,0,0.0,22097,de,EUR,2025-01-06,2025-01-10,5,4,2,0,2024-10-11,400.94,265823.2
525,137079,98784.4,0.0,0,9878.4,22109,hu,HUF,2025-01-17,2025-01-19,3,2,2,0,2024-10-11,400.94,83406.0
526,137082,287280.0,0.0,0,43092.0,22081,hu,HUF,2024-11-29,2024-12-01,3,2,6,0,2024-10-11,400.94,223569.0
527,137099,170391.1,0.0,0,17039.1,22121,hu,HUF,2024-10-12,2024-10-13,2,1,4,0,2024-10-11,400.94,138352.0
528,137106,197568.9,0.0,0,19756.9,22119,hu,HUF,2025-01-17,2025-01-19,3,2,2,2,2024-10-11,400.94,153679.0
529,137098,177407.8,0.0,0,17740.8,22120,hu,HUF,2025-01-08,2025-01-12,5,4,2,0,2024-10-11,400.94,154667.0
530,137116,187488.9,0.0,0,18748.9,22123,hu,HUF,2025-01-17,2025-01-19,3,2,3,1,2024-10-11,400.94,163740.0
531,137107,318240.0,0.0,0,31824.0,22125,hu,HUF,2024-10-25,2024-10-28,4,3,2,0,2024-10-11,400.94,281416.0
532,137129,295168.0,0.0,0,32436.0,22122,hu,HUF,2024-10-30,2024-11-01,3,2,4,0,2024-10-11,400.94,262732.0
533,137135,377497.0,0.0,0,61885.1,22135,de,EUR,2024-11-18,2024-11-21,4,3,4,0,2024-10-11,400.94,315611.9
534,137142,377497.0,0.0,0,61885.1,22141,de,EUR,2024-11-18,2024-11-21,4,3,4,0,2024-10-11,400.94,305512.3
535,137162,158587.8,0.0,0,15858.8,22156,hu,HUF,2024-12-20,2024-12-22,3,2,2,0,2024-10-11,400.94,137729.0
536,137160,177407.8,0.0,0,17740.8,22154,hu,HUF,2025-01-24,2025-01-28,5,4,2,0,2024-10-11,400.94,159667.0
537,137173,158587.8,0.0,0,15858.8,22156,hu,HUF,2024-12-20,2024-12-22,3,2,2,0,2024-10-11,400.94,142729.0
538,137168,98783.5,0.0,0,14817.5,22157,hu,HUF,2025-01-17,2025-01-19,3,2,2,0,2024-10-11,400.94,58777.0
539,137182,265823.2,0.0,0,26582.3,22165,de,EUR,2025-01-06,2025-01-10,5,4,2,0,2024-10-11,400.94,239240.9
540,137207,538680.0,0.0,0,53868.0,22155,hu,HUF,2024-12-24,2024-12-27,4,3,4,0,2024-10-11,400.94,484812.0
541,137225,103824.4,0.0,0,10382.4,22192,hu,HUF,2024-11-17,2024-11-19,3,2,2,0,2024-10-11,400.94,88442.0
542,137236,362650.2,0.0,0,36265.0,22199,de,EUR,2024-10-13,2024-10-18,6,5,2,0,2024-10-11,400.94,320872.3
543,137244,213696.0,0.0,0,0.0,22205,hu,HUF,2024-11-12,2024-11-14,3,2,4,0,2024-10-11,400.94,213696.0
544,137289,293760.0,0.0,0,29376.0,22233,hu,HUF,2025-01-02,2025-01-05,4,3,2,2,2024-10-11,400.94,259384.0
545,137297,296351.1,0.0,0,29635.1,22232,hu,HUF,2025-01-10,2025-01-13,4,3,4,0,2024-10-11,400.94,261716.0
546,137344,197242.4,0.0,0,21674.8,22257,de,EUR,2024-11-03,2024-11-06,4,3,2,0,2024-10-11,400.94,170555.9
547,137336,266113.3,0.0,0,26611.3,22253,hu,HUF,2025-01-10,2025-01-12,3,2,6,0,2024-10-11,400.94,239502.0
548,137337,266113.3,0.0,0,26611.3,22254,hu,HUF,2025-01-10,2025-01-12,3,2,6,0,2024-10-11,400.94,239502.0
549,137463,60137.8,0.0,0,6013.8,22310,hu,HUF,2024-10-21,2024-10-22,2,1,2,0,2024-10-11,400.94,49215.0
550,137486,203615.6,6000.0,0,20361.6,22332,hu,HUF,2025-01-23,2025-01-25,3,2,4,0,2024-10-11,400.94,184254.0
551,137566,230831.1,0.0,0,23083.1,22366,hu,HUF,2024-12-20,2024-12-22,3,2,4,0,2024-10-11,400.94,202748.0
552,137583,149940.0,0.0,0,14994.0,22388,hu,HUF,2025-01-03,2025-01-05,3,2,2,0,2024-10-11,400.94,134946.0
553,137584,88704.4,0.0,0,8870.4,22389,hu,HUF,2025-01-10,2025-01-12,3,2,2,0,2024-10-11,400.94,60095.0
554,137593,111384.4,0.0,0,11138.4,22388,hu,HUF,2025-01-18,2025-01-20,3,2,2,0,2024-10-11,400.94,100246.0
555,137594,231310.3,0.0,0,23130.2,22393,de,EUR,2024-10-14,2024-10-17,4,3,2,0,2024-10-11,400.94,208180.1
556,137592,239904.4,3500.0,0,23990.4,22392,hu,HUF,2024-10-16,2024-10-19,4,3,2,0,2024-10-11,400.94,214414.0
557,137662,90720.0,0.0,0,0.0,22409,hu,HUF,2024-12-17,2024-12-19,3,2,2,0,2024-10-11,400.94,90720.0
558,137672,341711.2,0.0,0,68342.2,22400,hu,HUF,2024-11-17,2024-11-19,3,2,6,2,2024-10-11,400.94,273369.0
559,137689,286271.2,0.0,0,57254.2,22400,hu,HUF,2025-01-17,2025-01-19,3,2,6,2,2024-10-11,400.94,229017.0
560,137692,194291.3,0.0,0,38858.3,22400,hu,HUF,2024-11-17,2024-11-19,3,2,3,2,2024-10-11,400.94,155433.0
561,137707,155232.2,0.0,0,15523.2,22428,hu,HUF,2025-01-25,2025-01-27,3,2,3,0,2024-10-11,400.94,134209.0
562,137676,179873.7,0.0,0,19766.3,22418,en,EUR,2024-10-27,2024-10-29,3,2,2,0,2024-10-11,400.94,147477.8
563,137723,151200.0,0.0,0,0.0,22445,hu,HUF,2024-12-05,2024-12-08,4,3,2,0,2024-10-11,400.94,151200.0
564,137735,156720.0,0.0,0,15672.0,22452,hu,HUF,2025-01-19,2025-01-22,4,3,2,0,2024-10-11,400.94,136048.0
565,137763,140272.9,0.0,0,14028.9,22465,de,EUR,2024-10-14,2024-10-16,3,2,2,0,2024-10-11,400.94,126244.0
566,137770,133056.0,0.0,0,0.0,22472,hu,HUF,2025-01-24,2025-01-27,4,3,2,0,2024-10-11,400.94,133056.0
567,137842,180540.0,0.0,0,18054.0,22507,hu,HUF,2024-10-24,2024-10-26,3,2,2,0,2024-10-11,400.94,122486.0
568,138130,134640.0,0.0,0,0.0,22770,hu,HUF,2025-01-01,2025-01-03,3,2,2,0,2024-10-11,400.94,134640.0
569,138139,168336.5,0.0,0,25250.5,22778,hu,HUF,2024-12-07,2024-12-10,4,3,2,2,2024-10-11,400.94,100161.0
570,138309,98784.4,0.0,0,9878.4,22936,hu,HUF,2025-01-10,2025-01-12,3,2,2,1,2024-10-11,400.94,83906.0
571,138363,107712.2,0.0,0,10771.2,22969,hu,HUF,2025-02-21,2025-02-23,3,2,2,0,2024-10-12,400.94,77199.0
572,138388,241740.0,0.0,0,0.0,22977,hu,HUF,2024-10-18,2024-10-20,3,2,2,1,2024-10-12,400.94,241740.0
573,138389,177480.0,0.0,0,17748.0,22978,hu,HUF,2024-11-08,2024-11-10,3,2,2,1,2024-10-12,400.94,159732.0
574,138392,153316.7,22350.0,0,15331.7,22967,hu,HUF,2024-12-20,2024-12-22,3,2,2,1,2024-10-12,400.94,155335.0
575,138426,111906.4,0.0,0,12296.8,23003,de,EUR,2024-11-17,2024-11-19,3,2,2,0,2024-10-12,400.94,99609.5
576,138515,138600.0,0.0,0,13860.0,23038,hu,HUF,2024-11-29,2024-12-01,3,2,2,0,2024-10-12,400.94,119740.0
577,138520,187991.8,0.0,0,28198.8,23039,hu,HUF,2024-11-15,2024-11-18,4,3,2,0,2024-10-12,400.94,159793.0
578,138538,88704.4,0.0,0,8870.4,23050,hu,HUF,2025-01-17,2025-01-19,3,2,2,0,2024-10-12,400.94,74834.0
579,138584,88703.5,0.0,0,13305.5,23076,hu,HUF,2025-01-26,2025-01-28,3,2,2,0,2024-10-12,400.94,75398.0
580,138615,148175.4,0.0,0,14817.0,23089,hu,HUF,2025-01-18,2025-01-20,3,2,2,1,2024-10-12,400.94,128358.4
581,138619,208655.6,0.0,0,20865.6,23091,hu,HUF,2025-01-17,2025-01-20,4,3,2,2,2024-10-12,400.94,187790.0
582,138623,219240.0,0.0,0,21924.0,23064,hu,HUF,2025-01-16,2025-01-19,4,3,2,1,2024-10-12,400.94,197316.0
583,138622,219240.0,0.0,0,21924.0,23077,hu,HUF,2025-01-16,2025-01-19,4,3,2,2,2024-10-12,400.94,192316.0
584,138620,177407.8,0.0,0,17740.8,23092,hu,HUF,2025-01-12,2025-01-16,5,4,2,0,2024-10-12,400.94,159667.0
585,138634,137087.8,0.0,0,13708.8,23098,hu,HUF,2024-11-03,2024-11-05,3,2,2,2,2024-10-12,400.94,103777.0
586,138628,98784.4,0.0,0,9878.4,23097,hu,HUF,2025-01-24,2025-01-26,3,2,2,1,2024-10-12,400.94,67855.0
587,138640,221760.0,3500.0,0,22176.0,23101,hu,HUF,2024-12-13,2024-12-16,4,3,2,3,2024-10-12,400.94,188990.0
588,138653,233050.0,0.0,0,23305.0,23100,hu,HUF,2025-01-24,2025-01-26,3,2,3,2,2024-10-12,400.94,200791.0
589,138668,609408.9,0.0,0,60940.9,23122,hu,HUF,2025-01-02,2025-01-07,6,5,2,2,2024-10-12,400.94,542968.0
590,138707,283760.0,0.0,0,28376.0,23132,hu,HUF,2024-11-19,2024-11-21,3,2,3,2,2024-10-12,400.94,255384.0
591,138719,98784.4,0.0,0,9878.4,23150,hu,HUF,2025-01-17,2025-01-19,3,2,2,0,2024-10-12,400.94,78373.0
592,138756,381226.2,0.0,0,76245.2,23167,hu,HUF,2025-01-17,2025-01-19,3,2,5,3,2024-10-12,400.94,288846.0
593,138799,318528.2,0.0,0,47779.2,23194,hu,HUF,2025-01-24,2025-01-26,3,2,5,3,2024-10-12,400.94,270749.0
594,138830,107730.6,0.0,0,16159.6,23215,hu,HUF,2024-12-04,2024-12-07,4,3,1,0,2024-10-12,400.94,91571.0
595,138831,143640.0,0.0,0,28728.0,23216,hu,HUF,2024-12-04,2024-12-07,4,3,2,0,2024-10-12,400.94,114912.0
596,138834,88704.4,0.0,0,8870.4,23212,hu,HUF,2025-01-26,2025-01-28,3,2,2,0,2024-10-12,400.94,74834.0
597,138843,255570.0,0.0,0,25557.0,23224,hu,HUF,2024-12-23,2024-12-26,4,3,2,0,2024-10-12,400.94,230013.0
598,138861,160272.2,0.0,0,16027.2,23236,hu,HUF,2024-10-14,2024-10-17,4,3,2,0,2024-10-12,400.94,108698.0
599,138892,96768.0,0.0,0,0.0,23242,hu,HUF,2024-11-06,2024-11-08,3,2,2,0,2024-10-12,400.94,96768.0
600,138919,314495.6,0.0,0,31449.6,23263,hu,HUF,2024-11-17,2024-11-20,4,3,4,0,2024-10-12,400.94,283046.0
601,138968,88704.0,0.0,0,0.0,23285,hu,HUF,2025-01-10,2025-01-12,3,2,2,0,2024-10-12,400.94,88704.0
602,138946,205632.2,0.0,0,20563.2,23273,hu,HUF,2024-10-23,2024-10-25,3,2,2,2,2024-10-12,400.94,129549.0
603,138996,205632.2,0.0,0,20563.2,23292,hu,HUF,2024-10-23,2024-10-25,3,2,2,2,2024-10-12,400.94,157742.0
604,138993,159767.8,0.0,0,15976.8,23298,hu,HUF,2024-12-18,2024-12-21,4,3,2,0,2024-10-12,400.94,138791.0
605,139016,88704.4,0.0,0,8870.4,23313,hu,HUF,2025-01-17,2025-01-19,3,2,2,0,2024-10-12,400.94,66615.0
606,139005,123984.4,0.0,0,12398.4,23297,hu,HUF,2024-10-20,2024-10-22,3,2,2,1,2024-10-12,400.94,111586.0
607,139028,1281986.7,0.0,0,128198.7,23322,hu,HUF,2024-12-23,2024-12-27,5,4,5,3,2024-10-12,400.94,1148788.0
608,139042,188777.8,0.0,0,18877.8,23329,hu,HUF,2024-11-04,2024-11-07,4,3,2,0,2024-10-12,400.94,164700.0
609,139061,230265.0,0.0,0,0.0,23333,hu,HUF,2024-10-25,2024-10-27,3,2,2,1,2024-10-12,400.94,230265.0
610,139178,385560.0,0.0,100000,38556.0,23360,hu,HUF,2025-01-02,2025-01-05,4,3,4,1,2024-10-12,400.94,211448.0
611,139522,146160.0,0.0,0,14616.0,23557,hu,HUF,2024-12-06,2024-12-08,3,2,2,2,2024-10-12,400.94,126544.0
612,139576,224482.2,0.0,0,22448.2,23715,hu,HUF,2024-12-20,2024-12-22,3,2,2,2,2024-10-12,400.94,196534.0
613,139713,156720.0,0.0,0,0.0,23836,hu,HUF,2025-01-26,2025-01-29,4,3,2,0,2024-10-13,400.94,156720.0
614,139764,190080.0,0.0,0,19008.0,23857,hu,HUF,2025-01-11,2025-01-15,5,4,2,0,2024-10-13,400.94,171072.0
615,139811,179928.0,0.0,0,0.0,23873,hu,HUF,2025-01-20,2025-01-23,4,3,2,0,2024-10-13,400.94,179928.0
616,139822,156240.0,0.0,0,15624.0,23887,hu,HUF,2024-11-29,2024-12-01,3,2,2,3,2024-10-13,400.94,140616.0
617,139835,105957.8,0.0,0,10595.8,23887,hu,HUF,2024-11-22,2024-11-23,2,1,3,0,2024-10-13,400.94,95362.0
618,139864,88704.4,0.0,0,8870.4,23910,hu,HUF,2025-01-17,2025-01-19,3,2,2,0,2024-10-13,400.94,79834.0
619,139873,57275.6,0.0,0,5727.6,23894,hu,HUF,2024-10-22,2024-10-23,2,1,2,0,2024-10-13,400.94,46639.0
620,139868,120960.0,0.0,0,12096.0,23911,hu,HUF,2024-10-20,2024-10-22,3,2,2,0,2024-10-13,400.94,76205.0
621,139883,133056.5,11900.0,0,19958.5,23917,hu,HUF,2025-01-26,2025-01-29,4,3,2,0,2024-10-13,400.94,116675.0
622,139878,385560.0,0.0,0,57834.0,23912,hu,HUF,2025-01-23,2025-01-26,4,3,5,1,2024-10-13,400.94,306916.0
623,139944,103824.4,0.0,0,10382.4,23943,hu,HUF,2024-12-04,2024-12-06,3,2,2,0,2024-10-13,400.94,93442.0
624,139980,258048.9,0.0,0,25804.9,23929,hu,HUF,2024-11-29,2024-12-01,3,2,4,0,2024-10-13,400.94,226744.0
625,139966,221760.0,0.0,0,22176.0,23957,hu,HUF,2025-01-26,2025-01-31,6,5,2,0,2024-10-13,400.94,199584.0
626,139991,101807.8,0.0,0,10180.8,23967,hu,HUF,2025-01-24,2025-01-26,3,2,2,1,2024-10-13,400.94,76752.0
627,140000,133055.6,0.0,0,13305.6,23930,hu,HUF,2025-01-27,2025-01-30,4,3,2,0,2024-10-13,400.94,119750.0
628,139997,113904.4,0.0,0,11390.4,23971,hu,HUF,2024-11-12,2024-11-14,3,2,2,0,2024-10-13,400.94,97514.0
629,140002,296351.1,0.0,0,29635.1,23974,hu,HUF,2025-01-25,2025-01-28,4,3,4,0,2024-10-13,400.94,266716.0
630,140019,296351.1,0.0,0,29635.1,23974,hu,HUF,2025-01-25,2025-01-28,4,3,4,0,2024-10-13,400.94,238716.0
631,140039,118119.0,0.0,0,0.0,23993,hu,HUF,2024-10-25,2024-10-26,2,1,2,0,2024-10-13,400.94,118119.0
632,140029,637633.3,0.0,0,63763.3,23987,hu,HUF,2025-01-04,2025-01-07,4,3,6,0,2024-10-13,400.94,568870.0
633,140032,151200.0,0.0,0,30240.0,23989,hu,HUF,2024-12-17,2024-12-20,4,3,2,0,2024-10-13,400.94,120960.0
634,140060,315792.2,0.0,0,31579.2,24008,hu,HUF,2024-10-31,2024-11-04,5,4,2,0,2024-10-13,400.94,269848.0
635,140078,101807.8,0.0,0,10180.8,24014,hu,HUF,2025-01-17,2025-01-19,3,2,2,0,2024-10-13,400.94,91627.0
636,140123,207887.4,0.0,0,0.0,24036,en,EUR,2024-10-25,2024-10-27,3,2,2,0,2024-10-13,400.94,207887.4
637,140131,324788.0,0.0,0,53244.0,24041,hu,HUF,2024-12-13,2024-12-15,3,2,4,1,2024-10-13,400.94,271544.0
638,140176,100800.0,0.0,0,10080.0,24064,hu,HUF,2024-11-10,2024-11-12,3,2,2,0,2024-10-13,400.94,85220.0
639,140197,862920.0,0.0,0,86292.0,24055,hu,HUF,2024-12-22,2024-12-25,4,3,6,4,2024-10-13,400.94,771228.0
640,140200,135252.2,0.0,0,13525.2,24071,hu,HUF,2025-02-07,2025-02-09,3,2,2,0,2024-10-13,400.94,121727.0
641,140188,354960.0,0.0,0,35496.0,24052,hu,HUF,2024-11-08,2024-11-10,3,2,4,0,2024-10-13,400.94,319464.0
642,140164,297455.4,0.0,0,32687.4,24061,hu,HUF,2024-11-15,2024-11-16,2,1,7,2,2024-10-13,400.94,259768.0
643,140229,111384.4,0.0,0,11138.4,24093,hu,HUF,2025-01-12,2025-01-14,3,2,2,0,2024-10-13,400.94,100246.0
644,140245,88704.4,0.0,0,8870.4,24092,hu,HUF,2025-01-10,2025-01-12,3,2,2,0,2024-10-13,400.94,74834.0
645,140260,254520.0,0.0,0,38178.0,24113,hu,HUF,2025-01-17,2025-01-22,6,5,2,0,2024-10-13,400.94,216342.0
646,140273,166320.0,0.0,0,0.0,24111,hu,HUF,2024-11-10,2024-11-13,4,3,2,1,2024-10-13,400.94,166320.0
647,140283,88704.0,0.0,0,0.0,24127,hu,HUF,2025-01-17,2025-01-19,3,2,2,0,2024-10-13,400.94,88704.0
648,140298,643100.6,0.0,0,64307.0,24132,hu,HUF,2025-01-24,2025-01-26,3,2,12,2,2024-10-13,400.94,578793.6
649,140373,101807.8,0.0,0,10180.8,24170,hu,HUF,2025-01-24,2025-01-26,3,2,2,0,2024-10-13,400.94,86627.0
650,140402,238680.0,0.0,0,23868.0,24190,hu,HUF,2025-01-02,2025-01-05,4,3,2,1,2024-10-13,400.94,209812.0
651,140412,88704.4,0.0,0,8870.4,24198,hu,HUF,2025-01-11,2025-01-13,3,2,2,0,2024-10-13,400.94,55884.0
652,140416,88704.4,0.0,0,8870.4,24196,hu,HUF,2025-01-11,2025-01-13,3,2,2,0,2024-10-13,400.94,55884.0
653,140419,139104.4,0.0,0,13910.4,24192,hu,HUF,2024-11-15,2024-11-17,3,2,2,1,2024-10-13,400.94,125194.0
654,140448,292320.0,0.0,0,58464.0,24204,hu,HUF,2025-01-19,2025-01-23,5,4,2,1,2024-10-13,400.94,213261.0
655,140462,472033.8,0.0,0,94406.8,24204,hu,HUF,2024-12-23,2024-12-27,5,4,2,1,2024-10-13,400.94,377627.0
656,140501,81903.3,0.0,0,8190.3,24192,hu,HUF,2024-11-16,2024-11-17,2,1,2,0,2024-10-13,400.94,73713.0
657,140463,148187.4,0.0,0,14818.7,24215,de,EUR,2025-01-07,2025-01-10,4,3,2,0,2024-10-13,400.94,133368.7
658,140513,88704.4,0.0,0,8870.4,24231,hu,HUF,2025-01-20,2025-01-22,3,2,2,0,2024-10-13,400.94,79834.0
659,140514,248400.0,0.0,0,24840.0,24225,hu,HUF,2024-12-08,2024-12-12,5,4,2,0,2024-10-13,400.94,223560.0
660,140549,176400.0,0.0,0,0.0,24249,hu,HUF,2024-11-15,2024-11-17,3,2,2,3,2024-10-13,400.94,176400.0
661,140550,166320.0,0.0,0,0.0,24251,hu,HUF,2024-11-15,2024-11-17,3,2,2,2,2024-10-13,400.94,166320.0
662,140570,50904.4,0.0,0,5090.4,24268,hu,HUF,2025-01-18,2025-01-19,2,1,2,1,2024-10-13,400.94,32070.0
663,140624,197669.0,0.0,0,0.0,24289,hu,HUF,2024-11-16,2024-11-18,3,2,3,2,2024-10-13,400.94,197669.0
664,140593,116424.4,0.0,0,11642.4,24258,en,HUF,2024-11-17,2024-11-19,3,2,2,0,2024-10-13,400.94,104782.0
665,140561,143136.2,0.0,0,28627.2,24259,hu,HUF,2025-01-10,2025-01-12,3,2,2,1,2024-10-13,400.94,114509.0
666,140620,201095.6,0.0,0,20109.6,24265,hu,HUF,2024-11-21,2024-11-24,4,3,2,0,2024-10-13,400.94,175986.0
667,140643,414288.9,8700.0,0,41428.9,24292,hu,HUF,2024-11-22,2024-11-24,3,2,6,0,2024-10-13,400.94,381560.0
668,140679,263290.0,0.0,0,26329.0,24307,hu,HUF,2025-01-10,2025-01-12,3,2,5,3,2024-10-13,400.94,221742.0
669,140685,143135.6,0.0,0,14313.6,24305,hu,HUF,2025-01-17,2025-01-19,3,2,2,1,2024-10-13,400.94,128822.0
670,140722,232847.8,0.0,0,23284.8,24323,hu,HUF,2025-01-27,2025-01-30,4,3,3,0,2024-10-13,400.94,209563.0
671,140732,313690.0,0.0,0,31369.0,24307,hu,HUF,2025-01-10,2025-01-12,3,2,7,3,2024-10-13,400.94,282321.0
672,140737,68728.9,0.0,0,6872.9,24337,hu,HUF,2024-10-23,2024-10-24,2,1,2,0,2024-10-13,400.94,61856.0
673,140756,254680.0,0.0,0,25468.0,24349,hu,HUF,2024-11-09,2024-11-12,4,3,2,0,2024-10-13,400.94,224212.0
674,140746,196560.0,0.0,0,19656.0,24346,hu,HUF,2024-12-01,2024-12-04,4,3,2,2,2024-10-13,400.94,176904.0
675,140780,111384.4,0.0,0,11138.4,24358,hu,HUF,2025-01-17,2025-01-19,3,2,2,0,2024-10-13,400.94,95246.0
676,140789,90720.0,0.0,0,9072.0,24364,hu,HUF,2024-12-16,2024-12-18,3,2,2,0,2024-10-13,400.94,73642.0
677,140796,399169.4,0.0,0,59875.4,24371,hu,HUF,2025-01-09,2025-01-12,4,3,6,0,2024-10-13,400.94,339294.0
678,140827,152712.2,0.0,0,15271.2,24384,hu,HUF,2025-01-23,2025-01-26,4,3,2,1,2024-10-13,400.94,137441.0
679,140837,88704.4,0.0,0,8870.4,24389,hu,HUF,2025-01-10,2025-01-12,3,2,2,0,2024-10-13,400.94,79834.0
680,140835,498592.9,0.0,0,49860.9,24303,de,EUR,2024-12-27,2024-12-30,4,3,3,2,2024-10-13,400.94,448732.0
681,140841,221760.0,0.0,0,33264.0,24381,hu,HUF,2025-01-26,2025-01-31,6,5,2,0,2024-10-13,400.94,188496.0
682,140884,133055.6,0.0,0,13305.6,24414,hu,HUF,2025-01-17,2025-01-20,4,3,2,0,2024-10-13,400.94,106687.0
683,140893,197242.4,0.0,0,21674.8,24418,de,EUR,2024-11-03,2024-11-06,4,3,2,0,2024-10-13,400.94,175567.6
684,140885,58992.2,0.0,0,5899.2,24413,hu,HUF,2024-11-17,2024-11-18,2,1,2,2,2024-10-13,400.94,50565.0
685,140897,152712.2,0.0,0,15271.2,24410,hu,HUF,2025-01-23,2025-01-26,4,3,2,1,2024-10-13,400.94,117606.0
686,140907,106856.0,0.0,0,0.0,24424,hu,HUF,2024-12-15,2024-12-17,3,2,2,0,2024-10-13,400.94,106856.0
687,140915,106855.6,0.0,0,10685.6,24424,hu,HUF,2024-12-15,2024-12-17,3,2,2,0,2024-10-13,400.94,96170.0
688,140909,139104.4,0.0,0,13910.4,24426,hu,HUF,2024-11-15,2024-11-17,3,2,2,0,2024-10-13,400.94,125194.0
689,140914,88704.4,0.0,0,8870.4,24427,hu,HUF,2025-01-17,2025-01-19,3,2,2,0,2024-10-13,400.94,74834.0
690,140953,104480.0,0.0,0,10448.0,24445,hu,HUF,2025-01-26,2025-01-28,3,2,2,0,2024-10-13,400.94,65823.0
691,140927,133055.6,0.0,0,13305.6,24428,hu,HUF,2025-01-18,2025-01-21,4,3,2,0,2024-10-13,400.94,114750.0
692,140971,139104.4,0.0,0,13910.4,24416,hu,HUF,2024-11-24,2024-11-27,4,3,2,0,2024-10-13,400.94,120194.0
693,140993,156240.0,0.0,0,15624.0,24466,hu,HUF,2024-12-06,2024-12-08,3,2,2,2,2024-10-13,400.94,140616.0
694,141007,187487.1,0.0,0,28123.1,24469,hu,HUF,2025-01-05,2025-01-07,3,2,4,0,2024-10-13,400.94,159364.0
695,141003,88704.4,30900.0,0,8870.4,24435,hu,HUF,2025-01-28,2025-01-30,3,2,2,0,2024-10-13,400.94,105734.0
696,141018,129024.4,0.0,0,12902.4,24467,hu,HUF,2024-11-29,2024-12-01,3,2,2,0,2024-10-13,400.94,116122.0
697,141013,286071.1,0.0,0,28607.1,24465,hu,HUF,2025-01-23,2025-01-26,4,3,3,1,2024-10-13,400.94,257464.0
698,140994,96768.0,0.0,0,0.0,24454,hu,HUF,2024-11-03,2024-11-05,3,2,2,0,2024-10-13,400.94,96768.0
699,141032,129024.4,0.0,0,12902.4,24490,hu,HUF,2024-11-29,2024-12-01,3,2,2,0,2024-10-13,400.94,116122.0
700,141037,133056.4,0.0,0,19958.4,24494,hu,HUF,2025-01-09,2025-01-12,4,3,2,0,2024-10-13,400.94,113098.0
701,141034,76607.8,0.0,0,7660.8,24492,hu,HUF,2025-01-10,2025-01-12,3,2,1,1,2024-10-13,400.94,68947.0
702,141038,471743.8,0.0,0,94348.8,24495,hu,HUF,2024-11-21,2024-11-27,7,6,2,0,2024-10-13,400.94,377395.0
703,141044,111384.4,0.0,0,11138.4,24487,hu,HUF,2025-01-10,2025-01-12,3,2,2,0,2024-10-13,400.94,88751.0
704,141016,855201.0,0.0,0,85520.5,24409,de,EUR,2024-11-18,2024-11-22,5,4,5,0,2024-10-13,400.94,769680.5
705,141058,409428.2,0.0,0,61414.2,24460,hu,HUF,2025-01-01,2025-01-04,4,3,4,0,2024-10-13,400.94,263082.0
706,141067,210068.2,0.0,0,31510.2,24507,hu,HUF,2025-01-17,2025-01-19,3,2,2,2,2024-10-13,400.94,124991.0
707,141117,161280.0,0.0,0,16128.0,24531,hu,HUF,2024-12-13,2024-12-15,3,2,2,2,2024-10-13,400.94,126655.0
708,141093,359856.7,0.0,0,35985.7,24478,hu,HUF,2025-01-17,2025-01-19,3,2,6,4,2024-10-13,400.94,323871.0
709,141053,193535.6,0.0,0,19353.6,24482,hu,HUF,2025-01-17,2025-01-20,4,3,2,2,2024-10-13,400.94,169182.0
710,141100,166320.0,0.0,0,16632.0,24524,hu,HUF,2024-11-08,2024-11-10,3,2,2,0,2024-10-13,400.94,149688.0
711,141104,88704.0,0.0,0,0.0,24515,hu,HUF,2025-01-17,2025-01-19,3,2,2,0,2024-10-13,400.94,88704.0
712,141131,139104.4,0.0,0,13910.4,24532,hu,HUF,2024-11-24,2024-11-27,4,3,2,0,2024-10-13,400.94,120194.0
713,141128,134265.6,0.0,0,13426.6,24536,hu,HUF,2025-01-17,2025-01-19,3,2,3,0,2024-10-13,400.94,120839.0
714,141139,192278.8,0.0,0,21129.5,24541,de,EUR,2024-11-15,2024-11-17,3,2,2,2,2024-10-13,400.94,171149.3
715,141151,88704.4,0.0,0,8870.4,24523,hu,HUF,2025-01-17,2025-01-19,3,2,2,0,2024-10-13,400.94,79834.0
716,141142,376992.2,0.0,0,37699.2,24544,hu,HUF,2025-01-24,2025-01-26,3,2,6,3,2024-10-13,400.94,320142.0
717,141180,164505.6,0.0,0,16450.6,24536,hu,HUF,2025-01-24,2025-01-26,3,2,2,3,2024-10-13,400.94,148055.0
718,141177,103824.0,0.0,0,0.0,24557,hu,HUF,2024-11-17,2024-11-19,3,2,2,0,2024-10-13,400.94,103824.0
719,141175,166320.0,16100.0,0,16632.0,24558,hu,HUF,2024-11-29,2024-12-01,3,2,2,0,2024-10-13,400.94,136069.0
720,141193,193535.6,0.0,0,19353.6,24566,hu,HUF,2025-01-17,2025-01-19,3,2,4,1,2024-10-13,400.94,174182.0
721,141201,137458.9,0.0,0,13745.9,24562,hu,HUF,2024-11-30,2024-12-01,2,1,2,2,2024-10-13,400.94,123713.0
722,141392,44352.2,0.0,0,4435.2,24733,hu,HUF,2025-01-06,2025-01-07,2,1,2,0,2024-10-13,400.94,39917.0
723,141195,252144.4,0.0,0,25214.4,24561,hu,HUF,2024-12-27,2024-12-29,3,2,3,0,2024-10-13,400.94,204116.0
724,141466,88703.5,0.0,0,13305.5,24625,hu,HUF,2025-01-10,2025-01-12,3,2,2,0,2024-10-13,400.94,58603.0
725,141491,98784.4,0.0,0,9878.4,24803,hu,HUF,2025-01-17,2025-01-19,3,2,2,0,2024-10-13,400.94,88906.0
726,141488,177408.0,0.0,0,0.0,24841,hu,HUF,2025-01-17,2025-01-19,3,2,4,0,2024-10-13,400.94,177408.0
727,141511,195840.0,0.0,0,29376.0,24853,hu,HUF,2025-01-02,2025-01-04,3,2,2,2,2024-10-13,400.94,166464.0
728,141546,133055.6,0.0,0,13305.6,24863,hu,HUF,2025-01-12,2025-01-15,4,3,2,0,2024-10-13,400.94,114750.0
729,141568,98280.0,11900.0,0,9828.0,24877,hu,HUF,2024-12-05,2024-12-07,3,2,2,0,2024-10-13,400.94,100352.0
730,141577,109871.8,0.0,0,16480.8,24879,hu,HUF,2024-11-03,2024-11-05,3,2,2,0,2024-10-13,400.94,81812.0
731,141565,302400.0,25050.0,0,30240.0,24878,hu,HUF,2024-12-13,2024-12-15,3,2,6,0,2024-10-13,400.94,297210.0
732,141589,266113.3,0.0,0,26611.3,24890,hu,HUF,2025-01-17,2025-01-19,3,2,6,0,2024-10-13,400.94,239502.0
733,141786,595351.4,0.0,0,89302.7,25053,de,EUR,2024-12-15,2024-12-19,5,4,5,0,2024-10-14,400.91,506048.6
734,141796,168911.8,0.0,0,25336.8,25052,hu,HUF,2024-11-22,2024-11-24,3,2,2,0,2024-10-14,400.91,143575.0
735,141866,323053.3,0.0,0,0.0,25101,en,EUR,2024-10-26,2024-10-29,4,3,2,0,2024-10-14,400.91,323053.3
736,141899,197648.6,0.0,0,0.0,25129,de,EUR,2024-11-29,2024-12-01,3,2,2,1,2024-10-14,400.91,197648.6
737,141924,151812.6,0.0,0,0.0,25137,de,EUR,2024-11-08,2024-11-10,3,2,1,0,2024-10-14,400.91,151812.6
738,141976,604044.4,0.0,0,60404.4,25169,hu,HUF,2024-12-25,2024-12-27,3,2,6,1,2024-10-14,400.91,538640.0
739,142086,149940.3,0.0,0,0.0,25218,de,EUR,2024-10-15,2024-10-17,3,2,2,0,2024-10-14,400.91,149940.3
740,142103,129212.2,0.0,0,12921.2,25230,hu,HUF,2025-04-11,2025-04-13,3,2,2,0,2024-10-14,400.91,111291.0
741,142114,306306.0,0.0,0,33660.0,25238,hu,HUF,2024-11-21,2024-11-24,4,3,2,2,2024-10-14,400.91,272646.0
742,142124,433892.2,0.0,0,43389.2,25244,hu,HUF,2024-12-23,2024-12-26,4,3,3,1,2024-10-14,400.91,385503.0
743,142143,138627.9,0.0,0,15233.9,25253,hu,HUF,2024-11-02,2024-11-04,3,2,2,0,2024-10-14,400.91,113394.0
744,142156,156060.0,0.0,0,23409.0,25258,hu,HUF,2024-11-29,2024-12-01,3,2,2,0,2024-10-14,400.91,102651.0
745,142183,107712.2,0.0,0,10771.2,25266,hu,HUF,2025-01-17,2025-01-19,3,2,2,0,2024-10-14,400.91,78262.0
746,142210,107712.2,0.0,0,10771.2,25295,hu,HUF,2025-01-17,2025-01-19,3,2,2,0,2024-10-14,400.91,96941.0
747,142214,107712.2,0.0,0,10771.2,25297,hu,HUF,2025-01-17,2025-01-19,3,2,2,0,2024-10-14,400.91,96941.0
748,142896,237600.0,0.0,0,23760.0,25835,hu,HUF,2025-04-13,2025-04-18,6,5,2,0,2024-10-15,400.37,213840.0
749,142908,253942.7,0.0,0,27905.8,25840,de,EUR,2024-10-30,2024-11-02,4,3,2,0,2024-10-15,400.37,226036.9
750,142925,163351.0,0.0,0,16335.1,25851,de,EUR,2024-10-16,2024-10-18,3,2,2,0,2024-10-15,400.37,147015.9
751,142967,156060.0,0.0,0,15606.0,25870,hu,HUF,2024-11-29,2024-12-01,3,2,2,0,2024-10-15,400.37,140454.0
752,142959,139528.9,0.0,0,0.0,25874,de,EUR,2024-10-21,2024-10-23,3,2,2,0,2024-10-15,400.37,139528.9
753,143055,159279.2,0.0,0,17503.2,25931,hu,HUF,2024-11-22,2024-11-24,3,2,2,0,2024-10-15,400.37,136776.0
754,143066,217199.0,0.0,0,23868.0,25938,hu,HUF,2024-11-22,2024-11-24,3,2,2,1,2024-10-15,400.37,188131.0
755,143134,362916.0,0.0,0,0.0,25980,hu,HUF,2024-10-25,2024-10-27,3,2,3,1,2024-10-15,400.37,362916.0
756,143343,247248.0,0.0,0,0.0,26075,hu,HUF,2024-10-16,2024-10-19,4,3,2,0,2024-10-15,400.37,247248.0
757,143614,325584.7,0.0,0,35778.7,26335,hu,HUF,2024-11-11,2024-11-13,3,2,6,0,2024-10-15,400.37,289806.0
758,143790,194081.0,18610.9,0,0.0,26499,de,EUR,2024-11-01,2024-11-03,3,2,2,0,2024-10-16,400.58,212692.0
759,143798,174672.9,18610.9,0,0.0,26499,de,EUR,2024-11-01,2024-11-03,3,2,2,0,2024-10-16,400.58,193283.9
760,143823,139602.1,0.0,0,13960.2,26505,de,EUR,2024-10-21,2024-10-23,3,2,2,0,2024-10-16,400.58,125641.9
761,143845,201960.0,0.0,0,20196.0,26512,hu,HUF,2024-10-22,2024-10-24,3,2,4,0,2024-10-16,400.58,181764.0
762,143880,370384.3,0.0,0,37037.6,26500,de,EUR,2024-10-28,2024-10-31,4,3,2,1,2024-10-16,400.58,328339.4
763,143901,437116.9,0.0,0,43711.3,26539,de,EUR,2024-10-27,2024-10-31,5,4,2,0,2024-10-16,400.58,393405.6
764,143960,223380.0,0.0,0,0.0,26554,hu,HUF,2024-10-25,2024-10-27,3,2,2,2,2024-10-16,400.58,223380.0
765,144020,263160.0,0.0,0,26316.0,26598,hu,HUF,2024-10-17,2024-10-20,4,3,2,0,2024-10-16,400.58,236844.0
766,144134,367692.4,0.0,0,36769.2,26663,de,EUR,2024-12-09,2024-12-12,4,3,3,0,2024-10-16,400.58,313273.6
767,144150,385560.0,0.0,0,38556.0,26672,hu,HUF,2024-11-14,2024-11-16,3,2,2,2,2024-10-16,400.58,342004.0
768,144147,125460.0,0.0,0,0.0,26671,de,HUF,2024-11-12,2024-11-14,3,2,2,0,2024-10-16,400.58,125460.0
769,144205,587520.0,0.0,0,0.0,26701,hu,HUF,2025-01-02,2025-01-04,3,2,6,3,2024-10-16,400.58,582520.0
770,144219,193536.2,0.0,0,19352.0,26710,de,EUR,2024-10-28,2024-10-30,3,2,2,0,2024-10-16,400.58,174184.2
771,144229,214200.0,0.0,0,0.0,26718,hu,HUF,2024-10-18,2024-10-20,3,2,2,2,2024-10-16,400.58,214200.0
772,144243,129595.6,0.0,0,14240.6,26731,en,EUR,2024-11-04,2024-11-06,3,2,2,0,2024-10-16,400.58,110347.8
773,144574,185895.6,0.0,0,18589.6,26747,hu,HUF,2024-10-23,2024-10-26,4,3,1,0,2024-10-16,400.58,155388.0
774,144756,185925.6,0.0,0,18592.6,27190,hu,HUF,2024-10-25,2024-10-27,3,2,2,0,2024-10-17,401.66,167333.0
775,144774,385560.0,0.0,0,38556.0,27199,hu,HUF,2025-01-02,2025-01-05,4,3,2,2,2024-10-17,401.66,329504.0
776,144760,211674.8,0.0,0,21167.5,27193,de,EUR,2024-10-26,2024-10-28,3,2,2,0,2024-10-17,401.66,190507.3
777,144802,159120.0,0.0,0,15912.0,27219,hu,HUF,2025-01-01,2025-01-03,3,2,2,2,2024-10-17,401.66,143208.0
778,144870,239513.9,0.0,0,23951.0,27252,de,EUR,2024-10-20,2024-10-23,4,3,2,0,2024-10-17,401.66,215562.9
779,144916,109994.9,0.0,0,18031.9,27281,hu,HUF,2024-12-17,2024-12-20,4,3,1,0,2024-10-17,401.66,69790.0
780,145115,268710.5,0.0,0,26871.1,27443,en,EUR,2024-11-22,2024-11-26,5,4,2,0,2024-10-17,401.66,241839.5
781,145145,397402.4,0.0,0,0.0,27474,en,EUR,2024-10-30,2024-11-01,3,2,4,0,2024-10-17,401.66,397402.4
782,145199,298830.0,0.0,0,29883.0,27508,hu,HUF,2024-10-24,2024-10-26,3,2,2,4,2024-10-17,401.66,263547.0
783,145218,135198.8,0.0,0,0.0,27519,de,EUR,2024-12-06,2024-12-08,3,2,2,0,2024-10-17,401.66,135198.8
784,145259,221400.0,0.0,0,22140.0,27546,hu,HUF,2024-11-10,2024-11-14,5,4,2,0,2024-10-17,401.66,199260.0
785,145253,198931.7,0.0,0,21860.7,27533,hu,HUF,2024-11-06,2024-11-08,3,2,2,2,2024-10-17,401.66,172071.0
786,145316,388345.6,0.0,0,38834.6,27573,hu,HUF,2024-10-23,2024-10-26,4,3,3,2,2024-10-17,401.66,349511.0
787,145333,193740.7,0.0,0,21292.0,27580,de,EUR,2024-11-05,2024-11-08,4,3,2,0,2024-10-17,401.66,172448.7
788,145770,135232.9,0.0,0,20286.5,27985,de,EUR,2024-11-10,2024-11-12,3,2,2,0,2024-10-18,400.05,99380.4
789,145840,457857.2,16582.1,0,0.0,28037,en,EUR,2024-11-17,2024-11-23,7,6,2,0,2024-10-18,400.05,474439.3
790,145847,156720.0,0.0,0,15672.0,28041,hu,HUF,2025-01-06,2025-01-09,4,3,2,0,2024-10-18,400.05,141048.0
791,145855,339660.0,0.0,0,33966.0,28045,hu,HUF,2024-10-28,2024-10-31,4,3,2,1,2024-10-18,400.05,305694.0
792,145879,163220.4,0.0,0,16322.0,28062,hu,EUR,2024-10-21,2024-10-23,3,2,2,0,2024-10-18,400.05,146898.4
793,145898,110793.1,16000.0,0,12175.1,28071,hu,HUF,2024-12-21,2024-12-23,3,2,2,0,2024-10-18,400.05,109118.0
794,145935,407450.9,0.0,0,40745.1,28101,de,EUR,2024-11-17,2024-11-21,5,4,3,0,2024-10-18,400.05,361705.2
795,145990,129212.2,19800.0,0,12921.2,28139,hu,HUF,2025-03-07,2025-03-09,3,2,2,0,2024-10-18,400.05,131091.0
796,146006,403920.0,0.0,0,40392.0,28150,hu,HUF,2025-07-03,2025-07-06,4,3,2,3,2024-10-18,400.05,358028.0
797,146055,123624.4,0.0,0,12362.4,28191,hu,HUF,2025-02-07,2025-02-09,3,2,2,2,2024-10-18,400.05,97619.0
798,146067,241136.0,16700.0,0,0.0,28197,hu,HUF,2024-10-20,2024-10-22,3,2,2,1,2024-10-18,400.05,257836.0
799,146085,448848.1,0.0,0,0.0,28200,hu,EUR,2024-10-28,2024-10-31,4,3,2,2,2024-10-18,400.05,448848.1
800,146095,107712.2,0.0,0,10771.2,28217,hu,HUF,2025-02-07,2025-02-09,3,2,2,0,2024-10-18,400.05,91941.0
801,146108,154823.6,0.0,0,17013.6,28226,hu,HUF,2024-12-18,2024-12-21,4,3,2,0,2024-10-18,400.05,132810.0
