,date,utm_source_and_medium,utm_campaign,user_count,session_count
0,2024-09-18,(not set),(not set),516,676
1,2024-09-18,(direct) / (none),(direct),227,260
2,2024-09-18,google / cpc,(organic),221,246
3,2024-09-18,google / cpc,HU | pMAX | PERF I Brand,172,187
4,2024-09-18,google / organic,(organic),153,180
5,2024-09-18,google / cpc,HU | GSN | PERF I Brand,130,161
6,2024-09-18,google / cpc,(not set),92,105
7,2024-09-18,facebook / cpc,campaign_19,79,83
8,2024-09-18,facebook / cpc,campaign_20,51,52
9,2024-09-18,facebook / cpc,campaign_21,35,38
10,2024-09-18,google / cpc,campaign_22,27,31
11,2024-09-18,bing / organic,(organic),7,20
12,2024-09-18,bing / cpc,campaign_2,20,20
13,2024-09-18,google / cpc,campaign_23,16,19
14,2024-09-18,google / cpc,campaign_24,19,19
15,2024-09-18,google / cpc,DE | pMAX | PERF I Brand,14,18
16,2024-09-18,m.facebook.com / referral,(referral),16,17
17,2024-09-18,google / cpc,campaign_25,17,17
18,2024-09-18,l.facebook.com / referral,(referral),12,14
19,2024-09-18,ajanlat / offline,campaign_10,8,14
20,2024-09-18,bing / cpc,campaign_5,3,13
21,2024-09-18,redir.d-edgeconnect.media / referral,(referral),9,10
22,2024-09-18,google / cpc,(referral),7,8
23,2024-09-18,google / cpc,campaign_26,5,7
24,2024-09-18,google / cpc,HU | GDN | ENGM I Programok '24,7,7
25,2024-09-18,phone / offline,proposal-by-phone,2,7
26,2024-09-18,l.instagram.com / referral,(referral),4,5
27,2024-09-18,lm.facebook.com / referral,(referral),3,5
28,2024-09-18,otpbankdirekt.hu / referral,(referral),2,5
29,2024-09-18,google / cpc,campaign_27,3,5
30,2024-09-18,google / cpc,campaign_28,3,5
31,2024-09-18,hirlevel_s1,hirlevel_c1,3,5
32,2024-09-18,google / cpc,campaign_29,2,4
33,2024-09-18,bing / cpc,HU | PERF | Lokáció - All,4,4
34,2024-09-18,kereso.startlap.hu / referral,(referral),1,3
35,2024-09-18,bing / cpc,HU | pMAX | Brand '23/'24,0,3
36,2024-09-18,hirlevel_s3,hirlevel_c2,1,3
37,2024-09-18,loyalty / email,loyalty-email,1,3
38,2024-09-18,ajanlat / offline,proposal-by-phone,2,3
39,2024-09-18,google / organic,(not set),1,2
40,2024-09-18,live / organic,(not set),1,2
41,2024-09-18,mail.google.com / referral,(referral),1,2
42,2024-09-18,romaniatv.net / referral,(referral),1,2
43,2024-09-18,bing / cpc,AT | PERF | Brand,2,2
44,2024-09-18,google / cpc,campaign_30,1,2
45,2024-09-18,google / organic,(not+set),1,1
46,2024-09-18,ecosia.org / organic,(organic),0,1
47,2024-09-18,click.pstmrk.it / referral,(referral),1,1
48,2024-09-18,e.issuu.com / referral,(referral),1,1
49,2024-09-18,economica.net / referral,(referral),1,1
50,2024-09-18,email.seznam.cz / referral,(referral),1,1
51,2024-09-18,hotelcms.hu / referral,(referral),1,1
52,2024-09-18,source_1,(referral),1,1
53,2024-09-18,leadersnet.at / referral,(referral),1,1
54,2024-09-18,morgens.hu / referral,(referral),1,1
55,2024-09-18,source_16,(referral),1,1
56,2024-09-18,zadir.hu / referral,(referral),0,1
57,2024-09-18,bing / cpc,campaign_31,0,1
58,2024-09-18,bing / cpc,campaign_14,1,1
59,2024-09-18,bing / cpc,DE | GSN | Lokáció,0,1
60,2024-09-18,bing / cpc,DE | PERF | Lokáció,1,1
61,2024-09-18,google / cpc,campaign_32,0,1
62,2024-09-18,facebook / cpc,campaign_1,0,1
63,2024-09-18,hirlevel_s5,hirlevel_c4,1,1
64,2024-09-19,(not set),(not set),616,822
65,2024-09-19,(direct) / (none),(direct),452,510
66,2024-09-19,google / cpc,(organic),269,303
67,2024-09-19,google / organic,(organic),165,191
68,2024-09-19,google / cpc,HU | pMAX | PERF I Brand,162,172
69,2024-09-19,google / cpc,HU | GSN | PERF I Brand,145,167
70,2024-09-19,google / cpc,(not set),124,140
71,2024-09-19,facebook / cpc,campaign_19,82,84
72,2024-09-19,google / cpc,campaign_22,27,51
73,2024-09-19,facebook / cpc,campaign_20,45,48
74,2024-09-19,facebook / cpc,campaign_21,22,33
75,2024-09-19,hirlevel_s1,hirlevel_c1,22,31
76,2024-09-19,google / cpc,campaign_24,24,25
77,2024-09-19,bing / cpc,campaign_2,21,23
78,2024-09-19,l.facebook.com / referral,(referral),14,22
79,2024-09-19,google / cpc,campaign_25,10,22
80,2024-09-19,m.facebook.com / referral,(referral),19,21
81,2024-09-19,l.instagram.com / referral,(referral),13,18
82,2024-09-19,google / cpc,campaign_23,13,18
83,2024-09-19,bing / organic,(organic),15,17
84,2024-09-19,bing / cpc,campaign_5,4,16
85,2024-09-19,google / cpc,HU | GDN | ENGM I Programok '24,12,12
86,2024-09-19,instagram.com / referral,(referral),11,11
87,2024-09-19,google / cpc,DE | pMAX | PERF I Brand,8,10
88,2024-09-19,hirlevel_s5,hirlevel_c4,8,9
89,2024-09-19,google / organic,(not set),1,8
90,2024-09-19,redir.d-edgeconnect.media / referral,(referral),6,8
91,2024-09-19,webmail.telekom.hu / referral,(referral),6,7
92,2024-09-19,ajanlat / offline,proposal-by-phone,5,7
93,2024-09-19,hotelcms.hu / referral,(referral),1,6
94,2024-09-19,google / cpc,campaign_27,2,6
95,2024-09-19,google / cpc,campaign_28,1,6
96,2024-09-19,hirlevel_s3,hirlevel_c2,4,6
97,2024-09-19,ajanlat / offline,campaign_10,3,6
98,2024-09-19,phone / offline,proposal-by-phone,4,6
99,2024-09-19,bing / cpc,campaign_14,3,5
100,2024-09-19,google / cpc,campaign_33,3,5
101,2024-09-19,app.zoomsphere.com / referral,(referral),2,4
102,2024-09-19,mail.google.com / referral,(referral),2,4
103,2024-09-19,zadirweb.com / referral,(referral),1,4
104,2024-09-19,source_4,(referral),2,3
105,2024-09-19,gmail.hu / referral,(referral),3,3
106,2024-09-19,otpbankdirekt.hu / referral,(referral),2,3
107,2024-09-19,romaniatv.net / referral,(referral),2,3
108,2024-09-19,zadir.hu / referral,(referral),1,3
109,2024-09-19,google / cpc,campaign_26,3,3
110,2024-09-19,(direct) / (none),(not set),2,2
111,2024-09-19,deref-gmx.net / referral,(referral),1,2
112,2024-09-19,economica.net / referral,(referral),1,2
113,2024-09-19,google / cpc,(referral),1,2
114,2024-09-19,leadersnet.at / referral,(referral),1,2
115,2024-09-19,lm.facebook.com / referral,(referral),2,2
116,2024-09-19,m.gmail.hu / referral,(referral),2,2
117,2024-09-19,mail.centrum.sk / referral,(referral),1,2
118,2024-09-19,outlook.live.com / referral,(referral),1,2
119,2024-09-19,youtube.com / referral,(referral),1,2
120,2024-09-19,bing / cpc,HU | PERF | Desztináció,0,2
121,2024-09-19,facebook / cpc,campaign_1,2,2
122,2024-09-19,google / organic,(not+set),1,1
123,2024-09-19,ecosia.org / organic,(organic),1,1
124,2024-09-19,click.pstmrk.it / referral,(referral),1,1
125,2024-09-19,cn.bing.com / referral,(referral),1,1
126,2024-09-19,kereso.startlap.hu / referral,(referral),1,1
127,2024-09-19,lightmailer-bap.gmx.net / referral,(referral),1,1
128,2024-09-19,source_17,(referral),1,1
129,2024-09-19,fb / paid,campaign_34,1,1
130,2024-09-19,bing / cpc,campaign_35,0,1
131,2024-09-19,google / cpc,campaign_36,1,1
132,2024-09-19,google / cpc,campaign_30,1,1
133,2024-09-19,bing / cpc,HU | GSN | Brand,1,1
134,2024-09-19,bing / cpc,HU | GSN | Lokáció - All,0,1
135,2024-09-19,google / cpc,campaign_37,1,1
136,2024-09-19,loyalty / email,loyalty-email,1,1
137,2024-09-20,(not set),(not set),416,536
138,2024-09-20,(direct) / (none),(direct),242,264
139,2024-09-20,google / cpc,(organic),200,220
140,2024-09-20,google / organic,(organic),132,156
141,2024-09-20,google / cpc,HU | GSN | PERF I Brand,125,143
142,2024-09-20,google / cpc,HU | pMAX | PERF I Brand,128,136
143,2024-09-20,google / cpc,(not set),110,116
144,2024-09-20,facebook / cpc,campaign_19,92,94
145,2024-09-20,facebook / cpc,campaign_20,39,43
146,2024-09-20,facebook / cpc,campaign_21,28,28
147,2024-09-20,google / cpc,campaign_22,27,27
148,2024-09-20,bing / organic,(organic),17,24
149,2024-09-20,bing / cpc,campaign_2,24,24
150,2024-09-20,google / cpc,campaign_25,14,19
151,2024-09-20,l.facebook.com / referral,(referral),14,17
152,2024-09-20,google / cpc,DE | pMAX | PERF I Brand,13,17
153,2024-09-20,google / cpc,campaign_24,16,16
154,2024-09-20,redir.d-edgeconnect.media / referral,(referral),9,15
155,2024-09-20,l.instagram.com / referral,(referral),14,14
156,2024-09-20,google / cpc,HU | GDN | ENGM I Programok '24,8,13
157,2024-09-20,m.facebook.com / referral,(referral),5,11
158,2024-09-20,google / cpc,campaign_23,11,11
159,2024-09-20,facebook / cpc,campaign_1,7,9
160,2024-09-20,hirlevel_s1,hirlevel_c1,8,9
161,2024-09-20,instagram.com / referral,(referral),8,8
162,2024-09-20,google / cpc,campaign_27,5,8
163,2024-09-20,ajanlat / offline,campaign_10,4,7
164,2024-09-20,bing / cpc,campaign_5,2,5
165,2024-09-20,loyalty / email,loyalty-email,2,5
166,2024-09-20,(direct) / (none),(not set),3,4
167,2024-09-20,cdn.respond.io / referral,(not set),1,4
168,2024-09-20,google / cpc,(referral),1,4
169,2024-09-20,google / cpc,campaign_26,2,4
170,2024-09-20,hirlevel_s5,hirlevel_c4,4,4
171,2024-09-20,phone / offline,proposal-by-phone,2,4
172,2024-09-20,lm.facebook.com / referral,(referral),2,3
173,2024-09-20,bing / cpc,HU | PERF | Lokáció - All,0,3
174,2024-09-20,deref-gmx.net / referral,(not set),2,2
175,2024-09-20,google / organic,(not set),2,2
176,2024-09-20,live / organic,(not set),1,2
177,2024-09-20,leadersnet.at / referral,(referral),1,2
178,2024-09-20,mail.google.com / referral,(referral),1,2
179,2024-09-20,bing / cpc,campaign_14,2,2
180,2024-09-20,google / cpc,campaign_36,1,2
181,2024-09-20,google / cpc,campaign_32,2,2
182,2024-09-20,bing / cpc,HU | PERF | Desztináció,2,2
183,2024-09-20,hirlevel_s3,hirlevel_c2,2,2
184,2024-09-20,source_4,(referral),1,1
185,2024-09-20,app.zoomsphere.com / referral,(referral),1,1
186,2024-09-20,cdn.respond.io / referral,(referral),1,1
187,2024-09-20,deref-gmx.net / referral,(referral),1,1
188,2024-09-20,e.issuu.com / referral,(referral),1,1
189,2024-09-20,source_1,(referral),0,1
190,2024-09-20,lightmailer-bs.gmx.net / referral,(referral),1,1
191,2024-09-20,otpbankdirekt.hu / referral,(referral),0,1
192,2024-09-20,t-mail.centrum.sk / referral,(referral),1,1
193,2024-09-20,source_17,(referral),1,1
194,2024-09-20,wellcard.at / referral,(referral),1,1
195,2024-09-20,wellcard.de / referral,(referral),1,1
196,2024-09-20,zadir.hu / referral,(referral),1,1
197,2024-09-20,ig / paid,campaign_12,1,1
198,2024-09-20,fb / paid,campaign_7,1,1
199,2024-09-20,bing / cpc,AT | PERF | Brand,1,1
200,2024-09-20,google / cpc,campaign_33,1,1
201,2024-09-20,instagram / cpc,campaign_38,1,1
202,2024-09-20,google / cpc,campaign_37,1,1
203,2024-09-20,ajanlat / offline,proposal-by-phone,0,1
204,2024-09-21,(not set),(not set),389,566
205,2024-09-21,google / cpc,(organic),219,247
206,2024-09-21,(direct) / (none),(direct),188,207
207,2024-09-21,google / cpc,HU | pMAX | PERF I Brand,130,144
208,2024-09-21,google / cpc,HU | GSN | PERF I Brand,85,130
209,2024-09-21,google / organic,(organic),106,125
210,2024-09-21,google / cpc,(not set),100,109
211,2024-09-21,facebook / cpc,campaign_19,71,74
212,2024-09-21,facebook / cpc,campaign_21,35,45
213,2024-09-21,bing / cpc,campaign_2,37,40
214,2024-09-21,google / cpc,campaign_24,29,30
215,2024-09-21,facebook / cpc,campaign_20,27,27
216,2024-09-21,google / cpc,campaign_22,15,22
217,2024-09-21,m.facebook.com / referral,(referral),17,17
218,2024-09-21,google / cpc,campaign_23,14,15
219,2024-09-21,google / cpc,campaign_27,7,13
220,2024-09-21,google / cpc,DE | pMAX | PERF I Brand,12,13
221,2024-09-21,bing / organic,(organic),5,12
222,2024-09-21,l.facebook.com / referral,(referral),9,10
223,2024-09-21,google / cpc,HU | GDN | ENGM I Programok '24,7,9
224,2024-09-21,google / cpc,campaign_25,8,9
225,2024-09-21,hirlevel_s1,hirlevel_c1,1,9
226,2024-09-21,redir.d-edgeconnect.media / referral,(referral),6,7
227,2024-09-21,instagram.com / referral,(referral),2,4
228,2024-09-21,mail.google.com / referral,(referral),1,4
229,2024-09-21,bing / cpc,campaign_14,4,4
230,2024-09-21,google / cpc,campaign_26,1,4
231,2024-09-21,hirlevel_s5,hirlevel_c4,3,4
232,2024-09-21,loyalty / email,loyalty-email,1,4
233,2024-09-21,cdn.respond.io / referral,(not set),1,3
234,2024-09-21,google / cpc,(referral),3,3
235,2024-09-21,l.instagram.com / referral,(referral),0,3
236,2024-09-21,google / cpc,campaign_30,3,3
237,2024-09-21,google / organic,(not set),2,2
238,2024-09-21,live / organic,(not set),1,2
239,2024-09-21,cdn.respond.io / referral,(referral),1,2
240,2024-09-21,lm.facebook.com / referral,(referral),2,2
241,2024-09-21,thermengutscheine.at / referral,(referral),1,2
242,2024-09-21,google / cpc,campaign_33,1,2
243,2024-09-21,google / cpc,campaign_36,1,2
244,2024-09-21,bing / cpc,HU | PERF | Lokáció - All,2,2
245,2024-09-21,facebook / cpc,campaign_1,1,2
246,2024-09-21,ajanlat / email,campaign_15,1,2
247,2024-09-21,l.facebook.com / referral,(not set),1,1
248,2024-09-21,google / organic,(not+set),0,1
249,2024-09-21,duckduckgo / organic,(organic),1,1
250,2024-09-21,ecosia.org / organic,(organic),1,1
251,2024-09-21,source_4,(referral),0,1
252,2024-09-21,deref-gmx.net / referral,(referral),0,1
253,2024-09-21,glamour.hu / referral,(referral),1,1
254,2024-09-21,m.gmail.hu / referral,(referral),1,1
255,2024-09-21,webmail.telekom.hu / referral,(referral),1,1
256,2024-09-21,wellcard.at / referral,(referral),1,1
257,2024-09-21,google / cpc,campaign_29,1,1
258,2024-09-21,bing / cpc,DE | PERF | Brand,1,1
259,2024-09-21,bing / cpc,campaign_5,0,1
260,2024-09-21,google / cpc,campaign_28,1,1
261,2024-09-21,hirlevel_s3,hirlevel_c2,0,1
262,2024-09-21,ajanlat / offline,proposal-by-phone,1,1
263,2024-09-22,(not set),(not set),494,668
264,2024-09-22,google / cpc,(organic),243,282
265,2024-09-22,(direct) / (none),(direct),208,233
266,2024-09-22,google / cpc,HU | pMAX | PERF I Brand,164,173
267,2024-09-22,google / cpc,(not set),128,146
268,2024-09-22,google / cpc,HU | GSN | PERF I Brand,124,140
269,2024-09-22,google / organic,(organic),125,138
270,2024-09-22,facebook / cpc,campaign_19,105,107
271,2024-09-22,facebook / cpc,campaign_21,55,58
272,2024-09-22,bing / cpc,campaign_2,26,34
273,2024-09-22,facebook / cpc,campaign_20,27,29
274,2024-09-22,l.facebook.com / referral,(referral),23,24
275,2024-09-22,google / cpc,campaign_23,22,24
276,2024-09-22,google / cpc,DE | pMAX | PERF I Brand,24,24
277,2024-09-22,google / cpc,campaign_22,20,24
278,2024-09-22,redir.d-edgeconnect.media / referral,(referral),15,19
279,2024-09-22,google / cpc,campaign_24,19,19
280,2024-09-22,m.facebook.com / referral,(referral),12,15
281,2024-09-22,l.instagram.com / referral,(referral),5,14
282,2024-09-22,hirlevel_s1,hirlevel_c1,4,13
283,2024-09-22,google / cpc,campaign_25,8,11
284,2024-09-22,bing / organic,(organic),5,10
285,2024-09-22,google / cpc,HU | GDN | ENGM I Programok '24,7,9
286,2024-09-22,lm.facebook.com / referral,(referral),6,6
287,2024-09-22,google / cpc,campaign_27,5,5
288,2024-09-22,hirlevel_s3,hirlevel_c2,1,5
289,2024-09-22,google / cpc,(referral),4,4
290,2024-09-22,google / cpc,campaign_28,4,4
291,2024-09-22,(direct) / (none),(not set),1,3
292,2024-09-22,google / cpc,campaign_26,2,3
293,2024-09-22,phone / offline,proposal-by-phone,1,3
294,2024-09-22,cdn.respond.io / referral,(not set),1,2
295,2024-09-22,m.facebook.com / referral,(not set),2,2
296,2024-09-22,instagram.com / referral,(referral),0,2
297,2024-09-22,kereso.startlap.hu / referral,(referral),2,2
298,2024-09-22,mail.google.com / referral,(referral),1,2
299,2024-09-22,romaniatv.net / referral,(referral),2,2
300,2024-09-22,google / cpc,campaign_33,1,2
301,2024-09-22,bing / cpc,campaign_5,1,2
302,2024-09-22,bing / cpc,HU | PERF | Lokáció - All,2,2
303,2024-09-22,ajanlat / email,campaign_15,1,2
304,2024-09-22,deref-gmx.net / referral,(not set),0,1
305,2024-09-22,google / organic,(not set),0,1
306,2024-09-22,click.pstmrk.it / referral,(referral),1,1
307,2024-09-22,deref-gmx.net / referral,(referral),1,1
308,2024-09-22,dovolenanamiru.com / referral,(referral),1,1
309,2024-09-22,source_18,(referral),1,1
310,2024-09-22,wellcard.at / referral,(referral),1,1
311,2024-09-22,ig / paid,campaign_12,1,1
312,2024-09-22,bing / cpc,AT | PERF | Brand,0,1
313,2024-09-22,google / cpc,campaign_30,1,1
314,2024-09-22,bing / cpc,DE | PERF | Lokáció,1,1
315,2024-09-22,facebook / cpc,campaign_1,1,1
316,2024-09-22,google / cpc,campaign_37,0,1
317,2024-09-22,hirlevel_s5,hirlevel_c4,0,1
318,2024-09-22,ajanlat / offline,campaign_10,0,1
319,2024-09-22,ajanlat / offline,proposal-by-phone,1,1
320,2024-09-23,(not set),(not set),560,755
321,2024-09-23,google / cpc,(organic),289,331
322,2024-09-23,(direct) / (none),(direct),252,299
323,2024-09-23,google / organic,(organic),184,223
324,2024-09-23,google / cpc,HU | GSN | PERF I Brand,143,160
325,2024-09-23,google / cpc,HU | pMAX | PERF I Brand,147,157
326,2024-09-23,google / cpc,(not set),135,143
327,2024-09-23,facebook / cpc,campaign_21,129,132
328,2024-09-23,facebook / cpc,campaign_19,99,103
329,2024-09-23,bing / cpc,campaign_2,23,50
330,2024-09-23,l.facebook.com / referral,(referral),36,40
331,2024-09-23,facebook / cpc,campaign_20,38,40
332,2024-09-23,m.facebook.com / referral,(referral),26,28
333,2024-09-23,google / cpc,DE | pMAX | PERF I Brand,25,26
334,2024-09-23,google / cpc,campaign_22,24,26
335,2024-09-23,google / cpc,campaign_23,10,16
336,2024-09-23,bing / organic,(organic),10,14
337,2024-09-23,google / cpc,campaign_25,12,14
338,2024-09-23,l.instagram.com / referral,(referral),10,13
339,2024-09-23,redir.d-edgeconnect.media / referral,(referral),8,10
340,2024-09-23,google / cpc,campaign_27,5,9
341,2024-09-23,google / cpc,campaign_24,3,9
342,2024-09-23,ajanlat / offline,campaign_10,5,9
343,2024-09-23,bing / cpc,campaign_14,2,8
344,2024-09-23,ajanlat / offline,proposal-by-phone,0,7
345,2024-09-23,google / organic,(not set),6,6
346,2024-09-23,instagram.com / referral,(referral),6,6
347,2024-09-23,google / cpc,HU | GDN | ENGM I Programok '24,5,6
348,2024-09-23,google / cpc,(referral),5,5
349,2024-09-23,lm.facebook.com / referral,(referral),4,5
350,2024-09-23,loyalty / email,loyalty-email,1,4
351,2024-09-23,source_17,(referral),2,3
352,2024-09-23,ig / paid,campaign_12,2,3
353,2024-09-23,google / cpc,campaign_30,2,3
354,2024-09-23,google / cpc,campaign_29,1,3
355,2024-09-23,bing / cpc,campaign_5,3,3
356,2024-09-23,facebook / cpc,campaign_1,2,3
357,2024-09-23,(direct) / (none),(not set),1,2
358,2024-09-23,director-web.ro / referral,(referral),1,2
359,2024-09-23,economica.net / referral,(referral),2,2
360,2024-09-23,hotelcms.hu / referral,(referral),1,2
361,2024-09-23,thermenhotels.at / referral,(referral),1,2
362,2024-09-23,wellcard.at / referral,(referral),0,2
363,2024-09-23,zadirweb.com / referral,(referral),2,2
364,2024-09-23,google / cpc,campaign_26,2,2
365,2024-09-23,google / cpc,campaign_33,2,2
366,2024-09-23,google / cpc,campaign_28,2,2
367,2024-09-23,ajanlat / email,campaign_15,1,2
368,2024-09-23,phone / offline,proposal-by-phone,2,2
369,2024-09-23,ecosia.org / organic,(organic),1,1
370,2024-09-23,dailybusiness.ro / referral,(referral),1,1
371,2024-09-23,source_11,(referral),1,1
372,2024-09-23,lightmailer-bs.gmx.net / referral,(referral),1,1
373,2024-09-23,mail.google.com / referral,(referral),1,1
374,2024-09-23,romaniatv.net / referral,(referral),1,1
375,2024-09-23,t-mail.centrum.sk / referral,(referral),0,1
376,2024-09-23,thermengutscheine.at / referral,(referral),1,1
377,2024-09-23,fb / paid,campaign_7,1,1
378,2024-09-23,google / cpc,campaign_32,1,1
379,2024-09-23,bing / cpc,HU | PERF | Lokáció - All,1,1
380,2024-09-23,google / cpc,campaign_37,0,1
381,2024-09-23,bing / cpc,campaign_39,1,1
382,2024-09-23,hirlevel_s3,hirlevel_c2,1,1
383,2024-09-23,hirlevel_s1,hirlevel_c1,1,1
384,2024-09-24,(not set),(not set),593,778
385,2024-09-24,(direct) / (none),(direct),674,712
386,2024-09-24,google / cpc,(organic),304,335
387,2024-09-24,google / organic,(organic),174,197
388,2024-09-24,google / cpc,HU | pMAX | PERF I Brand,184,192
389,2024-09-24,google / cpc,(not set),168,182
390,2024-09-24,google / cpc,HU | GSN | PERF I Brand,142,165
391,2024-09-24,facebook / cpc,campaign_21,126,134
392,2024-09-24,facebook / cpc,campaign_19,104,105
393,2024-09-24,bing / cpc,campaign_2,25,46
394,2024-09-24,google / cpc,campaign_24,40,40
395,2024-09-24,facebook / cpc,campaign_20,21,35
396,2024-09-24,google / cpc,DE | pMAX | PERF I Brand,33,33
397,2024-09-24,l.facebook.com / referral,(referral),32,32
398,2024-09-24,google / cpc,campaign_23,27,29
399,2024-09-24,google / cpc,campaign_22,19,27
400,2024-09-24,m.facebook.com / referral,(referral),18,23
401,2024-09-24,google / cpc,campaign_25,16,16
402,2024-09-24,google / cpc,campaign_27,13,14
403,2024-09-24,bing / organic,(organic),10,13
404,2024-09-24,google / organic,(not set),5,11
405,2024-09-24,bing / cpc,campaign_14,6,11
406,2024-09-24,l.instagram.com / referral,(referral),8,10
407,2024-09-24,google / cpc,HU | GDN | ENGM I Programok '24,4,7
408,2024-09-24,webmail.telekom.hu / referral,(referral),0,6
409,2024-09-24,ajanlat / email,campaign_15,2,6
410,2024-09-24,google / cpc,(referral),3,5
411,2024-09-24,facebook / cpc,campaign_1,3,5
412,2024-09-24,click.pstmrk.it / referral,(referral),2,4
413,2024-09-24,instagram.com / referral,(referral),4,4
414,2024-09-24,lm.facebook.com / referral,(referral),2,4
415,2024-09-24,redir.d-edgeconnect.media / referral,(referral),4,4
416,2024-09-24,google / cpc,campaign_29,1,4
417,2024-09-24,hirlevel_s5,hirlevel_c4,0,4
418,2024-09-24,youtube.com / referral,(referral),3,3
419,2024-09-24,google / cpc,campaign_26,2,3
420,2024-09-24,google / cpc,campaign_33,3,3
421,2024-09-24,google / cpc,campaign_30,2,3
422,2024-09-24,bing / cpc,HU | PERF | Lokáció - All,1,3
423,2024-09-24,google / cpc,campaign_28,2,3
424,2024-09-24,qwant.com / organic,(organic),2,2
425,2024-09-24,mail.google.com / referral,(referral),1,2
426,2024-09-24,romaniatv.net / referral,(referral),2,2
427,2024-09-24,bing / cpc,campaign_5,1,2
428,2024-09-24,bing / cpc,HU | PERF | Brand,2,2
429,2024-09-24,bing / cpc,campaign_39,2,2
430,2024-09-24,ajanlat / offline,proposal-by-phone,0,2
431,2024-09-24,(direct) / (none),(not set),1,1
432,2024-09-24,cdn.respond.io / referral,(not set),0,1
433,2024-09-24,source_9,(not set),1,1
434,2024-09-24,ecosia.org / organic,(organic),1,1
435,2024-09-24,192.168.8.1 / referral,(referral),1,1
436,2024-09-24,dailybusiness.ro / referral,(referral),1,1
437,2024-09-24,kereso.startlap.hu / referral,(referral),1,1
438,2024-09-24,source_11,(referral),1,1
439,2024-09-24,morgens.hu / referral,(referral),1,1
440,2024-09-24,otpbankdirekt.hu / referral,(referral),1,1
441,2024-09-24,source_9,(referral),1,1
442,2024-09-24,thermengutscheine.at / referral,(referral),1,1
443,2024-09-24,wellcard.at / referral,(referral),0,1
444,2024-09-24,zadirweb.com / referral,(referral),1,1
445,2024-09-24,ig / paid,campaign_12,1,1
446,2024-09-24,hirlevel_s3,hirlevel_c2,1,1
447,2024-09-24,hirlevel_s1,hirlevel_c1,1,1
448,2024-09-24,loyalty / email,loyalty-email,1,1
449,2024-09-24,ajanlat / offline,campaign_10,1,1
450,2024-09-25,(not set),(not set),791,1
451,2024-09-25,google / cpc,(organic),255,288
452,2024-09-25,(direct) / (none),(direct),211,237
453,2024-09-25,google / organic,(organic),147,171
454,2024-09-25,google / cpc,HU | GSN | PERF I Brand,142,160
455,2024-09-25,google / cpc,(not set),136,151
456,2024-09-25,facebook / cpc,campaign_21,142,147
457,2024-09-25,google / cpc,HU | pMAX | PERF I Brand,121,127
458,2024-09-25,facebook / cpc,campaign_19,58,58
459,2024-09-25,bing / cpc,campaign_2,26,31
460,2024-09-25,l.facebook.com / referral,(referral),30,30
461,2024-09-25,google / cpc,campaign_22,16,27
462,2024-09-25,google / cpc,campaign_24,25,25
463,2024-09-25,google / cpc,DE | pMAX | PERF I Brand,17,19
464,2024-09-25,facebook / cpc,campaign_20,8,16
465,2024-09-25,bing / organic,(organic),7,15
466,2024-09-25,m.facebook.com / referral,(referral),14,14
467,2024-09-25,google / cpc,campaign_27,9,13
468,2024-09-25,instagram.com / referral,(referral),7,12
469,2024-09-25,google / cpc,campaign_23,7,10
470,2024-09-25,redir.d-edgeconnect.media / referral,(referral),1,9
471,2024-09-25,facebook / cpc,campaign_1,2,9
472,2024-09-25,ajanlat / offline,campaign_10,7,9
473,2024-09-25,google / cpc,campaign_25,6,8
474,2024-09-25,l.instagram.com / referral,(referral),4,6
475,2024-09-25,lm.facebook.com / referral,(referral),3,6
476,2024-09-25,hotelcms.hu / referral,(referral),1,5
477,2024-09-25,mail.google.com / referral,(referral),2,5
478,2024-09-25,source_17,(referral),1,5
479,2024-09-25,bing / cpc,campaign_14,4,5
480,2024-09-25,google / organic,(not set),2,4
481,2024-09-25,google / cpc,HU | GDN | ENGM I Programok '24,4,4
482,2024-09-25,(direct) / (none),(not set),2,3
483,2024-09-25,bing / cpc,campaign_5,0,3
484,2024-09-25,bing / cpc,HU | PERF | Lokáció - All,3,3
485,2024-09-25,click.pstmrk.it / referral,(referral),1,2
486,2024-09-25,google / cpc,campaign_26,2,2
487,2024-09-25,google / cpc,campaign_33,0,2
488,2024-09-25,google / cpc,campaign_29,0,2
489,2024-09-25,google / cpc,campaign_32,0,2
490,2024-09-25,google / cpc,campaign_28,2,2
491,2024-09-25,www.qwant.com / referral,(not set),1,1
492,2024-09-25,qwant.com / organic,(organic),1,1
493,2024-09-25,app.zoomsphere.com / referral,(referral),1,1
494,2024-09-25,dailybusiness.ro / referral,(referral),0,1
495,2024-09-25,google / cpc,(referral),1,1
496,2024-09-25,source_11,(referral),0,1
497,2024-09-25,otpbankdirekt.hu / referral,(referral),1,1
498,2024-09-25,wellcard.at / referral,(referral),1,1
499,2024-09-25,ig / paid,campaign_12,0,1
500,2024-09-25,fb / paid,campaign_7,0,1
501,2024-09-25,bing / cpc,AT | PERF | Brand,1,1
502,2024-09-25,bing / cpc,HU | PERF | Brand,1,1
503,2024-09-25,hirlevel_s1,hirlevel_c1,1,1
504,2024-09-25,loyalty / email,loyalty-email,0,1
505,2024-09-25,ajanlat / offline,proposal-by-phone,1,1
506,2024-09-25,phone / offline,proposal-by-phone,1,1
507,2024-09-26,(not set),(not set),575,744
508,2024-09-26,google / cpc,(organic),284,316
509,2024-09-26,google / organic,(organic),181,225
510,2024-09-26,google / cpc,HU | pMAX | PERF I Brand,208,211
511,2024-09-26,(direct) / (none),(direct),197,210
512,2024-09-26,facebook / cpc,campaign_21,193,204
513,2024-09-26,google / cpc,(not set),183,194
514,2024-09-26,google / cpc,HU | GSN | PERF I Brand,118,145
515,2024-09-26,facebook / cpc,campaign_19,72,73
516,2024-09-26,bing / cpc,campaign_2,61,69
517,2024-09-26,google / cpc,campaign_24,62,63
518,2024-09-26,l.facebook.com / referral,(referral),48,49
519,2024-09-26,m.facebook.com / referral,(referral),33,36
520,2024-09-26,google / cpc,campaign_22,29,35
521,2024-09-26,google / cpc,DE | pMAX | PERF I Brand,31,33
522,2024-09-26,google / cpc,campaign_23,22,22
523,2024-09-26,bing / organic,(organic),15,19
524,2024-09-26,google / cpc,campaign_27,6,15
525,2024-09-26,facebook / cpc,campaign_20,6,14
526,2024-09-26,ajanlat / offline,campaign_10,8,13
527,2024-09-26,google / cpc,HU | GDN | ENGM I Programok '24,10,11
528,2024-09-26,instagram.com / referral,(referral),8,8
529,2024-09-26,l.instagram.com / referral,(referral),2,8
530,2024-09-26,bing / cpc,campaign_14,4,8
531,2024-09-26,ajanlat / email,campaign_15,4,8
532,2024-09-26,redir.d-edgeconnect.media / referral,(referral),6,7
533,2024-09-26,google / cpc,(referral),6,6
534,2024-09-26,google / cpc,campaign_25,4,6
535,2024-09-26,lm.facebook.com / referral,(referral),5,5
536,2024-09-26,google / cpc,campaign_28,4,5
537,2024-09-26,thermengutscheine.at / referral,(referral),0,4
538,2024-09-26,economica.net / referral,(referral),3,3
539,2024-09-26,mail.google.com / referral,(referral),1,3
540,2024-09-26,google / cpc,campaign_26,3,3
541,2024-09-26,facebook / cpc,campaign_1,1,3
542,2024-09-26,(direct) / (none),(not set),0,2
543,2024-09-26,app.zoomsphere.com / referral,(referral),1,2
544,2024-09-26,hotelcms.hu / referral,(referral),1,2
545,2024-09-26,romaniatv.net / referral,(referral),1,2
546,2024-09-26,youtube.com / referral,(referral),0,2
547,2024-09-26,google / cpc,campaign_33,1,2
548,2024-09-26,bing / cpc,HU | PERF | Brand,0,2
549,2024-09-26,hirlevel_s3,hirlevel_c2,1,2
550,2024-09-26,ajanlat / offline,proposal-by-phone,2,2
551,2024-09-26,google / organic,(not set),0,1
552,2024-09-26,qwant.com / organic,(organic),0,1
553,2024-09-26,click.pstmrk.it / referral,(referral),0,1
554,2024-09-26,kapu.hu / referral,(referral),1,1
555,2024-09-26,kereso.startlap.hu / referral,(referral),1,1
556,2024-09-26,source_11,(referral),0,1
557,2024-09-26,lightmailer-bs.gmx.net / referral,(referral),1,1
558,2024-09-26,privacywall.org / referral,(referral),1,1
559,2024-09-26,source_9,(referral),0,1
560,2024-09-26,webmail.telekom.hu / referral,(referral),1,1
561,2024-09-26,wellcard.at / referral,(referral),0,1
562,2024-09-26,zadir.hu / referral,(referral),1,1
563,2024-09-26,bing / cpc,AT | PERF | Brand,1,1
564,2024-09-26,bing / cpc,DE | PERF | Brand,1,1
565,2024-09-26,hirlevel_s1,hirlevel_c1,1,1
566,2024-09-26,phone / offline,proposal-by-phone,1,1
567,2024-09-27,(not set),(not set),554,689
568,2024-09-27,google / cpc,(organic),238,272
569,2024-09-27,(direct) / (none),(direct),231,262
570,2024-09-27,google / cpc,(not set),164,170
571,2024-09-27,google / organic,(organic),148,166
572,2024-09-27,google / cpc,HU | GSN | PERF I Brand,135,160
573,2024-09-27,google / cpc,HU | pMAX | PERF I Brand,151,153
574,2024-09-27,facebook / cpc,campaign_21,137,143
575,2024-09-27,facebook / cpc,campaign_19,86,86
576,2024-09-27,google / cpc,campaign_24,76,79
577,2024-09-27,google / cpc,DE | pMAX | PERF I Brand,31,34
578,2024-09-27,google / cpc,campaign_22,28,32
579,2024-09-27,bing / cpc,campaign_2,21,23
580,2024-09-27,google / cpc,campaign_23,18,21
581,2024-09-27,l.facebook.com / referral,(referral),18,20
582,2024-09-27,m.facebook.com / referral,(referral),15,19
583,2024-09-27,facebook / cpc,campaign_20,12,13
584,2024-09-27,ajanlat / offline,campaign_10,7,12
585,2024-09-27,google / cpc,campaign_25,7,11
586,2024-09-27,google / cpc,campaign_27,5,10
587,2024-09-27,bing / cpc,campaign_14,8,8
588,2024-09-27,bing / organic,(organic),2,7
589,2024-09-27,instagram.com / referral,(referral),7,7
590,2024-09-27,l.instagram.com / referral,(referral),6,6
591,2024-09-27,redir.d-edgeconnect.media / referral,(referral),6,6
592,2024-09-27,google / cpc,HU | GDN | ENGM I Programok '24,6,6
593,2024-09-27,google / cpc,campaign_28,3,5
594,2024-09-27,lm.facebook.com / referral,(referral),3,3
595,2024-09-27,bing / cpc,HU | PERF | Lokáció - All,3,3
596,2024-09-27,source_19,(referral),2,2
597,2024-09-27,app.zoomsphere.com / referral,(referral),1,2
598,2024-09-27,google / cpc,(referral),2,2
599,2024-09-27,otpbankdirekt.hu / referral,(referral),1,2
600,2024-09-27,wellcard.at / referral,(referral),1,2
601,2024-09-27,google / cpc,campaign_26,2,2
602,2024-09-27,google / cpc,campaign_30,2,2
603,2024-09-27,phone / offline,proposal-by-phone,0,2
604,2024-09-27,(direct) / (none),(not set),0,1
605,2024-09-27,google / organic,(not set),1,1
606,2024-09-27,qwant.com / organic,(organic),0,1
607,2024-09-27,click.pstmrk.it / referral,(referral),1,1
608,2024-09-27,economica.net / referral,(referral),1,1
609,2024-09-27,glamour.hu / referral,(referral),1,1
610,2024-09-27,source_11,(referral),1,1
611,2024-09-27,mail.google.com / referral,(referral),1,1
612,2024-09-27,bing / cpc,AT | PERF | Brand,0,1
613,2024-09-27,google / cpc,campaign_29,1,1
614,2024-09-27,bing / cpc,HU | GSN | Lokáció - All,1,1
615,2024-09-27,bing / cpc,HU | PERF | Brand,1,1
616,2024-09-27,loyalty / email,loyalty-email,1,1
617,2024-09-27,ajanlat / email,campaign_15,1,1
618,2024-09-27,ajanlat / offline,proposal-by-phone,1,1
619,2024-09-27,email / offline,proposal-by-phone,1,1
620,2024-09-28,(not set),(not set),487,653
621,2024-09-28,google / cpc,(organic),243,280
622,2024-09-28,(direct) / (none),(direct),209,240
623,2024-09-28,google / cpc,HU | pMAX | PERF I Brand,203,221
624,2024-09-28,google / cpc,(not set),188,198
625,2024-09-28,google / organic,(organic),148,174
626,2024-09-28,google / cpc,HU | GSN | PERF I Brand,125,146
627,2024-09-28,facebook / cpc,campaign_21,107,116
628,2024-09-28,facebook / cpc,campaign_19,84,86
629,2024-09-28,google / cpc,campaign_24,81,83
630,2024-09-28,google / cpc,DE | pMAX | PERF I Brand,33,34
631,2024-09-28,bing / cpc,campaign_2,31,34
632,2024-09-28,l.facebook.com / referral,(referral),30,32
633,2024-09-28,google / cpc,campaign_22,29,32
634,2024-09-28,google / cpc,campaign_23,23,30
635,2024-09-28,m.facebook.com / referral,(referral),21,22
636,2024-09-28,google / cpc,HU | GDN | ENGM I Programok '24,8,12
637,2024-09-28,google / cpc,campaign_25,12,12
638,2024-09-28,facebook / cpc,campaign_20,10,12
639,2024-09-28,google / cpc,campaign_27,6,10
640,2024-09-28,bing / organic,(organic),5,9
641,2024-09-28,ajanlat / offline,campaign_10,9,9
642,2024-09-28,instagram.com / referral,(referral),7,8
643,2024-09-28,ajanlat / offline,proposal-by-phone,5,8
644,2024-09-28,l.instagram.com / referral,(referral),6,7
645,2024-09-28,google / cpc,(referral),6,6
646,2024-09-28,lm.facebook.com / referral,(referral),6,6
647,2024-09-28,redir.d-edgeconnect.media / referral,(referral),4,6
648,2024-09-28,ajanlat / email,campaign_15,4,6
649,2024-09-28,otpbankdirekt.hu / referral,(referral),4,4
650,2024-09-28,bing / cpc,campaign_14,2,4
651,2024-09-28,(direct) / (none),(not+set),1,3
652,2024-09-28,ecosia.org / organic,(organic),2,3
653,2024-09-28,google / cpc,campaign_33,3,3
654,2024-09-28,bing / cpc,HU | PERF | Lokáció - All,3,3
655,2024-09-28,google / cpc,campaign_28,3,3
656,2024-09-28,director-web.ro / referral,(referral),2,2
657,2024-09-28,source_16,(referral),1,2
658,2024-09-28,bing / cpc,DE | PERF | Brand,1,2
659,2024-09-28,bing / cpc,HU | PERF | Desztináció,2,2
660,2024-09-28,(direct) / (none),(not set),1,1
661,2024-09-28,gmail.hu / referral,(referral),1,1
662,2024-09-28,kapu.hu / referral,(referral),1,1
663,2024-09-28,kereso.startlap.hu / referral,(referral),1,1
664,2024-09-28,source_11,(referral),1,1
665,2024-09-28,mail.google.com / referral,(referral),1,1
666,2024-09-28,google / cpc,campaign_26,0,1
667,2024-09-28,google / cpc,campaign_30,1,1
668,2024-09-28,bing / cpc,campaign_5,1,1
669,2024-09-28,google / cpc,campaign_32,1,1
670,2024-09-28,facebook / cpc,campaign_1,0,1
671,2024-09-29,(not set),(not set),519,705
672,2024-09-29,google / cpc,(organic),288,320
673,2024-09-29,(direct) / (none),(direct),205,226
674,2024-09-29,google / cpc,HU | pMAX | PERF I Brand,194,205
675,2024-09-29,google / cpc,(not set),179,192
676,2024-09-29,google / cpc,HU | GSN | PERF I Brand,163,190
677,2024-09-29,google / organic,(organic),173,189
678,2024-09-29,facebook / cpc,campaign_21,126,131
679,2024-09-29,facebook / cpc,campaign_19,93,96
680,2024-09-29,google / cpc,campaign_24,87,91
681,2024-09-29,google / cpc,campaign_22,39,45
682,2024-09-29,google / cpc,DE | pMAX | PERF I Brand,36,41
683,2024-09-29,l.facebook.com / referral,(referral),34,34
684,2024-09-29,google / cpc,campaign_23,28,33
685,2024-09-29,m.facebook.com / referral,(referral),30,30
686,2024-09-29,bing / cpc,campaign_2,22,23
687,2024-09-29,google / cpc,campaign_25,17,17
688,2024-09-29,facebook / cpc,campaign_20,9,14
689,2024-09-29,google / cpc,campaign_27,7,12
690,2024-09-29,bing / organic,(organic),6,9
691,2024-09-29,google / cpc,HU | GDN | ENGM I Programok '24,9,9
692,2024-09-29,lm.facebook.com / referral,(referral),6,7
693,2024-09-29,instagram.com / referral,(referral),4,6
694,2024-09-29,ajanlat / offline,campaign_10,5,6
695,2024-09-29,redir.d-edgeconnect.media / referral,(referral),2,5
696,2024-09-29,bing / cpc,HU | PERF | Lokáció - All,3,5
697,2024-09-29,google / cpc,(referral),2,4
698,2024-09-29,wellcard.at / referral,(referral),2,4
699,2024-09-29,bing / cpc,campaign_14,2,4
700,2024-09-29,ecosia.org / organic,(organic),2,3
701,2024-09-29,l.instagram.com / referral,(referral),2,3
702,2024-09-29,google / cpc,campaign_28,3,3
703,2024-09-29,(direct) / (none),(not set),2,2
704,2024-09-29,mail.google.com / referral,(referral),1,2
705,2024-09-29,google / cpc,campaign_30,1,2
706,2024-09-29,bing / cpc,HU | PERF | Brand,1,2
707,2024-09-29,phone / offline,proposal-by-phone,1,2
708,2024-09-29,source_19,(referral),0,1
709,2024-09-29,dailybusiness.ro / referral,(referral),0,1
710,2024-09-29,kereso.startlap.hu / referral,(referral),1,1
711,2024-09-29,otpbankdirekt.hu / referral,(referral),1,1
712,2024-09-29,webmail.telekom.hu / referral,(referral),1,1
713,2024-09-29,google / cpc,campaign_26,0,1
714,2024-09-29,google / cpc,campaign_33,1,1
715,2024-09-29,google / cpc,campaign_32,1,1
716,2024-09-29,facebook / cpc,campaign_1,1,1
717,2024-09-29,other / offline,proposal-by-phone,1,1
718,2024-09-30,(not set),(not set),518,664
719,2024-09-30,google / cpc,(organic),274,306
720,2024-09-30,(direct) / (none),(direct),188,214
721,2024-09-30,google / organic,(organic),184,207
722,2024-09-30,google / cpc,HU | pMAX | PERF I Brand,183,200
723,2024-09-30,google / cpc,(not set),177,196
724,2024-09-30,google / cpc,HU | GSN | PERF I Brand,153,184
725,2024-09-30,facebook / cpc,campaign_21,100,113
726,2024-09-30,facebook / cpc,campaign_19,86,89
727,2024-09-30,google / cpc,campaign_24,74,79
728,2024-09-30,bing / cpc,campaign_2,39,40
729,2024-09-30,l.facebook.com / referral,(referral),37,38
730,2024-09-30,google / cpc,campaign_22,20,37
731,2024-09-30,google / cpc,DE | pMAX | PERF I Brand,36,36
732,2024-09-30,bing / organic,(organic),16,24
733,2024-09-30,google / cpc,campaign_23,14,21
734,2024-09-30,ajanlat / offline,campaign_10,11,19
735,2024-09-30,m.facebook.com / referral,(referral),12,17
736,2024-09-30,google / cpc,campaign_27,6,12
737,2024-09-30,facebook / cpc,campaign_20,6,10
738,2024-09-30,google / cpc,(referral),9,9
739,2024-09-30,google / cpc,HU | GDN | ENGM I Programok '24,4,9
740,2024-09-30,bing / cpc,HU | PERF | Lokáció - All,3,9
741,2024-09-30,google / cpc,campaign_25,2,8
742,2024-09-30,otpbankdirekt.hu / referral,(referral),0,7
743,2024-09-30,google / organic,(not set),6,6
744,2024-09-30,redir.d-edgeconnect.media / referral,(referral),4,6
745,2024-09-30,facebook / cpc,campaign_1,6,6
746,2024-09-30,(direct) / (none),(not set),3,4
747,2024-09-30,lm.facebook.com / referral,(referral),4,4
748,2024-09-30,click.pstmrk.it / referral,(referral),2,3
749,2024-09-30,mail.google.com / referral,(referral),1,3
750,2024-09-30,thermengutscheine.at / referral,(referral),1,3
751,2024-09-30,google / cpc,campaign_28,2,3
752,2024-09-30,ajanlat / offline,proposal-by-phone,3,3
753,2024-09-30,phone / offline,proposal-by-phone,3,3
754,2024-09-30,director-web.ro / referral,(referral),0,2
755,2024-09-30,kereso.startlap.hu / referral,(referral),0,2
756,2024-09-30,l.instagram.com / referral,(referral),2,2
757,2024-09-30,bing / cpc,campaign_14,2,2
758,2024-09-30,google / cpc,campaign_32,2,2
759,2024-09-30,hirlevel_s5,hirlevel_c4,2,2
760,2024-09-30,ajanlat / email,campaign_15,0,2
761,2024-09-30,email / offline,proposal-by-phone,1,2
762,2024-09-30,ecosia.org / organic,(organic),1,1
763,2024-09-30,email.seznam.cz / referral,(referral),1,1
764,2024-09-30,source_20,(referral),1,1
765,2024-09-30,instagram.com / referral,(referral),1,1
766,2024-09-30,kapu.hu / referral,(referral),1,1
767,2024-09-30,source_21,(referral),1,1
768,2024-09-30,source_21,(referral),1,1
769,2024-09-30,google / cpc,campaign_33,0,1
770,2024-09-30,bing / cpc,DE | PERF | Brand,1,1
771,2024-09-30,bing / cpc,campaign_5,0,1
772,2024-09-30,bing / cpc,HU | PERF | Desztináció,0,1
773,2024-09-30,bing / cpc,campaign_39,1,1
774,2024-09-30,other / offline,proposal-by-phone,1,1
775,2024-09-30,teszt / teszt,teszt,1,1
776,2024-09-30,teszt22 / teszt,teszt,1,1
777,2024-10-01,(not set),(not set),352,402
778,2024-10-01,google / cpc,(organic),226,266
779,2024-10-01,(direct) / (none),(direct),157,187
780,2024-10-01,google / organic,(organic),137,164
781,2024-10-01,google / cpc,HU | GSN | PERF I Brand,125,159
782,2024-10-01,google / cpc,(not set),118,128
783,2024-10-01,google / cpc,HU | pMAX | PERF I Brand,127,128
784,2024-10-01,facebook / cpc,campaign_19,67,70
785,2024-10-01,google / cpc,campaign_24,47,52
786,2024-10-01,google / cpc,DE | pMAX | PERF I Brand,28,30
787,2024-10-01,bing / cpc,campaign_2,28,29
788,2024-10-01,google / cpc,campaign_22,19,25
789,2024-10-01,l.facebook.com / referral,(referral),19,20
790,2024-10-01,bing / organic,(organic),16,19
791,2024-10-01,facebook / cpc,campaign_20,15,15
792,2024-10-01,m.facebook.com / referral,(referral),12,13
793,2024-10-01,google / cpc,campaign_23,9,12
794,2024-10-01,ajanlat / offline,campaign_10,9,11
795,2024-10-01,redir.d-edgeconnect.media / referral,(referral),10,10
796,2024-10-01,google / organic,(not set),6,7
797,2024-10-01,bing / cpc,campaign_14,7,7
798,2024-10-01,google / cpc,(referral),5,6
799,2024-10-01,google / cpc,campaign_27,6,6
800,2024-10-01,google / cpc,campaign_25,3,5
801,2024-10-01,l.instagram.com / referral,(referral),4,4
802,2024-10-01,source_17,(referral),2,4
803,2024-10-01,facebook / cpc,campaign_21,3,3
804,2024-10-01,google / cpc,campaign_28,3,3
805,2024-10-01,ajanlat / email,campaign_15,3,3
806,2024-10-01,lm.facebook.com / referral,(referral),2,2
807,2024-10-01,mail.google.com / referral,(referral),1,2
808,2024-10-01,otpbankdirekt.hu / referral,(referral),2,2
809,2024-10-01,bing / cpc,AT | PERF | Brand,1,2
810,2024-10-01,bing / cpc,HU | PERF | Lokáció - All,2,2
811,2024-10-01,facebook / cpc,campaign_1,2,2
812,2024-10-01,email / offline,proposal-by-phone,1,2
813,2024-10-01,(direct) / (none),(not set),1,1
814,2024-10-01,app.asana.com / referral,(referral),1,1
815,2024-10-01,source_14,(referral),1,1
816,2024-10-01,click.pstmrk.it / referral,(referral),1,1
817,2024-10-01,cn.bing.com / referral,(referral),1,1
818,2024-10-01,femcafe.hu / referral,(referral),1,1
819,2024-10-01,kereso.startlap.hu / referral,(referral),0,1
820,2024-10-01,reiseziel-erde.de / referral,(referral),1,1
821,2024-10-01,ui.ads.microsoft.com / referral,(referral),1,1
822,2024-10-01,wellcard.at / referral,(referral),1,1
823,2024-10-01,zadir.hu / referral,(referral),1,1
824,2024-10-01,google / cpc,campaign_26,1,1
825,2024-10-01,google / cpc,campaign_30,1,1
826,2024-10-01,bing / cpc,DE | PERF | Brand,1,1
827,2024-10-01,google / cpc,HU | GDN | ENGM I Programok '24,1,1
828,2024-10-01,google / cpc,HU | pMAX | Csomag '24,1,1
829,2024-10-01,phone / offline,proposal-by-phone,1,1
830,2024-10-02,(not set),(not set),350,370
831,2024-10-02,google / cpc,(organic),215,244
832,2024-10-02,google / organic,(organic),139,171
833,2024-10-02,(direct) / (none),(direct),140,162
834,2024-10-02,google / cpc,HU | GSN | PERF I Brand,122,143
835,2024-10-02,google / cpc,HU | pMAX | PERF I Brand,124,132
836,2024-10-02,google / cpc,(not set),105,109
837,2024-10-02,facebook / cpc,campaign_19,93,96
838,2024-10-02,google / cpc,campaign_24,46,51
839,2024-10-02,google / cpc,campaign_22,31,40
840,2024-10-02,bing / cpc,campaign_2,34,34
841,2024-10-02,facebook / cpc,campaign_20,27,30
842,2024-10-02,l.facebook.com / referral,(referral),23,27
843,2024-10-02,bing / organic,(organic),8,11
844,2024-10-02,google / cpc,campaign_27,10,11
845,2024-10-02,google / cpc,DE | pMAX | PERF I Brand,11,11
846,2024-10-02,ajanlat / offline,campaign_10,9,11
847,2024-10-02,m.facebook.com / referral,(referral),9,9
848,2024-10-02,redir.d-edgeconnect.media / referral,(referral),9,9
849,2024-10-02,google / cpc,campaign_23,7,9
850,2024-10-02,facebook / cpc,campaign_1,5,7
851,2024-10-02,google / cpc,campaign_28,4,6
852,2024-10-02,ajanlat / offline,proposal-by-phone,3,6
853,2024-10-02,bing / cpc,campaign_14,1,5
854,2024-10-02,l.instagram.com / referral,(referral),3,3
855,2024-10-02,zadir.hu / referral,(referral),1,3
856,2024-10-02,bing / cpc,HU | PERF | Desztináció,3,3
857,2024-10-02,bing / cpc,HU | PERF | Lokáció - All,3,3
858,2024-10-02,facebook / cpc,campaign_21,2,3
859,2024-10-02,google / cpc,(referral),2,2
860,2024-10-02,lm.facebook.com / referral,(referral),2,2
861,2024-10-02,bing / cpc,campaign_40,2,2
862,2024-10-02,hirlevel_s1,hirlevel_c1,2,2
863,2024-10-02,google / organic,(not set),1,1
864,2024-10-02,google / cpc,(not+set),1,1
865,2024-10-02,duckduckgo / organic,(organic),1,1
866,2024-10-02,ecosia.org / organic,(organic),1,1
867,2024-10-02,hotelcms.hu / referral,(referral),1,1
868,2024-10-02,kereso.startlap.hu / referral,(referral),1,1
869,2024-10-02,mail.google.com / referral,(referral),1,1
870,2024-10-02,romaniatv.net / referral,(referral),1,1
871,2024-10-02,source_16,(referral),1,1
872,2024-10-02,thermengutscheine.at / referral,(referral),1,1
873,2024-10-02,ui.ads.microsoft.com / referral,(referral),1,1
874,2024-10-02,wellcard.at / referral,(referral),1,1
875,2024-10-02,google / cpc,campaign_26,1,1
876,2024-10-02,google / cpc,campaign_30,1,1
877,2024-10-02,bing / cpc,campaign_5,1,1
878,2024-10-02,bing / cpc,HU | PERF | Brand,1,1
879,2024-10-02,ajanlat / email,campaign_15,1,1
880,2024-10-02,email / offline,proposal-by-phone,1,1
881,2024-10-03,(not set),(not set),359,387
882,2024-10-03,google / cpc,(organic),220,268
883,2024-10-03,(direct) / (none),(direct),161,183
884,2024-10-03,google / organic,(organic),142,177
885,2024-10-03,google / cpc,HU | GSN | PERF I Brand,148,171
886,2024-10-03,google / cpc,(not set),119,129
887,2024-10-03,google / cpc,HU | pMAX | PERF I Brand,102,110
888,2024-10-03,facebook / cpc,campaign_19,72,72
889,2024-10-03,google / cpc,campaign_24,45,48
890,2024-10-03,bing / cpc,campaign_2,32,35
891,2024-10-03,google / cpc,campaign_22,24,25
892,2024-10-03,google / cpc,DE | pMAX | PERF I Brand,19,21
893,2024-10-03,facebook / cpc,campaign_20,19,21
894,2024-10-03,bing / organic,(organic),15,18
895,2024-10-03,l.facebook.com / referral,(referral),13,14
896,2024-10-03,ajanlat / offline,campaign_10,8,14
897,2024-10-03,redir.d-edgeconnect.media / referral,(referral),11,11
898,2024-10-03,google / cpc,campaign_23,8,11
899,2024-10-03,m.facebook.com / referral,(referral),10,10
900,2024-10-03,ajanlat / offline,proposal-by-phone,3,8
901,2024-10-03,bing / cpc,campaign_40,7,7
902,2024-10-03,facebook / cpc,campaign_1,6,7
903,2024-10-03,ajanlat / email,campaign_15,6,7
904,2024-10-03,google / cpc,campaign_28,5,6
905,2024-10-03,google / cpc,campaign_27,5,5
906,2024-10-03,google / cpc,campaign_30,5,5
907,2024-10-03,source_16,(referral),3,4
908,2024-10-03,other / offline,proposal-by-phone,3,4
909,2024-10-03,(direct) / (none),(not set),2,2
910,2024-10-03,google / cpc,(referral),2,2
911,2024-10-03,hotelcms.hu / referral,(referral),1,2
912,2024-10-03,kereso.startlap.hu / referral,(referral),2,2
913,2024-10-03,lm.facebook.com / referral,(referral),2,2
914,2024-10-03,mail.google.com / referral,(referral),2,2
915,2024-10-03,otpbankdirekt.hu / referral,(referral),2,2
916,2024-10-03,bing / cpc,campaign_14,1,2
917,2024-10-03,bing / cpc,campaign_5,2,2
918,2024-10-03,google / cpc,campaign_25,1,2
919,2024-10-03,bing / cpc,HU | PERF | Lokáció - All,2,2
920,2024-10-03,google / organic,(not set),1,1
921,2024-10-03,amts.hu / referral,(referral),1,1
922,2024-10-03,source_1,(referral),1,1
923,2024-10-03,l.instagram.com / referral,(referral),1,1
924,2024-10-03,source_21,(referral),1,1
925,2024-10-03,thermengutscheine.at / referral,(referral),1,1
926,2024-10-03,source_17,(referral),0,1
927,2024-10-03,facebook / cpc,campaign_21,1,1
928,2024-10-03,hirlevel / ct,feliratkozas_hu,1,1
929,2024-10-03,hirlevel_s5,hirlevel_c4,1,1
930,2024-10-04,(not set),(not set),296,311
931,2024-10-04,google / cpc,(organic),182,214
932,2024-10-04,(direct) / (none),(direct),142,167
933,2024-10-04,google / organic,(organic),130,151
934,2024-10-04,google / cpc,HU | GSN | PERF I Brand,123,142
935,2024-10-04,google / cpc,HU | pMAX | PERF I Brand,132,137
936,2024-10-04,google / cpc,(not set),117,128
937,2024-10-04,facebook / cpc,campaign_19,68,71
938,2024-10-04,google / cpc,campaign_24,43,43
939,2024-10-04,facebook / cpc,campaign_20,26,26
940,2024-10-04,bing / cpc,campaign_2,23,23
941,2024-10-04,google / cpc,campaign_22,16,22
942,2024-10-04,m.facebook.com / referral,(referral),18,20
943,2024-10-04,google / cpc,DE | pMAX | PERF I Brand,17,18
944,2024-10-04,bing / organic,(organic),16,17
945,2024-10-04,google / cpc,campaign_23,16,17
946,2024-10-04,l.facebook.com / referral,(referral),16,16
947,2024-10-04,ajanlat / offline,campaign_10,7,10
948,2024-10-04,google / cpc,campaign_27,8,8
949,2024-10-04,redir.d-edgeconnect.media / referral,(referral),6,7
950,2024-10-04,bing / cpc,campaign_40,6,6
951,2024-10-04,google / cpc,campaign_28,5,5
952,2024-10-04,(direct) / (none),(not set),2,3
953,2024-10-04,lm.facebook.com / referral,(referral),3,3
954,2024-10-04,bing / cpc,HU | PERF | Desztináció,3,3
955,2024-10-04,google / cpc,(referral),1,2
956,2024-10-04,google / cpc,campaign_30,2,2
957,2024-10-04,bing / cpc,HU | PERF | Lokáció - All,2,2
958,2024-10-04,ajanlat / email,campaign_15,2,2
959,2024-10-04,ajanlat / offline,proposal-by-phone,2,2
960,2024-10-04,director-web.ro / referral,(referral),1,1
961,2024-10-04,glamour.hu / referral,(referral),1,1
962,2024-10-04,l.instagram.com / referral,(referral),1,1
963,2024-10-04,mail.google.com / referral,(referral),1,1
964,2024-10-04,otpbankdirekt.hu / referral,(referral),1,1
965,2024-10-04,romaniatv.net / referral,(referral),1,1
966,2024-10-04,source_17,(referral),1,1
967,2024-10-04,bing / cpc,HU | PERF I Brand,1,1
968,2024-10-04,loyalty / email,loyalty-email,1,1
969,2024-10-05,(not set),(not set),294,309
970,2024-10-05,google / cpc,(organic),210,242
971,2024-10-05,(direct) / (none),(direct),150,170
972,2024-10-05,google / organic,(organic),125,148
973,2024-10-05,google / cpc,HU | GSN | PERF I Brand,118,139
974,2024-10-05,google / cpc,HU | pMAX | PERF I Brand,132,139
975,2024-10-05,google / cpc,(not set),98,105
976,2024-10-05,facebook / cpc,campaign_19,58,58
977,2024-10-05,google / cpc,campaign_24,54,56
978,2024-10-05,google / cpc,DE | pMAX | PERF I Brand,26,27
979,2024-10-05,facebook / cpc,campaign_20,26,27
980,2024-10-05,bing / cpc,campaign_2,17,17
981,2024-10-05,google / cpc,campaign_23,14,14
982,2024-10-05,google / cpc,campaign_22,13,14
983,2024-10-05,ajanlat / offline,campaign_10,7,14
984,2024-10-05,l.facebook.com / referral,(referral),11,13
985,2024-10-05,m.facebook.com / referral,(referral),11,12
986,2024-10-05,google / cpc,campaign_27,6,10
987,2024-10-05,bing / organic,(organic),5,7
988,2024-10-05,bing / cpc,HU | PERF | Desztináció,4,5
989,2024-10-05,l.instagram.com / referral,(referral),4,4
990,2024-10-05,redir.d-edgeconnect.media / referral,(referral),3,4
991,2024-10-05,bing / cpc,campaign_40,3,3
992,2024-10-05,google / cpc,campaign_26,3,3
993,2024-10-05,google / cpc,campaign_28,2,3
994,2024-10-05,wellcard.at / referral,(referral),1,2
995,2024-10-05,bing / cpc,HU | PERF | Lokáció - All,2,2
996,2024-10-05,google / cpc,(direct),1,1
997,2024-10-05,(direct) / (none),(not set),1,1
998,2024-10-05,google / cpc,(not+set),1,1
999,2024-10-05,duckduckgo / organic,(organic),1,1
1000,2024-10-05,google / cpc,(referral),1,1
1001,2024-10-05,kapu.hu / referral,(referral),1,1
1002,2024-10-05,lm.facebook.com / referral,(referral),1,1
1003,2024-10-05,mail.google.com / referral,(referral),1,1
1004,2024-10-05,source_21,(referral),1,1
1005,2024-10-05,google / cpc,campaign_30,1,1
1006,2024-10-05,google / cpc,campaign_25,1,1
1007,2024-10-05,loyalty / email,loyalty-email,1,1
1008,2024-10-05,ajanlat / offline,proposal-by-phone,1,1
1009,2024-10-06,(not set),(not set),431,458
1010,2024-10-06,google / cpc,(organic),271,315
1011,2024-10-06,(direct) / (none),(direct),162,195
1012,2024-10-06,google / organic,(organic),149,177
1013,2024-10-06,google / cpc,HU | GSN | PERF I Brand,147,176
1014,2024-10-06,google / cpc,HU | pMAX | PERF I Brand,136,142
1015,2024-10-06,google / cpc,(not set),116,131
1016,2024-10-06,facebook / cpc,campaign_19,49,50
1017,2024-10-06,google / cpc,campaign_24,49,49
1018,2024-10-06,bing / cpc,campaign_2,29,32
1019,2024-10-06,facebook / cpc,campaign_20,28,30
1020,2024-10-06,google / cpc,campaign_22,24,25
1021,2024-10-06,l.facebook.com / referral,(referral),20,20
1022,2024-10-06,google / cpc,campaign_27,13,17
1023,2024-10-06,google / cpc,campaign_23,15,16
1024,2024-10-06,google / cpc,(referral),11,14
1025,2024-10-06,m.facebook.com / referral,(referral),14,14
1026,2024-10-06,google / cpc,DE | pMAX | PERF I Brand,12,13
1027,2024-10-06,redir.d-edgeconnect.media / referral,(referral),11,11
1028,2024-10-06,l.instagram.com / referral,(referral),6,6
1029,2024-10-06,bing / cpc,HU | PERF I Brand,4,5
1030,2024-10-06,bing / organic,(organic),4,4
1031,2024-10-06,youtube.com / referral,(referral),4,4
1032,2024-10-06,ajanlat / offline,campaign_10,4,4
1033,2024-10-06,bing / cpc,campaign_40,3,3
1034,2024-10-06,google / cpc,campaign_30,3,3
1035,2024-10-06,bing / cpc,HU | PERF | Lokáció - All,3,3
1036,2024-10-06,google / cpc,campaign_28,3,3
1037,2024-10-06,hirlevel_s1,hirlevel_c1,2,3
1038,2024-10-06,duckduckgo / organic,(organic),1,2
1039,2024-10-06,kereso.startlap.hu / referral,(referral),2,2
1040,2024-10-06,wellcard.at / referral,(referral),2,2
1041,2024-10-06,ajanlat / email,campaign_15,2,2
1042,2024-10-06,ecosia.org / organic,(organic),0,1
1043,2024-10-06,dailybusiness.ro / referral,(referral),1,1
1044,2024-10-06,glamour.hu / referral,(referral),1,1
1045,2024-10-06,thermengutscheine.at / referral,(referral),1,1
1046,2024-10-06,bing / cpc,campaign_5,1,1
1047,2024-10-06,bing / cpc,HU | PERF | Desztináció,1,1
1048,2024-10-06,loyalty / email,loyalty-email,1,1
1049,2024-10-07,(not set),(not set),443,480
1050,2024-10-07,google / cpc,(organic),263,314
1051,2024-10-07,(direct) / (none),(direct),162,183
1052,2024-10-07,google / organic,(organic),150,179
1053,2024-10-07,google / cpc,HU | GSN | PERF I Brand,147,178
1054,2024-10-07,google / cpc,HU | pMAX | PERF I Brand,124,131
1055,2024-10-07,google / cpc,(not set),117,130
1056,2024-10-07,google / cpc,campaign_24,50,53
1057,2024-10-07,facebook / cpc,campaign_19,51,52
1058,2024-10-07,bing / cpc,campaign_2,31,34
1059,2024-10-07,google / cpc,DE | pMAX | PERF I Brand,24,26
1060,2024-10-07,google / cpc,campaign_23,20,22
1061,2024-10-07,google / cpc,campaign_22,17,18
1062,2024-10-07,facebook / cpc,campaign_20,12,16
1063,2024-10-07,l.instagram.com / referral,(referral),14,14
1064,2024-10-07,google / cpc,campaign_27,12,14
1065,2024-10-07,bing / organic,(organic),12,13
1066,2024-10-07,m.facebook.com / referral,(referral),10,11
1067,2024-10-07,ajanlat / offline,campaign_10,7,9
1068,2024-10-07,l.facebook.com / referral,(referral),7,7
1069,2024-10-07,bing / cpc,HU | PERF I Brand,7,7
1070,2024-10-07,email / offline,proposal-by-phone,5,7
1071,2024-10-07,redir.d-edgeconnect.media / referral,(referral),5,5
1072,2024-10-07,google / cpc,(referral),4,4
1073,2024-10-07,otpbankdirekt.hu / referral,(referral),3,4
1074,2024-10-07,zadir.hu / referral,(referral),1,4
1075,2024-10-07,duckduckgo / organic,(organic),1,3
1076,2024-10-07,mail.google.com / referral,(referral),2,3
1077,2024-10-07,bing / cpc,campaign_40,3,3
1078,2024-10-07,google / cpc,campaign_28,3,3
1079,2024-10-07,(direct) / (none),(not set),2,2
1080,2024-10-07,lm.facebook.com / referral,(referral),2,2
1081,2024-10-07,privacywall.org / referral,(referral),2,2
1082,2024-10-07,youtube.com / referral,(referral),2,2
1083,2024-10-07,bing / cpc,AT | PERF I Brand,2,2
1084,2024-10-07,google / cpc,campaign_30,2,2
1085,2024-10-07,bing / cpc,campaign_5,2,2
1086,2024-10-07,bing / cpc,HU | PERF | Desztináció,2,2
1087,2024-10-07,bing / cpc,HU | PERF | Lokáció - All,2,2
1088,2024-10-07,ajanlat / email,campaign_15,2,2
1089,2024-10-07,thermengutscheine.at / referral,(referral),1,1
1090,2024-10-07,google / cpc,campaign_25,0,1
1091,2024-10-07,facebook / cpc,campaign_41,1,1
1092,2024-10-07,facebook / cpc,campaign_21,1,1
1093,2024-10-07,hirlevel_s1,hirlevel_c1,1,1
1094,2024-10-07,hirlevel_s5,hirlevel_c4,1,1
1095,2024-10-07,phone / offline,proposal-by-phone,1,1
1096,2024-10-08,(not set),(not set),452,477
1097,2024-10-08,google / cpc,(organic),298,344
1098,2024-10-08,(direct) / (none),(direct),198,215
1099,2024-10-08,google / cpc,HU | GSN | PERF I Brand,142,172
1100,2024-10-08,google / organic,(organic),148,164
1101,2024-10-08,google / cpc,HU | pMAX | PERF I Brand,125,132
1102,2024-10-08,google / cpc,(not set),115,126
1103,2024-10-08,facebook / cpc,campaign_19,74,74
1104,2024-10-08,google / cpc,campaign_24,33,37
1105,2024-10-08,bing / cpc,campaign_2,24,27
1106,2024-10-08,facebook / cpc,campaign_20,22,24
1107,2024-10-08,l.instagram.com / referral,(referral),23,23
1108,2024-10-08,google / cpc,campaign_23,22,23
1109,2024-10-08,l.facebook.com / referral,(referral),17,19
1110,2024-10-08,google / cpc,DE | pMAX | PERF I Brand,16,16
1111,2024-10-08,google / cpc,campaign_22,13,15
1112,2024-10-08,bing / organic,(organic),10,13
1113,2024-10-08,ajanlat / offline,campaign_10,8,9
1114,2024-10-08,google / cpc,campaign_27,7,8
1115,2024-10-08,redir.d-edgeconnect.media / referral,(referral),7,7
1116,2024-10-08,bing / cpc,HU | PERF I Brand,4,6
1117,2024-10-08,m.facebook.com / referral,(referral),5,5
1118,2024-10-08,google / cpc,campaign_28,5,5
1119,2024-10-08,lm.facebook.com / referral,(referral),4,4
1120,2024-10-08,bing / cpc,campaign_40,4,4
1121,2024-10-08,bing / cpc,HU | PERF | Desztináció,1,4
1122,2024-10-08,app.zoomsphere.com / referral,(referral),2,3
1123,2024-10-08,facebook / cpc,campaign_21,3,3
1124,2024-10-08,google / cpc,(referral),1,2
1125,2024-10-08,kapu.hu / referral,(referral),1,2
1126,2024-10-08,kereso.startlap.hu / referral,(referral),0,2
1127,2024-10-08,lightmailer-bap.gmx.net / referral,(referral),1,2
1128,2024-10-08,mail.google.com / referral,(referral),1,2
1129,2024-10-08,otpbankdirekt.hu / referral,(referral),2,2
1130,2024-10-08,youtube.com / referral,(referral),1,2
1131,2024-10-08,bing / cpc,AT | PERF I Brand,2,2
1132,2024-10-08,google / cpc,campaign_30,1,2
1133,2024-10-08,bing / cpc,campaign_5,2,2
1134,2024-10-08,bing / cpc,HU | PERF | Lokáció - All,2,2
1135,2024-10-08,facebook / cpc,campaign_1,2,2
1136,2024-10-08,phone / offline,proposal-by-phone,1,2
1137,2024-10-08,google / cpc,(direct),1,1
1138,2024-10-08,(direct) / (none),(not set),1,1
1139,2024-10-08,google / organic,(not set),1,1
1140,2024-10-08,dailybusiness.ro / referral,(referral),1,1
1141,2024-10-08,dovolenanamiru.com / referral,(referral),1,1
1142,2024-10-08,glamour.hu / referral,(referral),1,1
1143,2024-10-08,instagram.com / referral,(referral),1,1
1144,2024-10-08,lightmailer-bs.gmx.net / referral,(referral),1,1
1145,2024-10-08,romaniatv.net / referral,(referral),1,1
1146,2024-10-08,thermenhotels.at / referral,(referral),1,1
1147,2024-10-08,source_17,(referral),1,1
1148,2024-10-08,email / offline,proposal-by-phone,1,1
1149,2024-10-09,(not set),(not set),439,473
1150,2024-10-09,google / cpc,(organic),310,367
1151,2024-10-09,(direct) / (none),(direct),194,225
1152,2024-10-09,google / cpc,HU | GSN | PERF I Brand,153,182
1153,2024-10-09,google / organic,(organic),125,155
1154,2024-10-09,google / cpc,HU | pMAX | PERF I Brand,136,142
1155,2024-10-09,google / cpc,(not set),102,113
1156,2024-10-09,facebook / cpc,campaign_19,79,80
1157,2024-10-09,bing / cpc,campaign_2,28,32
1158,2024-10-09,google / cpc,campaign_24,28,30
1159,2024-10-09,facebook / cpc,campaign_20,27,27
1160,2024-10-09,google / cpc,campaign_22,23,25
1161,2024-10-09,l.facebook.com / referral,(referral),21,21
1162,2024-10-09,bing / organic,(organic),7,14
1163,2024-10-09,google / cpc,campaign_23,13,14
1164,2024-10-09,bing / cpc,HU | PERF I Brand,12,13
1165,2024-10-09,google / cpc,campaign_27,11,12
1166,2024-10-09,google / cpc,DE | pMAX | PERF I Brand,12,12
1167,2024-10-09,ajanlat / offline,campaign_10,8,12
1168,2024-10-09,redir.d-edgeconnect.media / referral,(referral),6,10
1169,2024-10-09,facebook / cpc,campaign_21,10,10
1170,2024-10-09,hirlevel / ct,hirlevel_c5,9,9
1171,2024-10-09,l.instagram.com / referral,(referral),8,8
1172,2024-10-09,kapu.hu / referral,(referral),3,7
1173,2024-10-09,m.facebook.com / referral,(referral),6,7
1174,2024-10-09,glamour.hu / referral,(referral),2,3
1175,2024-10-09,google / cpc,(referral),3,3
1176,2024-10-09,lightmailer-bap.gmx.net / referral,(referral),1,3
1177,2024-10-09,zadir.hu / referral,(referral),1,3
1178,2024-10-09,ajanlat / email,campaign_15,3,3
1179,2024-10-09,app.zoomsphere.com / referral,(referral),1,2
1180,2024-10-09,google / cpc,campaign_33,2,2
1181,2024-10-09,bing / cpc,HU | PERF | Lokáció - All,2,2
1182,2024-10-09,facebook / cpc,campaign_1,2,2
1183,2024-10-09,google / cpc,campaign_28,2,2
1184,2024-10-09,loyalty / email,loyalty-email,2,2
1185,2024-10-09,email / offline,proposal-by-phone,2,2
1186,2024-10-09,phone / offline,proposal-by-phone,1,2
1187,2024-10-09,duckduckgo / organic,(organic),1,1
1188,2024-10-09,amts.hu / referral,(referral),1,1
1189,2024-10-09,cdn.respond.io / referral,(referral),1,1
1190,2024-10-09,director-web.ro / referral,(referral),1,1
1191,2024-10-09,dovolenanamiru.com / referral,(referral),1,1
1192,2024-10-09,emea.search.yahoo.com / referral,(referral),1,1
1193,2024-10-09,instagram.com / referral,(referral),1,1
1194,2024-10-09,source_17,(referral),1,1
1195,2024-10-09,bing / cpc,campaign_40,1,1
1196,2024-10-09,google / cpc,campaign_26,1,1
1197,2024-10-09,bing / cpc,AT | PERF I Brand,1,1
1198,2024-10-09,bing / cpc,HU,1,1
1199,2024-10-09,bing / cpc,HU | PERF | Desztináció,1,1
1200,2024-10-09,hirlevel_s5,hirlevel_c4,1,1
1201,2024-10-10,(not set),(not set),695,785
1202,2024-10-10,google / cpc,(organic),364,456
1203,2024-10-10,(direct) / (none),(direct),295,352
1204,2024-10-10,google / cpc,HU | GSN | PERF I Brand,212,280
1205,2024-10-10,google / organic,(organic),168,216
1206,2024-10-10,google / cpc,HU | pMAX | PERF I Brand,120,126
1207,2024-10-10,google / cpc,(not set),109,118
1208,2024-10-10,facebook / cpc,campaign_19,65,68
1209,2024-10-10,google / cpc,campaign_24,47,51
1210,2024-10-10,bing / cpc,campaign_2,32,34
1211,2024-10-10,facebook / cpc,campaign_20,23,28
1212,2024-10-10,google / cpc,campaign_23,14,21
1213,2024-10-10,google / cpc,campaign_22,15,20
1214,2024-10-10,l.facebook.com / referral,(referral),16,19
1215,2024-10-10,google / cpc,DE | pMAX | PERF I Brand,17,17
1216,2024-10-10,bing / cpc,HU | PERF I Brand,11,15
1217,2024-10-10,m.facebook.com / referral,(referral),14,14
1218,2024-10-10,redir.d-edgeconnect.media / referral,(referral),10,12
1219,2024-10-10,bing / organic,(organic),6,11
1220,2024-10-10,ajanlat / email,campaign_15,11,11
1221,2024-10-10,ajanlat / offline,campaign_10,9,10
1222,2024-10-10,l.instagram.com / referral,(referral),7,9
1223,2024-10-10,google / cpc,(referral),7,8
1224,2024-10-10,google / cpc,campaign_27,6,8
1225,2024-10-10,bing / cpc,campaign_40,7,7
1226,2024-10-10,glamour.hu / referral,(referral),5,6
1227,2024-10-10,facebook / cpc,campaign_21,6,6
1228,2024-10-10,otpbankdirekt.hu / referral,(referral),4,5
1229,2024-10-10,ajanlat / offline,proposal-by-phone,5,5
1230,2024-10-10,instagram.com / referral,(referral),4,4
1231,2024-10-10,zadir.hu / referral,(referral),1,4
1232,2024-10-10,bing / cpc,HU | PERF | Lokáció - All,4,4
1233,2024-10-10,hirlevel / ct,hirlevel_c5,4,4
1234,2024-10-10,kereso.startlap.hu / referral,(referral),1,3
1235,2024-10-10,source_1,(referral),1,3
1236,2024-10-10,google / cpc,campaign_26,2,3
1237,2024-10-10,app.zoomsphere.com / referral,(referral),2,2
1238,2024-10-10,kapu.hu / referral,(referral),2,2
1239,2024-10-10,lm.facebook.com / referral,(referral),2,2
1240,2024-10-10,mail.google.com / referral,(referral),1,2
1241,2024-10-10,source_16,(referral),1,2
1242,2024-10-10,bing / cpc,HU,2,2
1243,2024-10-10,bing / cpc,HU | PERF | Desztináció,2,2
1244,2024-10-10,hirlevel_s1,hirlevel_c1,2,2
1245,2024-10-10,duckduckgo / organic,(organic),1,1
1246,2024-10-10,source_14,(referral),1,1
1247,2024-10-10,ui.ads.microsoft.com / referral,(referral),1,1
1248,2024-10-10,webmail.telekom.hu / referral,(referral),1,1
1249,2024-10-10,bing / cpc,campaign_31,1,1
1250,2024-10-10,bing / cpc,AT | PERF I Brand,1,1
1251,2024-10-10,google / cpc,campaign_30,1,1
1252,2024-10-10,facebook / cpc,campaign_1,0,1
1253,2024-10-10,loyalty / email,loyalty-email,1,1
1254,2024-10-11,(not set),(not set),507,550
1255,2024-10-11,google / cpc,(organic),316,377
1256,2024-10-11,(direct) / (none),(direct),227,282
1257,2024-10-11,google / cpc,HU | GSN | PERF I Brand,180,219
1258,2024-10-11,google / organic,(organic),151,187
1259,2024-10-11,google / cpc,(not set),125,133
1260,2024-10-11,google / cpc,HU | pMAX | PERF I Brand,98,103
1261,2024-10-11,facebook / cpc,campaign_19,65,67
1262,2024-10-11,google / cpc,campaign_24,39,40
1263,2024-10-11,google / cpc,campaign_22,31,39
1264,2024-10-11,facebook / cpc,campaign_20,22,25
1265,2024-10-11,l.facebook.com / referral,(referral),18,23
1266,2024-10-11,bing / cpc,campaign_2,18,21
1267,2024-10-11,bing / cpc,HU | PERF I Brand,15,21
1268,2024-10-11,google / cpc,campaign_23,16,19
1269,2024-10-11,m.facebook.com / referral,(referral),15,15
1270,2024-10-11,google / cpc,DE | pMAX | PERF I Brand,13,14
1271,2024-10-11,bing / organic,(organic),10,13
1272,2024-10-11,hirlevel / ct,hirlevel_c5,12,13
1273,2024-10-11,instagram.com / referral,(referral),10,10
1274,2024-10-11,l.instagram.com / referral,(referral),10,10
1275,2024-10-11,lm.facebook.com / referral,(referral),9,9
1276,2024-10-11,google / cpc,campaign_27,6,9
1277,2024-10-11,ajanlat / offline,campaign_10,8,9
1278,2024-10-11,(direct) / (none),(not set),5,6
1279,2024-10-11,bing / cpc,campaign_40,6,6
1280,2024-10-11,google / cpc,campaign_26,4,5
1281,2024-10-11,facebook / cpc,campaign_21,4,5
1282,2024-10-11,redir.d-edgeconnect.media / referral,(referral),3,3
1283,2024-10-11,uk.search.yahoo.com / referral,(referral),1,3
1284,2024-10-11,facebook / cpc,campaign_1,2,3
1285,2024-10-11,ajanlat / email,campaign_15,3,3
1286,2024-10-11,app.zoomsphere.com / referral,(referral),1,2
1287,2024-10-11,google / cpc,(referral),2,2
1288,2024-10-11,kereso.startlap.hu / referral,(referral),1,2
1289,2024-10-11,mail.google.com / referral,(referral),1,2
1290,2024-10-11,bing / cpc,AT | PERF I Brand,2,2
1291,2024-10-11,google / cpc,campaign_30,2,2
1292,2024-10-11,loyalty / email,loyalty-email,2,2
1293,2024-10-11,phone / offline,proposal-by-phone,2,2
1294,2024-10-11,google / organic,(not set),1,1
1295,2024-10-11,ecosia.org / organic,(organic),1,1
1296,2024-10-11,source_19,(referral),1,1
1297,2024-10-11,darksky.hu / referral,(referral),1,1
1298,2024-10-11,glamour.hu / referral,(referral),1,1
1299,2024-10-11,romaniatv.net / referral,(referral),1,1
1300,2024-10-11,search.brave.com / referral,(referral),1,1
1301,2024-10-11,statics.teams.cdn.office.net / referral,(referral),1,1
1302,2024-10-11,source_22,(referral),1,1
1303,2024-10-11,google / cpc,HU | GDN | ENGM I Programok '24,1,1
1304,2024-10-11,bing / cpc,HU | PERF | Lokáció - All,1,1
1305,2024-10-12,(not set),(not set),513,558
1306,2024-10-12,google / cpc,(organic),303,370
1307,2024-10-12,(direct) / (none),(direct),267,307
1308,2024-10-12,google / cpc,HU | GSN | PERF I Brand,180,236
1309,2024-10-12,google / organic,(organic),120,138
1310,2024-10-12,google / cpc,HU | pMAX | PERF I Brand,99,106
1311,2024-10-12,google / cpc,(not set),93,102
1312,2024-10-12,facebook / cpc,campaign_19,64,66
1313,2024-10-12,google / cpc,campaign_24,38,40
1314,2024-10-12,facebook / cpc,campaign_20,21,24
1315,2024-10-12,google / cpc,campaign_22,17,23
1316,2024-10-12,bing / cpc,campaign_2,16,17
1317,2024-10-12,google / cpc,campaign_23,14,16
1318,2024-10-12,instagram.com / referral,(referral),13,14
1319,2024-10-12,l.instagram.com / referral,(referral),13,14
1320,2024-10-12,google / cpc,DE | pMAX | PERF I Brand,14,14
1321,2024-10-12,l.facebook.com / referral,(referral),12,12
1322,2024-10-12,google / cpc,campaign_27,8,12
1323,2024-10-12,redir.d-edgeconnect.media / referral,(referral),8,11
1324,2024-10-12,m.facebook.com / referral,(referral),9,10
1325,2024-10-12,ajanlat / offline,campaign_10,8,10
1326,2024-10-12,(direct) / (none),(not set),3,6
1327,2024-10-12,bing / cpc,HU | PERF I Brand,4,6
1328,2024-10-12,bing / organic,(organic),2,5
1329,2024-10-12,lm.facebook.com / referral,(referral),4,5
1330,2024-10-12,bing / cpc,campaign_40,4,5
1331,2024-10-12,google / organic,(not set),3,4
1332,2024-10-12,glamour.hu / referral,(referral),4,4
1333,2024-10-12,otpbankdirekt.hu / referral,(referral),1,4
1334,2024-10-12,google / cpc,(referral),3,3
1335,2024-10-12,google / cpc,campaign_30,1,3
1336,2024-10-12,facebook / cpc,campaign_21,3,3
1337,2024-10-12,duckduckgo / organic,(organic),1,2
1338,2024-10-12,mail.google.com / referral,(referral),2,2
1339,2024-10-12,google / cpc,campaign_28,2,2
1340,2024-10-12,ajanlat / email,campaign_15,2,2
1341,2024-10-12,dailybusiness.ro / referral,(referral),1,1
1342,2024-10-12,kereso.startlap.hu / referral,(referral),1,1
1343,2024-10-12,google / cpc,campaign_26,1,1
1344,2024-10-12,google / cpc,HU | GDN | ENGM I Programok '24,1,1
1345,2024-10-12,instagram / cpc,campaign_38,1,1
1346,2024-10-12,hirlevel / ct,hirlevel_c5,1,1
1347,2024-10-12,ajanlat / offline,proposal-by-phone,1,1
1348,2024-10-13,(not set),(not set),819,917
1349,2024-10-13,google / cpc,(organic),412,510
1350,2024-10-13,(direct) / (none),(direct),362,420
1351,2024-10-13,google / cpc,HU | GSN | PERF I Brand,288,390
1352,2024-10-13,google / organic,(organic),185,228
1353,2024-10-13,google / cpc,(not set),117,123
1354,2024-10-13,google / cpc,HU | pMAX | PERF I Brand,107,116
1355,2024-10-13,facebook / cpc,campaign_19,80,86
1356,2024-10-13,google / cpc,campaign_24,57,58
1357,2024-10-13,l.facebook.com / referral,(referral),32,34
1358,2024-10-13,google / cpc,campaign_22,22,24
1359,2024-10-13,facebook / cpc,campaign_20,20,20
1360,2024-10-13,google / cpc,campaign_23,18,19
1361,2024-10-13,bing / cpc,campaign_2,17,19
1362,2024-10-13,google / cpc,campaign_27,16,18
1363,2024-10-13,m.facebook.com / referral,(referral),15,17
1364,2024-10-13,bing / organic,(organic),10,15
1365,2024-10-13,instagram.com / referral,(referral),14,15
1366,2024-10-13,google / cpc,DE | pMAX | PERF I Brand,13,15
1367,2024-10-13,redir.d-edgeconnect.media / referral,(referral),11,13
1368,2024-10-13,l.instagram.com / referral,(referral),12,12
1369,2024-10-13,bing / cpc,HU | PERF I Brand,11,12
1370,2024-10-13,ajanlat / offline,campaign_10,3,7
1371,2024-10-13,ajanlat / offline,proposal-by-phone,5,6
1372,2024-10-13,google / cpc,campaign_28,3,5
1373,2024-10-13,ajanlat / email,campaign_15,5,5
1374,2024-10-13,google / cpc,(referral),4,4
1375,2024-10-13,lm.facebook.com / referral,(referral),4,4
1376,2024-10-13,bing / cpc,campaign_40,4,4
1377,2024-10-13,facebook / cpc,campaign_21,4,4
1378,2024-10-13,kapu.hu / referral,(referral),1,3
1379,2024-10-13,otpbankdirekt.hu / referral,(referral),3,3
1380,2024-10-13,google / cpc,campaign_30,3,3
1381,2024-10-13,glamour.hu / referral,(referral),2,2
1382,2024-10-13,source_1,(referral),2,2
1383,2024-10-13,thermengutscheine.at / referral,(referral),2,2
1384,2024-10-13,(direct) / (none),(not set),1,1
1385,2024-10-13,google / organic,(not set),1,1
1386,2024-10-13,google / cpc,(not+set),1,1
1387,2024-10-13,source_14,(referral),1,1
1388,2024-10-13,emea.search.yahoo.com / referral,(referral),1,1
1389,2024-10-13,kereso.startlap.hu / referral,(referral),1,1
1390,2024-10-13,mail.google.com / referral,(referral),1,1
1391,2024-10-13,thermenhotels.at / referral,(referral),1,1
1392,2024-10-13,wellcard.at / referral,(referral),1,1
1393,2024-10-13,bing / cpc,AT | PERF I Brand,1,1
1394,2024-10-13,bing / cpc,campaign_5,1,1
1395,2024-10-13,bing / cpc,HU | GSN | Desztináció,1,1
1396,2024-10-13,loyalty / email,loyalty-email,1,1
1397,2024-10-14,(not set),(not set),396,429
1398,2024-10-14,google / cpc,(organic),267,326
1399,2024-10-14,(direct) / (none),(direct),192,225
1400,2024-10-14,google / cpc,HU | GSN | PERF I Brand,165,214
1401,2024-10-14,google / organic,(organic),126,160
1402,2024-10-14,google / cpc,HU | pMAX | PERF I Brand,117,128
1403,2024-10-14,google / cpc,(not set),99,104
1404,2024-10-14,facebook / cpc,campaign_19,63,64
1405,2024-10-14,google / cpc,campaign_24,34,35
1406,2024-10-14,l.facebook.com / referral,(referral),27,27
1407,2024-10-14,google / cpc,campaign_22,24,25
1408,2024-10-14,facebook / cpc,campaign_20,23,24
1409,2024-10-14,google / cpc,DE | pMAX | PERF I Brand,20,21
1410,2024-10-14,bing / cpc,campaign_2,19,21
1411,2024-10-14,google / cpc,campaign_23,16,18
1412,2024-10-14,facebook / cpc,campaign_21,15,15
1413,2024-10-14,bing / organic,(organic),13,14
1414,2024-10-14,m.facebook.com / referral,(referral),12,12
1415,2024-10-14,bing / cpc,HU | PERF I Brand,10,12
1416,2024-10-14,redir.d-edgeconnect.media / referral,(referral),10,11
1417,2024-10-14,otpbankdirekt.hu / referral,(referral),6,10
1418,2024-10-14,l.instagram.com / referral,(referral),8,9
1419,2024-10-14,instagram.com / referral,(referral),8,8
1420,2024-10-14,ajanlat / offline,campaign_10,6,7
1421,2024-10-14,lm.facebook.com / referral,(referral),5,6
1422,2024-10-14,bing / cpc,AT | PERF I Brand,5,5
1423,2024-10-14,google / organic,(not set),3,4
1424,2024-10-14,bing / cpc,campaign_40,4,4
1425,2024-10-14,google / cpc,campaign_27,4,4
1426,2024-10-14,google / cpc,campaign_26,4,4
1427,2024-10-14,app.zoomsphere.com / referral,(referral),1,3
1428,2024-10-14,(direct) / (none),(not set),2,2
1429,2024-10-14,google / cpc,(referral),2,2
1430,2024-10-14,thermengutscheine.at / referral,(referral),2,2
1431,2024-10-14,zadir.hu / referral,(referral),1,2
1432,2024-10-14,facebook / cpc,campaign_1,2,2
1433,2024-10-14,ajanlat / email,campaign_15,2,2
1434,2024-10-14,bing / organic,(not set),1,1
1435,2024-10-14,(direct) / (none),(not+set),1,1
1436,2024-10-14,email.seznam.cz / referral,(referral),1,1
1437,2024-10-14,email.t-online.de / referral,(referral),1,1
1438,2024-10-14,kapu.hu / referral,(referral),1,1
1439,2024-10-14,kereso.startlap.hu / referral,(referral),0,1
1440,2024-10-14,source_21,(referral),1,1
1441,2024-10-14,google / cpc,campaign_33,1,1
1442,2024-10-14,bing / cpc,campaign_5,1,1
1443,2024-10-14,google / cpc,campaign_28,1,1
1444,2024-10-14,hirlevel / ct,hirlevel_c5,1,1
1445,2024-10-14,ajanlat / offline,proposal-by-phone,1,1
1446,2024-10-14,email / offline,proposal-by-phone,1,1
1447,2024-10-14,phone / offline,proposal-by-phone,1,1
1448,2024-10-15,(not set),(not set),365,397
1449,2024-10-15,google / cpc,(organic),246,301
1450,2024-10-15,(direct) / (none),(direct),195,215
1451,2024-10-15,google / cpc,HU | GSN | PERF I Brand,126,172
1452,2024-10-15,google / organic,(organic),119,152
1453,2024-10-15,google / cpc,HU | pMAX | PERF I Brand,110,112
1454,2024-10-15,google / cpc,(not set),85,88
1455,2024-10-15,facebook / cpc,campaign_19,60,61
1456,2024-10-15,google / cpc,campaign_24,36,36
1457,2024-10-15,l.facebook.com / referral,(referral),25,26
1458,2024-10-15,facebook / cpc,campaign_21,23,24
1459,2024-10-15,bing / cpc,campaign_2,23,23
1460,2024-10-15,m.facebook.com / referral,(referral),18,22
1461,2024-10-15,instagram.com / referral,(referral),19,20
1462,2024-10-15,google / cpc,campaign_22,17,20
1463,2024-10-15,facebook / cpc,campaign_20,20,20
1464,2024-10-15,google / cpc,campaign_23,15,16
1465,2024-10-15,google / cpc,DE | pMAX | PERF I Brand,14,16
1466,2024-10-15,bing / organic,(organic),11,13
1467,2024-10-15,ajanlat / offline,campaign_10,8,12
1468,2024-10-15,bing / cpc,HU | PERF I Brand,9,11
1469,2024-10-15,google / cpc,campaign_27,8,10
1470,2024-10-15,redir.d-edgeconnect.media / referral,(referral),8,8
1471,2024-10-15,phone / offline,proposal-by-phone,3,7
1472,2024-10-15,app.zoomsphere.com / referral,(referral),2,5
1473,2024-10-15,l.instagram.com / referral,(referral),5,5
1474,2024-10-15,otpbankdirekt.hu / referral,(referral),1,5
1475,2024-10-15,(direct) / (none),(not set),2,4
1476,2024-10-15,lm.facebook.com / referral,(referral),4,4
1477,2024-10-15,google / cpc,(referral),3,3
1478,2024-10-15,source_17,(referral),1,3
1479,2024-10-15,wellcard.at / referral,(referral),1,3
1480,2024-10-15,bing / cpc,AT | PERF I Brand,3,3
1481,2024-10-15,google / cpc,campaign_26,2,2
1482,2024-10-15,google / cpc,campaign_33,2,2
1483,2024-10-15,google / cpc,campaign_28,2,2
1484,2024-10-15,ajanlat / email,campaign_15,1,2
1485,2024-10-15,bing / organic,(not set),1,1
1486,2024-10-15,google / organic,(not set),1,1
1487,2024-10-15,yahoo / organic,(organic),1,1
1488,2024-10-15,source_19,(referral),1,1
1489,2024-10-15,at.search.yahoo.com / referral,(referral),1,1
1490,2024-10-15,director-web.ro / referral,(referral),1,1
1491,2024-10-15,kapu.hu / referral,(referral),1,1
1492,2024-10-15,mail.google.com / referral,(referral),1,1
1493,2024-10-15,source_23,(referral),1,1
1494,2024-10-15,privacywall.org / referral,(referral),1,1
1495,2024-10-15,source_24,(referral),1,1
1496,2024-10-15,thermengutscheine.at / referral,(referral),1,1
1497,2024-10-15,source_22,(referral),1,1
1498,2024-10-15,webmail.telekom.hu / referral,(referral),1,1
1499,2024-10-15,zadir.hu / referral,(referral),1,1
1500,2024-10-15,google / cpc,campaign_30,1,1
1501,2024-10-16,(not set),(not set),294,313
1502,2024-10-16,google / cpc,(organic),225,266
1503,2024-10-16,(direct) / (none),(direct),165,197
1504,2024-10-16,google / cpc,HU | GSN | PERF I Brand,114,137
1505,2024-10-16,google / organic,(organic),108,121
1506,2024-10-16,google / cpc,HU | pMAX | PERF I Brand,101,106
1507,2024-10-16,google / cpc,(not set),90,99
1508,2024-10-16,facebook / cpc,campaign_19,63,63
1509,2024-10-16,google / cpc,campaign_24,47,49
1510,2024-10-16,facebook / cpc,campaign_20,31,34
1511,2024-10-16,m.facebook.com / referral,(referral),29,30
1512,2024-10-16,facebook / cpc,campaign_21,25,26
1513,2024-10-16,l.facebook.com / referral,(referral),24,24
1514,2024-10-16,bing / cpc,campaign_2,22,24
1515,2024-10-16,google / cpc,campaign_22,17,20
1516,2024-10-16,l.instagram.com / referral,(referral),18,19
1517,2024-10-16,instagram.com / referral,(referral),14,16
1518,2024-10-16,google / cpc,campaign_23,13,13
1519,2024-10-16,ajanlat / offline,campaign_10,11,13
1520,2024-10-16,bing / organic,(organic),7,9
1521,2024-10-16,google / cpc,campaign_27,7,9
1522,2024-10-16,redir.d-edgeconnect.media / referral,(referral),7,8
1523,2024-10-16,google / cpc,DE | pMAX | PERF I Brand,8,8
1524,2024-10-16,bing / cpc,HU | PERF I Brand,3,6
1525,2024-10-16,ajanlat / offline,proposal-by-phone,3,6
1526,2024-10-16,bing / organic,(not set),3,4
1527,2024-10-16,(direct) / (none),(not set),1,3
1528,2024-10-16,google / organic,(not set),2,3
1529,2024-10-16,bing / cpc,AT | PERF I Brand,3,3
1530,2024-10-16,google / cpc,(referral),2,2
1531,2024-10-16,kapu.hu / referral,(referral),1,2
1532,2024-10-16,lm.facebook.com / referral,(referral),2,2
1533,2024-10-16,otpbankdirekt.hu / referral,(referral),2,2
1534,2024-10-16,romaniatv.net / referral,(referral),2,2
1535,2024-10-16,source_17,(referral),1,2
1536,2024-10-16,zadir.hu / referral,(referral),1,2
1537,2024-10-16,bing / cpc,campaign_40,2,2
1538,2024-10-16,google / cpc,campaign_30,1,2
1539,2024-10-16,qwant.com / organic,(organic),1,1
1540,2024-10-16,e.issuu.com / referral,(referral),1,1
1541,2024-10-16,kereso.startlap.hu / referral,(referral),1,1
1542,2024-10-16,mail.google.com / referral,(referral),1,1
1543,2024-10-16,thermengutscheine.at / referral,(referral),1,1
1544,2024-10-16,web.telegram.org / referral,(referral),1,1
1545,2024-10-16,google / cpc,campaign_33,1,1
1546,2024-10-16,hirlevel / ct,hirlevel_c5,1,1
1547,2024-10-16,email / offline,proposal-by-phone,1,1
1548,2024-10-16,phone / offline,proposal-by-phone,1,1
1549,2024-10-17,(not set),(not set),336,353
1550,2024-10-17,google / cpc,(organic),238,285
1551,2024-10-17,(direct) / (none),(direct),188,214
1552,2024-10-17,google / cpc,HU | GSN | PERF I Brand,128,159
1553,2024-10-17,google / organic,(organic),106,132
1554,2024-10-17,google / cpc,HU | pMAX | PERF I Brand,118,130
1555,2024-10-17,google / cpc,(not set),111,114
1556,2024-10-17,google / cpc,campaign_24,53,54
1557,2024-10-17,facebook / cpc,campaign_19,50,51
1558,2024-10-17,l.facebook.com / referral,(referral),28,29
1559,2024-10-17,m.facebook.com / referral,(referral),28,29
1560,2024-10-17,facebook / cpc,campaign_21,29,29
1561,2024-10-17,facebook / cpc,campaign_20,25,25
1562,2024-10-17,google / cpc,campaign_22,19,23
1563,2024-10-17,bing / cpc,campaign_2,19,21
1564,2024-10-17,google / cpc,DE | pMAX | PERF I Brand,17,17
1565,2024-10-17,instagram.com / referral,(referral),15,16
1566,2024-10-17,l.instagram.com / referral,(referral),16,16
1567,2024-10-17,google / cpc,campaign_23,15,15
1568,2024-10-17,google / cpc,campaign_27,12,14
1569,2024-10-17,ajanlat / offline,campaign_10,8,14
1570,2024-10-17,bing / organic,(organic),8,12
1571,2024-10-17,bing / cpc,HU | PERF I Brand,6,10
1572,2024-10-17,source_22,(referral),8,9
1573,2024-10-17,google / organic,(not set),5,7
1574,2024-10-17,lm.facebook.com / referral,(referral),5,5
1575,2024-10-17,redir.d-edgeconnect.media / referral,(referral),5,5
1576,2024-10-17,ajanlat / email,campaign_15,4,4
1577,2024-10-17,ajanlat / offline,proposal-by-phone,3,4
1578,2024-10-17,kereso.startlap.hu / referral,(referral),3,3
1579,2024-10-17,facebook / cpc,campaign_1,2,3
1580,2024-10-17,app.zoomsphere.com / referral,(referral),2,2
1581,2024-10-17,at.search.yahoo.com / referral,(referral),1,2
1582,2024-10-17,kapu.hu / referral,(referral),1,2
1583,2024-10-17,source_11,(referral),2,2
1584,2024-10-17,bing / cpc,AT | PERF I Brand,2,2
1585,2024-10-17,hirlevel_s1,hirlevel_c1,2,2
1586,2024-10-17,hirlevel / ct,hirlevel_c6,1,2
1587,2024-10-17,hirlevel / ct,hirlevel_c5,2,2
1588,2024-10-17,(direct) / (none),(not set),1,1
1589,2024-10-17,duckduckgo / organic,(organic),1,1
1590,2024-10-17,source_25,(referral),1,1
1591,2024-10-17,csodasmagyarorszag.hu / referral,(referral),1,1
1592,2024-10-17,e.issuu.com / referral,(referral),1,1
1593,2024-10-17,source_20,(referral),1,1
1594,2024-10-17,google / cpc,(referral),1,1
1595,2024-10-17,internetbank.otpbank.hu / referral,(referral),1,1
1596,2024-10-17,mail.google.com / referral,(referral),1,1
1597,2024-10-17,otpbankdirekt.hu / referral,(referral),1,1
1598,2024-10-17,source_17,(referral),1,1
1599,2024-10-17,zadir.hu / referral,(referral),1,1
1600,2024-10-17,google / cpc,campaign_33,1,1
1601,2024-10-17,google / cpc,campaign_28,1,1
1602,2024-10-17,phone / offline,proposal-by-phone,1,1
1603,2024-10-18,hirlevel / ct,hirlevel_c6,520,585
1604,2024-10-18,(not set),(not set),472,493
1605,2024-10-18,(direct) / (none),(direct),289,331
1606,2024-10-18,google / cpc,(organic),254,300
1607,2024-10-18,google / cpc,HU | GSN | PERF I Brand,102,141
1608,2024-10-18,google / organic,(organic),110,131
1609,2024-10-18,google / cpc,HU | pMAX | PERF I Brand,129,131
1610,2024-10-18,google / cpc,(not set),109,116
1611,2024-10-18,facebook / cpc,campaign_19,57,58
1612,2024-10-18,google / cpc,campaign_24,44,47
1613,2024-10-18,bing / cpc,campaign_2,32,34
1614,2024-10-18,facebook / cpc,campaign_20,28,30
1615,2024-10-18,l.facebook.com / referral,(referral),28,29
1616,2024-10-18,facebook / cpc,campaign_21,24,25
1617,2024-10-18,m.facebook.com / referral,(referral),21,23
1618,2024-10-18,google / cpc,campaign_22,17,21
1619,2024-10-18,bing / cpc,HU | PERF I Brand,11,16
1620,2024-10-18,google / cpc,DE | pMAX | PERF I Brand,14,14
1621,2024-10-18,l.instagram.com / referral,(referral),10,11
1622,2024-10-18,instagram.com / referral,(referral),10,10
1623,2024-10-18,google / cpc,campaign_27,8,10
1624,2024-10-18,google / cpc,campaign_23,8,9
1625,2024-10-18,ajanlat / offline,campaign_10,9,9
1626,2024-10-18,google / cpc,(referral),7,7
1627,2024-10-18,hirlevel+ / ct,hirlevel_c6,6,7
1628,2024-10-18,lm.facebook.com / referral,(referral),6,6
1629,2024-10-18,hirlevel_s5,hirlevel_c4,6,6
1630,2024-10-18,google / cpc,campaign_28,2,5
1631,2024-10-18,hirlevel / ct,hirlevel_c5,5,5
1632,2024-10-18,source_22,(referral),3,3
1633,2024-10-18,bing / cpc,AT | PERF I Brand,2,3
1634,2024-10-18,facebook / cpc,campaign_1,3,3
1635,2024-10-18,(direct) / (none),(not set),1,2
1636,2024-10-18,bing / organic,(not set),2,2
1637,2024-10-18,google / organic,(not+set),2,2
1638,2024-10-18,bing / organic,(organic),2,2
1639,2024-10-18,email.seznam.cz / referral,(referral),2,2
1640,2024-10-18,mail.google.com / referral,(referral),2,2
1641,2024-10-18,romaniatv.net / referral,(referral),2,2
1642,2024-10-18,statics.teams.cdn.office.net / referral,(referral),1,2
1643,2024-10-18,google / cpc,campaign_26,1,2
1644,2024-10-18,google / cpc,campaign_30,2,2
1645,2024-10-18,hirlevel_s3,hirlevel_c2,2,2
1646,2024-10-18,ajanlat / email,campaign_15,2,2
1647,2024-10-18,ajanlat / offline,proposal-by-phone,2,2
1648,2024-10-18,google / organic,(not set),1,1
1649,2024-10-18,app.zoomsphere.com / referral,(referral),1,1
1650,2024-10-18,cdn.respond.io / referral,(referral),1,1
1651,2024-10-18,csodasmagyarorszag.hu / referral,(referral),1,1
1652,2024-10-18,otpbankdirekt.hu / referral,(referral),1,1
1653,2024-10-18,redir.d-edgeconnect.media / referral,(referral),1,1
1654,2024-10-18,search.brave.com / referral,(referral),1,1
1655,2024-10-18,t-pmail.centrum.sk / referral,(referral),1,1
1656,2024-10-18,web.telegram.org / referral,(referral),1,1
1657,2024-10-18,google / cpc,campaign_33,1,1
1658,2024-10-18,hirlevel_s1,hirlevel_c1,1,1
1659,2024-10-18,email / offline,proposal-by-phone,1,1
1660,2024-10-18,phone / offline,proposal-by-phone,1,1
