,date,utm_source_and_medium,utm_campaign,user_count,session_count
0,2024-09-18,(direct) / (none),(direct),104,124
1,2024-09-18,google / cpc,(not set),59,59
2,2024-09-18,google / organic,(organic),37,40
3,2024-09-18,google / cpc,hu_brand,30,34
4,2024-09-18,google / cpc,campaign_16,23,25
5,2024-09-18,facebook / cpc,campaign_14,21,21
6,2024-09-18,google / cpc,campaign_15,18,19
7,2024-09-18,redir.d-edgeconnect.media / referral,(referral),12,12
8,2024-09-18,google / cpc,campaign_19,6,11
9,2024-09-18,google / cpc,hu_pmax_brand,8,9
10,2024-09-18,google / cpc,(organic),6,6
11,2024-09-18,source_1,(referral),6,6
12,2024-09-18,l.facebook.com / referral,(referral),6,6
13,2024-09-18,m.facebook.com / referral,(referral),5,6
14,2024-09-18,google / cpc,campaign_17,5,6
15,2024-09-18,msn.com / referral,(referral),2,5
16,2024-09-18,facebook / cpc,campaign_18,5,5
17,2024-09-18,google / cpc,campaign_26,4,5
18,2024-09-18,google / cpc,campaign_22,4,4
19,2024-09-18,(not set),(not set),3,3
20,2024-09-18,google / cpc,campaign_20,3,3
21,2024-09-18,google / cpc,campaign_23,3,3
22,2024-09-18,hotelcms.hu / referral,(referral),2,2
23,2024-09-18,ntp.msn.com / referral,(referral),1,2
24,2024-09-18,bing / cpc,campaign_28,2,2
25,2024-09-18,google / cpc,campaign_24,2,2
26,2024-09-18,seznam / organic,(organic),1,1
27,2024-09-18,source_10,(referral),1,1
28,2024-09-18,email.seznam.cz / referral,(referral),1,1
29,2024-09-18,googleads.g.doubleclick.net / referral,(referral),1,1
30,2024-09-18,statics.teams.cdn.office.net / referral,(referral),1,1
31,2024-09-18,fb / paid,campaign_8,1,1
32,2024-09-18,bing / cpc,campaign_31,1,1
33,2024-09-18,bing / cpc,campaign_32,1,1
34,2024-09-18,google / cpc,campaign_30,1,1
35,2024-09-18,google / cpc,campaign_25,1,1
36,2024-09-18,source_11,campaign_4,1,1
37,2024-09-18,bing / cpc,campaign_33,1,1
38,2024-09-18,google / cpc,campaign_34,1,1
39,2024-09-18,facebook / cpc,campaign_21,1,1
40,2024-09-18,source_9,hirlevel_c3,1,1
41,2024-09-18,google / cpc,utm_campaign,1,1
42,2024-09-19,google / cpc,campaign_24,2,4
43,2024-09-19,google / cpc,(not set),52,59
44,2024-09-19,google / organic,(organic),34,37
45,2024-09-19,google / cpc,campaign_16,26,35
46,2024-09-19,google / cpc,hu_brand,28,32
47,2024-09-19,facebook / cpc,campaign_14,19,20
48,2024-09-19,google / cpc,campaign_15,13,14
49,2024-09-19,m.facebook.com / referral,(referral),11,11
50,2024-09-19,redir.d-edgeconnect.media / referral,(referral),10,10
51,2024-09-19,facebook / cpc,campaign_18,10,10
52,2024-09-19,(not set),(not set),9,9
53,2024-09-19,google / cpc,hu_pmax_brand,7,8
54,2024-09-19,ajanlat / offline,campaign_2,4,7
55,2024-09-19,l.facebook.com / referral,(referral),6,6
56,2024-09-19,source_1,(referral),5,5
57,2024-09-19,ntp.msn.com / referral,(referral),2,4
58,2024-09-19,google / cpc,campaign_19,4,4
59,2024-09-19,google / cpc,campaign_17,4,4
60,2024-09-19,google / cpc,campaign_23,4,4
61,2024-09-19,(direct) / (none),(direct),55,63
62,2024-09-19,google / cpc,(organic),3,3
63,2024-09-19,source_11,campaign_4,3,3
64,2024-09-19,ajanlat / offline,proposal-by-phone,3,3
65,2024-09-19,google / cpc,utm_campaign,2,3
66,2024-09-19,bing / organic,(organic),2,2
67,2024-09-19,seznam / organic,(organic),2,2
68,2024-09-19,lm.facebook.com / referral,(referral),2,2
69,2024-09-19,google / cpc,campaign_25,2,2
70,2024-09-19,googleads.g.doubleclick.net / referral,(referral),1,1
71,2024-09-19,hotelcms.hu / referral,(referral),1,1
72,2024-09-19,l.instagram.com / referral,(referral),1,1
73,2024-09-19,msn.com / referral,(referral),1,1
74,2024-09-19,bing / cpc,campaign_9,1,1
75,2024-09-19,bing / cpc,campaign_31,1,1
76,2024-09-19,google / cpc,campaign_20,1,1
77,2024-09-19,google / cpc,campaign_22,1,1
78,2024-09-19,bing / cpc,campaign_28,1,1
79,2024-09-19,bing / cpc,campaign_29,1,1
80,2024-09-19,bing / cpc,campaign_41,1,1
81,2024-09-19,google / cpc,campaign_26,1,1
82,2024-09-19,source_9,hirlevel_c3,1,1
83,2024-09-20,(direct) / (none),(direct),51,64
84,2024-09-20,google / cpc,campaign_16,34,40
85,2024-09-20,google / cpc,hu_brand,35,39
86,2024-09-20,google / organic,(organic),36,36
87,2024-09-20,google / cpc,(not set),33,35
88,2024-09-20,facebook / cpc,campaign_14,20,20
89,2024-09-20,l.facebook.com / referral,(referral),7,8
90,2024-09-20,google / cpc,campaign_15,7,8
91,2024-09-20,facebook / cpc,campaign_18,8,8
92,2024-09-20,google / cpc,hu_pmax_brand,8,8
93,2024-09-20,lm.facebook.com / referral,(referral),6,6
94,2024-09-20,google / cpc,campaign_19,5,6
95,2024-09-20,google / cpc,campaign_26,4,6
96,2024-09-20,m.facebook.com / referral,(referral),5,5
97,2024-09-20,bing / cpc,campaign_28,4,5
98,2024-09-20,google / cpc,(organic),4,4
99,2024-09-20,redir.d-edgeconnect.media / referral,(referral),3,4
100,2024-09-20,google / cpc,campaign_20,4,4
101,2024-09-20,(not set),(not set),2,3
102,2024-09-20,google / cpc,campaign_23,3,3
103,2024-09-20,ajanlat / offline,campaign_2,2,3
104,2024-09-20,google / organic,(not set),1,2
105,2024-09-20,seznam / organic,(organic),2,2
106,2024-09-20,l.instagram.com / referral,(referral),2,2
107,2024-09-20,bing / cpc,campaign_9,2,2
108,2024-09-20,source_1,(referral),1,1
109,2024-09-20,source_13,(referral),1,1
110,2024-09-20,bing / cpc,campaign_31,1,1
111,2024-09-20,google / cpc,campaign_30,1,1
112,2024-09-20,google / cpc,campaign_17,1,1
113,2024-09-20,bing / cpc,campaign_33,1,1
114,2024-09-20,google / cpc,campaign_27,1,1
115,2024-09-20,google / cpc,campaign_34,1,1
116,2024-09-20,bing / cpc,campaign_13,1,1
117,2024-09-20,google / cpc,campaign_22,1,1
118,2024-09-20,bing / cpc,campaign_29,1,1
119,2024-09-20,facebook / cpc,campaign_21,1,1
120,2024-09-20,google / cpc,campaign_24,1,1
121,2024-09-20,facebook.com / post,campaign_44,1,1
122,2024-09-20,google / cpc,utm_campaign,1,1
123,2024-09-21,google / cpc,campaign_20,4,4
124,2024-09-21,google / cpc,utm_campaign,1,1
125,2024-09-21,(direct) / (none),(direct),35,40
126,2024-09-21,google / cpc,(not set),30,34
127,2024-09-21,google / cpc,campaign_16,30,34
128,2024-09-21,l.instagram.com / referral,(referral),20,21
129,2024-09-21,m.facebook.com / referral,(referral),18,18
130,2024-09-21,google / cpc,campaign_15,13,17
131,2024-09-21,facebook / cpc,campaign_14,17,17
132,2024-09-21,google / cpc,campaign_17,1,13
133,2024-09-21,google / cpc,hu_pmax_brand,8,9
134,2024-09-21,redir.d-edgeconnect.media / referral,(referral),6,6
135,2024-09-21,l.facebook.com / referral,(referral),5,5
136,2024-09-21,lm.facebook.com / referral,(referral),5,5
137,2024-09-21,google / cpc,campaign_23,5,5
138,2024-09-21,facebook / cpc,campaign_18,4,5
139,2024-09-21,(not set),(not set),4,4
140,2024-09-21,google / cpc,hu_brand,41,44
141,2024-09-21,google / cpc,(organic),3,3
142,2024-09-21,seznam / organic,(organic),3,3
143,2024-09-21,google / cpc,campaign_19,3,3
144,2024-09-21,google / cpc,campaign_30,3,3
145,2024-09-21,source_1,(referral),2,2
146,2024-09-21,ajanlat / email,campaign_7,1,2
147,2024-09-21,googleads.g.doubleclick.net / referral,(referral),0,1
148,2024-09-21,bing / cpc,campaign_45,1,1
149,2024-09-21,google / cpc,campaign_43,1,1
150,2024-09-21,google / cpc,campaign_25,1,1
151,2024-09-21,google / cpc,campaign_27,1,1
152,2024-09-21,facebook / cpc,campaign_21,1,1
153,2024-09-21,google / cpc,campaign_26,1,1
154,2024-09-21,ajanlat / offline,proposal-by-phone,1,1
155,2024-09-21,google / organic,(organic),39,43
156,2024-09-22,google / organic,(organic),45,52
157,2024-09-22,google / cpc,campaign_26,1,1
158,2024-09-22,google / cpc,campaign_16,55,67
159,2024-09-22,google / cpc,(not set),45,47
160,2024-09-22,google / cpc,hu_brand,35,37
161,2024-09-22,facebook / cpc,campaign_14,29,29
162,2024-09-22,google / cpc,campaign_19,16,20
163,2024-09-22,l.facebook.com / referral,(referral),15,17
164,2024-09-22,m.facebook.com / referral,(referral),14,14
165,2024-09-22,google / cpc,campaign_15,9,9
166,2024-09-22,facebook / cpc,campaign_18,9,9
167,2024-09-22,google / cpc,hu_pmax_brand,9,9
168,2024-09-22,google / cpc,campaign_17,6,8
169,2024-09-22,(not set),(not set),6,6
170,2024-09-22,redir.d-edgeconnect.media / referral,(referral),6,6
171,2024-09-22,google / cpc,campaign_20,5,6
172,2024-09-22,google / cpc,campaign_30,5,6
173,2024-09-22,seznam / organic,(organic),4,4
174,2024-09-22,google / cpc,(organic),1,3
175,2024-09-22,googleads.g.doubleclick.net / referral,(referral),3,3
176,2024-09-22,source_1,(referral),3,3
177,2024-09-22,google / cpc,campaign_23,3,3
178,2024-09-22,google / cpc,campaign_22,3,3
179,2024-09-22,bing / cpc,campaign_28,3,3
180,2024-09-22,bing / organic,(organic),2,2
181,2024-09-22,lm.facebook.com / referral,(referral),2,2
182,2024-09-22,bing / cpc,campaign_31,2,2
183,2024-09-22,google / cpc,campaign_24,2,2
184,2024-09-22,ajanlat / offline,campaign_2,1,2
185,2024-09-22,yahoo / organic,(organic),1,1
186,2024-09-22,source_10,(referral),1,1
187,2024-09-22,instagram.com / referral,(referral),1,1
188,2024-09-22,l.instagram.com / referral,(referral),1,1
189,2024-09-22,ntp.msn.com / referral,(referral),1,1
190,2024-09-22,google / cpc,campaign_25,1,1
191,2024-09-22,google / cpc,campaign_34,1,1
192,2024-09-22,(direct) / (none),(direct),43,52
193,2024-09-23,m.facebook.com / referral,(referral),13,13
194,2024-09-23,google / cpc,utm_campaign,1,1
195,2024-09-23,google / organic,(organic),48,59
196,2024-09-23,google / cpc,hu_brand,42,44
197,2024-09-23,google / cpc,campaign_16,35,38
198,2024-09-23,facebook / cpc,campaign_18,24,25
199,2024-09-23,facebook / cpc,campaign_14,15,15
200,2024-09-23,l.facebook.com / referral,(referral),14,14
201,2024-09-23,google / cpc,campaign_15,14,14
202,2024-09-23,(direct) / (none),(direct),63,75
203,2024-09-23,google / cpc,hu_pmax_brand,10,11
204,2024-09-23,(not set),(not set),7,9
205,2024-09-23,source_1,(referral),8,9
206,2024-09-23,redir.d-edgeconnect.media / referral,(referral),8,9
207,2024-09-23,google / cpc,campaign_19,9,9
208,2024-09-23,google / cpc,campaign_17,8,8
209,2024-09-23,google / cpc,campaign_20,3,4
210,2024-09-23,google / cpc,campaign_26,4,4
211,2024-09-23,bing / organic,(organic),3,3
212,2024-09-23,googleads.g.doubleclick.net / referral,(referral),3,3
213,2024-09-23,ntp.msn.com / referral,(referral),2,3
214,2024-09-23,email / offline,proposal-by-phone,2,3
215,2024-09-23,l.instagram.com / referral,(referral),2,2
216,2024-09-23,google / cpc,campaign_30,2,2
217,2024-09-23,google / cpc,campaign_23,2,2
218,2024-09-23,google / cpc,campaign_24,2,2
219,2024-09-23,phone / offline,proposal-by-phone,1,2
220,2024-09-23,google / cpc,(organic),1,1
221,2024-09-23,lm.facebook.com / referral,(referral),1,1
222,2024-09-23,mail.google.com / referral,(referral),1,1
223,2024-09-23,statics.teams.cdn.office.net / referral,(referral),1,1
224,2024-09-23,bing / cpc,campaign_9,1,1
225,2024-09-23,bing / cpc,campaign_31,1,1
226,2024-09-23,bing / cpc,campaign_32,1,1
227,2024-09-23,bing / cpc,campaign_42,1,1
228,2024-09-23,bing / cpc,campaign_45,1,1
229,2024-09-23,source_11,campaign_4,1,1
230,2024-09-23,google / cpc,campaign_27,1,1
231,2024-09-23,google / cpc,campaign_22,1,1
232,2024-09-23,bing / cpc,campaign_28,1,1
233,2024-09-23,facebook / cpc,campaign_21,0,1
234,2024-09-23,source_16,hirlevel_c6,1,1
235,2024-09-23,loyalty / email,loyalty-email,1,1
236,2024-09-23,ajanlat / offline,proposal-by-phone,1,1
237,2024-09-23,google / cpc,(not set),56,62
238,2024-09-24,(direct) / (none),(direct),51,59
239,2024-09-24,google / organic,(organic),52,59
240,2024-09-24,google / cpc,hu_brand,43,49
241,2024-09-24,google / cpc,campaign_16,44,48
242,2024-09-24,google / cpc,(not set),33,34
243,2024-09-24,facebook / cpc,campaign_18,26,26
244,2024-09-24,facebook / cpc,campaign_14,25,25
245,2024-09-24,m.facebook.com / referral,(referral),18,18
246,2024-09-24,google / cpc,campaign_15,15,16
247,2024-09-24,redir.d-edgeconnect.media / referral,(referral),12,15
248,2024-09-24,google / cpc,hu_pmax_brand,10,11
249,2024-09-24,ntp.msn.com / referral,(referral),6,8
250,2024-09-24,l.facebook.com / referral,(referral),7,7
251,2024-09-24,google / cpc,campaign_19,5,6
252,2024-09-24,google / cpc,(organic),4,5
253,2024-09-24,google / cpc,campaign_26,5,5
254,2024-09-24,(not set),(not set),3,3
255,2024-09-24,source_1,(referral),3,3
256,2024-09-24,l.instagram.com / referral,(referral),3,3
257,2024-09-24,google / cpc,campaign_30,3,3
258,2024-09-24,google / cpc,campaign_23,3,3
259,2024-09-24,google / cpc,campaign_22,3,3
260,2024-09-24,bing / organic,(organic),2,2
261,2024-09-24,seznam / organic,(organic),1,2
262,2024-09-24,googleads.g.doubleclick.net / referral,(referral),2,2
263,2024-09-24,bing / cpc,campaign_29,2,2
264,2024-09-24,facebook / cpc,campaign_21,2,2
265,2024-09-24,source_16,hirlevel_c6,2,2
266,2024-09-24,ajanlat / offline,campaign_2,1,2
267,2024-09-24,google / cpc,utm_campaign,2,2
268,2024-09-24,source_13,(referral),1,1
269,2024-09-24,lm.facebook.com / referral,(referral),1,1
270,2024-09-24,msn.com / referral,(referral),1,1
271,2024-09-24,bing / cpc,campaign_31,1,1
272,2024-09-24,google / cpc,campaign_20,1,1
273,2024-09-24,bing / cpc,campaign_32,1,1
274,2024-09-24,bing / cpc,campaign_42,1,1
275,2024-09-24,google / cpc,campaign_34,1,1
276,2024-09-24,bing / cpc,campaign_35,1,1
277,2024-09-24,bing / cpc,campaign_28,1,1
278,2024-09-24,source_17,hirlevel_c9,1,1
279,2024-09-24,ajanlat / offline,proposal-by-phone,1,1
280,2024-09-24,phone / offline,proposal-by-phone,1,1
281,2024-09-25,google / cpc,(not set),36,39
282,2024-09-25,ajanlat / offline,campaign_2,0,1
283,2024-09-25,google / cpc,hu_brand,40,41
284,2024-09-25,(direct) / (none),(direct),44,55
285,2024-09-25,google / organic,(organic),33,37
286,2024-09-25,facebook / cpc,campaign_18,29,29
287,2024-09-25,google / cpc,campaign_15,16,18
288,2024-09-25,facebook / cpc,campaign_14,15,16
289,2024-09-25,l.facebook.com / referral,(referral),12,13
290,2024-09-25,redir.d-edgeconnect.media / referral,(referral),12,13
291,2024-09-25,google / cpc,hu_pmax_brand,9,9
292,2024-09-25,m.facebook.com / referral,(referral),8,8
293,2024-09-25,(not set),(not set),5,6
294,2024-09-25,lm.facebook.com / referral,(referral),6,6
295,2024-09-25,source_1,(referral),4,4
296,2024-09-25,ntp.msn.com / referral,(referral),2,3
297,2024-09-25,google / cpc,campaign_19,3,3
298,2024-09-25,google / cpc,campaign_26,3,3
299,2024-09-25,ajanlat / offline,proposal-by-phone,2,3
300,2024-09-25,google / cpc,(organic),1,2
301,2024-09-25,bing / organic,(organic),1,1
302,2024-09-25,seznam / organic,(organic),1,1
303,2024-09-25,yahoo / organic,(organic),1,1
304,2024-09-25,source_18,(referral),1,1
305,2024-09-25,source_19,(referral),1,1
306,2024-09-25,l.instagram.com / referral,(referral),1,1
307,2024-09-25,google / cpc,campaign_20,1,1
308,2024-09-25,google / cpc,campaign_30,1,1
309,2024-09-25,bing / cpc,campaign_42,1,1
310,2024-09-25,google / cpc,campaign_43,1,1
311,2024-09-25,source_11,campaign_4,1,1
312,2024-09-25,bing / cpc,campaign_35,1,1
313,2024-09-25,bing / cpc,campaign_28,1,1
314,2024-09-25,bing / cpc,campaign_29,1,1
315,2024-09-25,source_17,hirlevel_c9,1,1
316,2024-09-25,google / cpc,campaign_16,39,42
317,2024-09-26,seznam / organic,(organic),1,1
318,2024-09-26,google / cpc,utm_campaign,1,1
319,2024-09-26,google / organic,(organic),40,45
320,2024-09-26,google / cpc,hu_brand,41,45
321,2024-09-26,facebook / cpc,campaign_18,35,35
322,2024-09-26,google / cpc,(not set),23,24
323,2024-09-26,google / cpc,campaign_15,17,20
324,2024-09-26,facebook / cpc,campaign_14,13,14
325,2024-09-26,l.facebook.com / referral,(referral),13,13
326,2024-09-26,source_1,(referral),8,12
327,2024-09-26,google / cpc,hu_pmax_brand,11,12
328,2024-09-26,redir.d-edgeconnect.media / referral,(referral),8,8
329,2024-09-26,(not set),(not set),1,7
330,2024-09-26,ntp.msn.com / referral,(referral),4,7
331,2024-09-26,google / cpc,campaign_19,4,5
332,2024-09-26,m.facebook.com / referral,(referral),4,4
333,2024-09-26,google / cpc,(organic),2,3
334,2024-09-26,ajanlat / offline,campaign_2,3,3
335,2024-09-26,l.instagram.com / referral,(referral),2,2
336,2024-09-26,mail.google.com / referral,(referral),2,2
337,2024-09-26,msn.com / referral,(referral),2,2
338,2024-09-26,google / cpc,campaign_20,1,2
339,2024-09-26,source_11,campaign_4,2,2
340,2024-09-26,email / offline,proposal-by-phone,1,2
341,2024-09-26,bing / organic,(organic),1,1
342,2024-09-26,ecosia.org / organic,(organic),1,1
343,2024-09-26,(direct) / (none),(direct),81,84
344,2024-09-26,source_6,(referral),1,1
345,2024-09-26,email.seznam.cz / referral,(referral),1,1
346,2024-09-26,glamour.hu / referral,(referral),1,1
347,2024-09-26,gmail.hu / referral,(referral),1,1
348,2024-09-26,instagram.com / referral,(referral),1,1
349,2024-09-26,lm.facebook.com / referral,(referral),1,1
350,2024-09-26,source_12,(referral),1,1
351,2024-09-26,webmail.telekom.hu / referral,(referral),1,1
352,2024-09-26,bing / cpc,campaign_9,1,1
353,2024-09-26,google / cpc,campaign_27,1,1
354,2024-09-26,google / cpc,campaign_34,1,1
355,2024-09-26,google / cpc,campaign_22,1,1
356,2024-09-26,bing / cpc,campaign_35,1,1
357,2024-09-26,bing / cpc,campaign_28,1,1
358,2024-09-26,bing / cpc,campaign_29,1,1
359,2024-09-26,facebook / cpc,campaign_21,1,1
360,2024-09-26,google / cpc,campaign_26,1,1
361,2024-09-26,ajanlat / offline,proposal-by-phone,1,1
362,2024-09-26,google / cpc,campaign_16,37,49
363,2024-09-27,(direct) / (none),(direct),59,63
364,2024-09-27,google / cpc,campaign_16,33,40
365,2024-09-27,google / cpc,hu_brand,36,40
366,2024-09-27,google / organic,(organic),31,35
367,2024-09-27,google / cpc,(not set),18,19
368,2024-09-27,google / cpc,campaign_15,18,19
369,2024-09-27,facebook / cpc,campaign_14,18,18
370,2024-09-27,google / cpc,hu_pmax_brand,16,16
371,2024-09-27,facebook / cpc,campaign_18,12,13
372,2024-09-27,(not set),(not set),2,8
373,2024-09-27,google / cpc,(organic),5,8
374,2024-09-27,redir.d-edgeconnect.media / referral,(referral),7,7
375,2024-09-27,google / cpc,campaign_19,7,7
376,2024-09-27,google / cpc,campaign_26,6,7
377,2024-09-27,l.facebook.com / referral,(referral),5,5
378,2024-09-27,ntp.msn.com / referral,(referral),5,5
379,2024-09-27,m.facebook.com / referral,(referral),4,4
380,2024-09-27,source_1,(referral),3,3
381,2024-09-27,google / cpc,campaign_17,1,3
382,2024-09-27,source_6,(referral),2,2
383,2024-09-27,instagram.com / referral,(referral),2,2
384,2024-09-27,bing / cpc,campaign_42,2,2
385,2024-09-27,bing / cpc,campaign_28,1,2
386,2024-09-27,loyalty / email,loyalty-email,1,2
387,2024-09-27,google / cpc,utm_campaign,2,2
388,2024-09-27,(direct) / (none),(not set),1,1
389,2024-09-27,email.seznam.cz / referral,(referral),1,1
390,2024-09-27,glamour.hu / referral,(referral),1,1
391,2024-09-27,source_13,(referral),1,1
392,2024-09-27,kereso.startlap.hu / referral,(referral),1,1
393,2024-09-27,l.instagram.com / referral,(referral),1,1
394,2024-09-27,mail.centrum.cz / referral,(referral),1,1
395,2024-09-27,trc.taboola.com / referral,(referral),1,1
396,2024-09-27,webmail.telekom.hu / referral,(referral),1,1
397,2024-09-27,bing / cpc,campaign_31,1,1
398,2024-09-27,google / cpc,campaign_30,1,1
399,2024-09-27,google / cpc,campaign_27,1,1
400,2024-09-27,google / cpc,campaign_53,1,1
401,2024-09-27,bing / cpc,campaign_29,1,1
402,2024-09-27,ajanlat / offline,campaign_2,1,1
403,2024-09-27,email / offline,proposal-by-phone,1,1
404,2024-09-28,m.facebook.com / referral,(referral),2,2
405,2024-09-28,email / offline,proposal-by-phone,1,1
406,2024-09-28,google / cpc,hu_brand,34,40
407,2024-09-28,google / organic,(organic),33,39
408,2024-09-28,facebook / cpc,campaign_14,24,26
409,2024-09-28,google / cpc,(not set),20,22
410,2024-09-28,google / cpc,campaign_15,12,13
411,2024-09-28,redir.d-edgeconnect.media / referral,(referral),11,12
412,2024-09-28,google / cpc,hu_pmax_brand,10,11
413,2024-09-28,google / cpc,(organic),4,7
414,2024-09-28,facebook / cpc,campaign_18,7,7
415,2024-09-28,(not set),(not set),5,6
416,2024-09-28,l.facebook.com / referral,(referral),6,6
417,2024-09-28,google / cpc,campaign_26,4,4
418,2024-09-28,source_1,(referral),3,3
419,2024-09-28,instagram.com / referral,(referral),3,3
420,2024-09-28,google / cpc,campaign_19,3,3
421,2024-09-28,google / cpc,campaign_30,3,3
422,2024-09-28,source_9,hirlevel_c3,2,3
423,2024-09-28,seznam / organic,(organic),2,2
424,2024-09-28,l.instagram.com / referral,(referral),2,2
425,2024-09-28,google / cpc,campaign_16,43,52
426,2024-09-28,source_7,(referral),1,2
427,2024-09-28,bing / cpc,campaign_42,2,2
428,2024-09-28,ajanlat / offline,campaign_2,1,2
429,2024-09-28,source_13,(referral),1,1
430,2024-09-28,kereso.startlap.hu / referral,(referral),1,1
431,2024-09-28,mail.centrum.cz / referral,(referral),1,1
432,2024-09-28,msn.com / referral,(referral),1,1
433,2024-09-28,ntp.msn.com / referral,(referral),1,1
434,2024-09-28,google / cpc,campaign_20,1,1
435,2024-09-28,google / cpc,campaign_34,1,1
436,2024-09-28,bing / cpc,campaign_28,1,1
437,2024-09-28,facebook / cpc,campaign_21,1,1
438,2024-09-28,(direct) / (none),(direct),47,51
439,2024-09-29,(direct) / (none),(direct),61,63
440,2024-09-29,google / cpc,campaign_16,48,57
441,2024-09-29,google / cpc,hu_brand,39,45
442,2024-09-29,google / organic,(organic),31,36
443,2024-09-29,google / cpc,(not set),30,35
444,2024-09-29,facebook / cpc,campaign_14,19,20
445,2024-09-29,google / cpc,campaign_15,16,18
446,2024-09-29,google / cpc,hu_pmax_brand,13,13
447,2024-09-29,google / cpc,campaign_19,9,12
448,2024-09-29,l.facebook.com / referral,(referral),9,10
449,2024-09-29,facebook / cpc,campaign_18,9,10
450,2024-09-29,redir.d-edgeconnect.media / referral,(referral),9,9
451,2024-09-29,email / offline,proposal-by-phone,1,9
452,2024-09-29,(not set),(not set),6,7
453,2024-09-29,source_1,(referral),3,4
454,2024-09-29,m.facebook.com / referral,(referral),4,4
455,2024-09-29,instagram.com / referral,(referral),3,3
456,2024-09-29,google / cpc,campaign_30,3,3
457,2024-09-29,google / cpc,campaign_26,3,3
458,2024-09-29,seznam / organic,(organic),2,2
459,2024-09-29,ntp.msn.com / referral,(referral),2,2
460,2024-09-29,bing / cpc,campaign_28,2,2
461,2024-09-29,facebook / cpc,campaign_21,2,2
462,2024-09-29,google / cpc,(organic),1,1
463,2024-09-29,gmail.hu / referral,(referral),1,1
464,2024-09-29,l.instagram.com / referral,(referral),1,1
465,2024-09-29,source_7,(referral),1,1
466,2024-09-29,source_11,campaign_4,1,1
467,2024-09-29,bing / cpc,campaign_33,1,1
468,2024-09-29,bing / cpc,campaign_35,1,1
469,2024-09-29,source_16,hirlevel_c6,1,1
470,2024-09-29,source_9,hirlevel_c5,1,1
471,2024-09-30,bing / cpc,campaign_28,4,4
472,2024-09-30,ajanlat / offline,proposal-by-phone,1,1
473,2024-09-30,google / organic,(organic),50,54
474,2024-09-30,google / cpc,hu_brand,33,36
475,2024-09-30,google / cpc,(not set),24,26
476,2024-09-30,google / cpc,campaign_15,14,15
477,2024-09-30,google / cpc,hu_pmax_brand,15,15
478,2024-09-30,l.facebook.com / referral,(referral),11,14
479,2024-09-30,facebook / cpc,campaign_14,12,12
480,2024-09-30,google / cpc,campaign_19,9,11
481,2024-09-30,m.facebook.com / referral,(referral),10,10
482,2024-09-30,redir.d-edgeconnect.media / referral,(referral),8,8
483,2024-09-30,google / cpc,campaign_26,4,5
484,2024-09-30,(not set),(not set),4,4
485,2024-09-30,source_1,(referral),4,4
486,2024-09-30,bing / cpc,campaign_31,3,4
487,2024-09-30,google / cpc,campaign_16,48,58
488,2024-09-30,google / cpc,(organic),3,3
489,2024-09-30,ntp.msn.com / referral,(referral),3,3
490,2024-09-30,(direct) / (none),(not set),2,2
491,2024-09-30,seznam / organic,(organic),2,2
492,2024-09-30,lm.facebook.com / referral,(referral),2,2
493,2024-09-30,facebook / cpc,campaign_21,2,2
494,2024-09-30,email.seznam.cz / referral,(referral),1,1
495,2024-09-30,hotelcms.hu / referral,(referral),1,1
496,2024-09-30,kereso.startlap.hu / referral,(referral),1,1
497,2024-09-30,google / cpc,campaign_54,1,1
498,2024-09-30,google / cpc,campaign_25,1,1
499,2024-09-30,google / cpc,campaign_34,1,1
500,2024-09-30,(direct) / (none),(direct),51,55
501,2024-10-01,google / cpc,campaign_20,4,4
502,2024-10-01,google / cpc,(not set),42,50
503,2024-10-01,google / cpc,hu_brand,45,50
504,2024-10-01,google / cpc,campaign_16,44,49
505,2024-10-01,(direct) / (none),(direct),33,38
506,2024-10-01,google / cpc,campaign_15,31,38
507,2024-10-01,facebook / cpc,campaign_14,19,19
508,2024-10-01,google / cpc,hu_pmax_brand,15,16
509,2024-10-01,google / cpc,campaign_19,9,13
510,2024-10-01,facebook / cpc,campaign_18,9,9
511,2024-10-01,(not set),(not set),7,7
512,2024-10-01,redir.d-edgeconnect.media / referral,(referral),7,7
513,2024-10-01,google / cpc,campaign_26,5,7
514,2024-10-01,l.facebook.com / referral,(referral),6,6
515,2024-10-01,m.facebook.com / referral,(referral),6,6
516,2024-10-01,source_1,(referral),4,5
517,2024-10-01,google / cpc,campaign_17,5,5
518,2024-10-01,bing / cpc,campaign_28,5,5
519,2024-10-01,google / cpc,(organic),4,4
520,2024-10-01,google / organic,(organic),53,62
521,2024-10-01,facebook / cpc,campaign_21,3,3
522,2024-10-01,ntp.msn.com / referral,(referral),2,2
523,2024-10-01,bing / cpc,campaign_31,1,2
524,2024-10-01,google / cpc,campaign_23,2,2
525,2024-10-01,google / cpc,utm_campaign,1,2
526,2024-10-01,(direct) / (none),(not set),1,1
527,2024-10-01,bing / organic,(organic),1,1
528,2024-10-01,lm.facebook.com / referral,(referral),1,1
529,2024-10-01,bing / cpc,campaign_42,1,1
530,2024-10-01,google / cpc,campaign_43,1,1
531,2024-10-01,bing / cpc,campaign_29,1,1
532,2024-10-01,source_16,hirlevel_c6,1,1
533,2024-10-01,ajanlat / offline,proposal-by-phone,1,1
534,2024-10-01,phone / offline,proposal-by-phone,1,1
535,2024-10-02,(direct) / (none),(direct),48,52
536,2024-10-02,google / cpc,hu_brand,43,50
537,2024-10-02,google / organic,(organic),47,49
538,2024-10-02,google / cpc,(not set),43,46
539,2024-10-02,google / cpc,campaign_16,39,42
540,2024-10-02,google / cpc,campaign_15,24,24
541,2024-10-02,facebook / cpc,campaign_14,17,18
542,2024-10-02,google / cpc,hu_pmax_brand,17,18
543,2024-10-02,redir.d-edgeconnect.media / referral,(referral),11,12
544,2024-10-02,google / cpc,campaign_19,7,12
545,2024-10-02,source_1,(referral),11,11
546,2024-10-02,l.facebook.com / referral,(referral),5,6
547,2024-10-02,m.facebook.com / referral,(referral),6,6
548,2024-10-02,google / cpc,campaign_20,4,5
549,2024-10-02,google / cpc,campaign_17,5,5
550,2024-10-02,(not set),(not set),2,4
551,2024-10-02,facebook / cpc,campaign_18,4,4
552,2024-10-02,mail.centrum.cz / referral,(referral),1,3
553,2024-10-02,ntp.msn.com / referral,(referral),3,3
554,2024-10-02,bing / cpc,campaign_28,2,3
555,2024-10-02,google / cpc,campaign_26,3,3
556,2024-10-02,bing / organic,(organic),2,2
557,2024-10-02,bing / cpc,campaign_31,2,2
558,2024-10-02,bing / cpc,campaign_29,2,2
559,2024-10-02,facebook / cpc,campaign_21,2,2
560,2024-10-02,duckduckgo / organic,(organic),1,1
561,2024-10-02,seznam / organic,(organic),1,1
562,2024-10-02,lm.facebook.com / referral,(referral),1,1
563,2024-10-02,mail.google.com / referral,(referral),1,1
564,2024-10-02,msn.com / referral,(referral),1,1
565,2024-10-02,google / cpc,campaign_30,1,1
566,2024-10-02,google / cpc,campaign_43,1,1
567,2024-10-02,google / cpc,campaign_34,1,1
568,2024-10-02,google / cpc,campaign_23,1,1
569,2024-10-03,(not set),(not set),4,7
570,2024-10-03,google / cpc,(not set),48,57
571,2024-10-03,google / cpc,hu_brand,53,57
572,2024-10-03,google / cpc,campaign_16,44,47
573,2024-10-03,google / organic,(organic),36,43
574,2024-10-03,google / cpc,campaign_15,17,19
575,2024-10-03,google / cpc,hu_pmax_brand,19,19
576,2024-10-03,facebook / cpc,campaign_14,14,14
577,2024-10-03,google / cpc,campaign_17,6,10
578,2024-10-03,source_1,(referral),7,8
579,2024-10-03,(direct) / (none),(direct),60,63
580,2024-10-03,google / cpc,campaign_23,6,7
581,2024-10-03,ntp.msn.com / referral,(referral),3,6
582,2024-10-03,redir.d-edgeconnect.media / referral,(referral),6,6
583,2024-10-03,facebook / cpc,campaign_18,6,6
584,2024-10-03,m.facebook.com / referral,(referral),5,5
585,2024-10-03,google / cpc,campaign_20,5,5
586,2024-10-03,bing / organic,(organic),4,4
587,2024-10-03,google / cpc,campaign_19,4,4
588,2024-10-03,l.facebook.com / referral,(referral),3,3
589,2024-10-03,google / cpc,campaign_30,3,3
590,2024-10-03,mail.centrum.cz / referral,(referral),1,2
591,2024-10-03,bing / cpc,campaign_28,2,2
592,2024-10-03,google / cpc,utm_campaign,2,2
593,2024-10-03,(direct) / (none),(not set),1,1
594,2024-10-03,google / cpc,(organic),1,1
595,2024-10-03,kereso.startlap.hu / referral,(referral),1,1
596,2024-10-03,outlook.live.com / referral,(referral),1,1
597,2024-10-03,bing / cpc,campaign_31,1,1
598,2024-10-03,bing / cpc,campaign_29,1,1
599,2024-10-03,facebook / cpc,campaign_21,1,1
600,2024-10-03,google / cpc,campaign_26,1,1
601,2024-10-04,(direct) / (none),(direct),54,57
602,2024-10-04,google / organic,(organic),41,46
603,2024-10-04,google / cpc,campaign_16,41,43
604,2024-10-04,google / cpc,hu_brand,37,40
605,2024-10-04,google / cpc,(not set),37,39
606,2024-10-04,google / cpc,campaign_15,13,18
607,2024-10-04,google / cpc,hu_pmax_brand,9,13
608,2024-10-04,ntp.msn.com / referral,(referral),5,8
609,2024-10-04,facebook / cpc,campaign_14,8,8
610,2024-10-04,bing / cpc,campaign_28,6,6
611,2024-10-04,source_1,(referral),5,5
612,2024-10-04,google / cpc,campaign_23,5,5
613,2024-10-04,redir.d-edgeconnect.media / referral,(referral),4,4
614,2024-10-04,bing / cpc,campaign_31,3,4
615,2024-10-04,google / cpc,campaign_20,4,4
616,2024-10-04,facebook / cpc,campaign_18,4,4
617,2024-10-04,(not set),(not set),0,3
618,2024-10-04,google / cpc,(organic),3,3
619,2024-10-04,lm.facebook.com / referral,(referral),3,3
620,2024-10-04,m.facebook.com / referral,(referral),3,3
621,2024-10-04,google / cpc,campaign_19,3,3
622,2024-10-04,bing / organic,(organic),2,2
623,2024-10-04,l.facebook.com / referral,(referral),2,2
624,2024-10-04,msn.com / referral,(referral),2,2
625,2024-10-04,facebook / cpc,campaign_21,2,2
626,2024-10-04,google / cpc,campaign_26,2,2
627,2024-10-04,(direct) / (none),(not set),1,1
628,2024-10-04,kereso.startlap.hu / referral,(referral),1,1
629,2024-10-04,l.messenger.com / referral,(referral),1,1
630,2024-10-04,select.roadster.hu / referral,(referral),1,1
631,2024-10-04,google / cpc,campaign_30,1,1
632,2024-10-04,google / cpc,campaign_17,1,1
633,2024-10-04,bing / cpc,campaign_29,1,1
634,2024-10-04,loyalty / email,loyalty-email,1,1
635,2024-10-04,ajanlat / offline,campaign_2,1,1
636,2024-10-04,google / cpc,utm_campaign,1,1
637,2024-10-05,(direct) / (none),(direct),46,53
638,2024-10-05,google / cpc,campaign_16,40,47
639,2024-10-05,google / cpc,hu_brand,45,47
640,2024-10-05,google / organic,(organic),36,38
641,2024-10-05,google / cpc,(not set),34,35
642,2024-10-05,google / cpc,campaign_15,19,19
643,2024-10-05,google / cpc,hu_pmax_brand,17,17
644,2024-10-05,redir.d-edgeconnect.media / referral,(referral),10,10
645,2024-10-05,(not set),(not set),5,8
646,2024-10-05,facebook / cpc,campaign_14,8,8
647,2024-10-05,google / cpc,campaign_19,5,6
648,2024-10-05,facebook / cpc,campaign_18,5,6
649,2024-10-05,l.facebook.com / referral,(referral),4,4
650,2024-10-05,bing / cpc,campaign_28,4,4
651,2024-10-05,source_1,(referral),2,3
652,2024-10-05,m.facebook.com / referral,(referral),3,3
653,2024-10-05,bing / cpc,campaign_31,3,3
654,2024-10-05,google / cpc,campaign_20,3,3
655,2024-10-05,google / cpc,(organic),2,2
656,2024-10-05,seznam / organic,(organic),2,2
657,2024-10-05,yahoo / organic,(organic),1,2
658,2024-10-05,google / organic,(not set),1,1
659,2024-10-05,googleads.g.doubleclick.net / referral,(referral),1,1
660,2024-10-05,source_7,(referral),1,1
661,2024-10-05,google / cpc,campaign_30,1,1
662,2024-10-05,google / cpc,campaign_17,1,1
663,2024-10-05,source_9,hirlevel_c5,1,1
664,2024-10-05,ajanlat / offline,campaign_2,1,1
665,2024-10-05,ajanlat / offline,proposal-by-phone,1,1
666,2024-10-05,google / cpc,utm_campaign,1,1
667,2024-10-06,google / cpc,hu_brand,70,75
668,2024-10-06,(direct) / (none),(direct),60,74
669,2024-10-06,google / cpc,campaign_16,61,67
670,2024-10-06,google / organic,(organic),48,53
671,2024-10-06,google / cpc,(not set),36,38
672,2024-10-06,google / cpc,campaign_15,21,22
673,2024-10-06,facebook / cpc,campaign_14,20,20
674,2024-10-06,google / cpc,hu_pmax_brand,14,15
675,2024-10-06,redir.d-edgeconnect.media / referral,(referral),8,9
676,2024-10-06,google / cpc,campaign_19,7,8
677,2024-10-06,(not set),(not set),7,7
678,2024-10-06,l.facebook.com / referral,(referral),6,7
679,2024-10-06,m.facebook.com / referral,(referral),7,7
680,2024-10-06,google / cpc,campaign_20,4,7
681,2024-10-06,source_1,(referral),6,6
682,2024-10-06,google / cpc,campaign_17,3,3
683,2024-10-06,lm.facebook.com / referral,(referral),1,2
684,2024-10-06,mail.centrum.cz / referral,(referral),1,2
685,2024-10-06,bing / cpc,campaign_31,2,2
686,2024-10-06,google / cpc,campaign_30,2,2
687,2024-10-06,google / cpc,campaign_43,1,2
688,2024-10-06,google / cpc,campaign_26,2,2
689,2024-10-06,google / cpc,(organic),1,1
690,2024-10-06,email.seznam.cz / referral,(referral),1,1
691,2024-10-06,kereso.startlap.hu / referral,(referral),1,1
692,2024-10-06,l.instagram.com / referral,(referral),1,1
693,2024-10-06,msn.com / referral,(referral),1,1
694,2024-10-06,ntp.msn.com / referral,(referral),1,1
695,2024-10-06,google / cpc,campaign_23,1,1
696,2024-10-06,bing / cpc,campaign_28,1,1
697,2024-10-07,google / cpc,hu_brand,66,73
698,2024-10-07,(direct) / (none),(direct),61,71
699,2024-10-07,google / cpc,campaign_16,49,52
700,2024-10-07,google / organic,(organic),47,50
701,2024-10-07,google / cpc,(not set),34,35
702,2024-10-07,google / cpc,hu_pmax_brand,20,25
703,2024-10-07,google / cpc,campaign_15,20,21
704,2024-10-07,redir.d-edgeconnect.media / referral,(referral),12,12
705,2024-10-07,facebook / cpc,campaign_14,9,10
706,2024-10-07,google / cpc,campaign_19,7,7
707,2024-10-07,google / cpc,campaign_17,7,7
708,2024-10-07,facebook / cpc,campaign_18,7,7
709,2024-10-07,(not set),(not set),4,5
710,2024-10-07,ntp.msn.com / referral,(referral),2,5
711,2024-10-07,google / cpc,campaign_23,5,5
712,2024-10-07,bing / cpc,campaign_28,5,5
713,2024-10-07,ajanlat / offline,campaign_2,4,5
714,2024-10-07,bing / organic,(organic),3,4
715,2024-10-07,m.facebook.com / referral,(referral),4,4
716,2024-10-07,google / cpc,campaign_20,3,4
717,2024-10-07,google / cpc,utm_campaign,2,3
718,2024-10-07,seznam / organic,(organic),2,2
719,2024-10-07,source_1,(referral),2,2
720,2024-10-07,l.facebook.com / referral,(referral),2,2
721,2024-10-07,mail.google.com / referral,(referral),1,2
722,2024-10-07,google / cpc,campaign_30,2,2
723,2024-10-07,bing / cpc,campaign_29,2,2
724,2024-10-07,google / cpc,(direct),1,1
725,2024-10-07,google / cpc,(organic),1,1
726,2024-10-07,google / cpc,(referral),1,1
727,2024-10-07,hotelcms.hu / referral,(referral),1,1
728,2024-10-07,msn.com / referral,(referral),1,1
729,2024-10-07,statics.teams.cdn.office.net / referral,(referral),1,1
730,2024-10-07,bing / cpc,campaign_9,1,1
731,2024-10-07,google / cpc,campaign_43,1,1
732,2024-10-07,google / cpc,campaign_27,1,1
733,2024-10-07,google / cpc,campaign_34,1,1
734,2024-10-07,bing / cpc,campaign_38,1,1
735,2024-10-07,facebook / cpc,campaign_21,1,1
736,2024-10-07,google / cpc,campaign_26,1,1
737,2024-10-07,teszt / teszt,teszt,1,1
738,2024-10-08,google / cpc,hu_brand,71,80
739,2024-10-08,google / organic,(organic),59,64
740,2024-10-08,google / cpc,campaign_16,51,55
741,2024-10-08,(direct) / (none),(direct),48,52
742,2024-10-08,google / cpc,(not set),41,42
743,2024-10-08,google / cpc,campaign_15,25,25
744,2024-10-08,google / cpc,hu_pmax_brand,15,16
745,2024-10-08,ntp.msn.com / referral,(referral),5,10
746,2024-10-08,google / cpc,campaign_19,8,9
747,2024-10-08,redir.d-edgeconnect.media / referral,(referral),8,8
748,2024-10-08,google / cpc,campaign_20,8,8
749,2024-10-08,google / cpc,campaign_23,6,8
750,2024-10-08,facebook / cpc,campaign_14,8,8
751,2024-10-08,l.facebook.com / referral,(referral),6,6
752,2024-10-08,(not set),(not set),4,5
753,2024-10-08,m.facebook.com / referral,(referral),5,5
754,2024-10-08,google / cpc,utm_campaign,4,4
755,2024-10-08,msn.com / referral,(referral),3,3
756,2024-10-08,google / cpc,campaign_17,3,3
757,2024-10-08,bing / cpc,campaign_29,3,3
758,2024-10-08,facebook / cpc,campaign_18,3,3
759,2024-10-08,bing / organic,(organic),2,2
760,2024-10-08,bing / cpc,campaign_31,2,2
761,2024-10-08,bing / cpc,campaign_28,2,2
762,2024-10-08,facebook / cpc,campaign_21,2,2
763,2024-10-08,(direct) / (none),(not+set),1,1
764,2024-10-08,google / cpc,(organic),1,1
765,2024-10-08,seznam / organic,(organic),1,1
766,2024-10-08,extranet.availpro.com / referral,(referral),1,1
767,2024-10-08,source_1,(referral),1,1
768,2024-10-08,hotelcms.hu / referral,(referral),1,1
769,2024-10-08,instagram.com / referral,(referral),1,1
770,2024-10-08,m.hvg.hu / referral,(referral),1,1
771,2024-10-08,thermenhotels.at / referral,(referral),1,1
772,2024-10-08,bing / cpc,AT,1,1
773,2024-10-08,google / cpc,campaign_26,1,1
774,2024-10-08,google / cpc,campaign_24,1,1
775,2024-10-08,source_9,hirlevel_c5,1,1
776,2024-10-08,email / offline,proposal-by-phone,1,1
777,2024-10-09,google / cpc,hu_brand,75,95
778,2024-10-09,(direct) / (none),(direct),84,88
779,2024-10-09,google / organic,(organic),71,77
780,2024-10-09,google / cpc,campaign_16,57,69
781,2024-10-09,google / cpc,(not set),38,41
782,2024-10-09,google / cpc,campaign_15,22,26
783,2024-10-09,google / cpc,hu_pmax_brand,20,20
784,2024-10-09,redir.d-edgeconnect.media / referral,(referral),14,14
785,2024-10-09,google / cpc,campaign_19,8,8
786,2024-10-09,facebook / cpc,campaign_14,8,8
787,2024-10-09,(not set),(not set),4,5
788,2024-10-09,source_1,(referral),5,5
789,2024-10-09,google / cpc,campaign_20,5,5
790,2024-10-09,bing / cpc,campaign_28,5,5
791,2024-10-09,l.facebook.com / referral,(referral),4,4
792,2024-10-09,ntp.msn.com / referral,(referral),2,3
793,2024-10-09,google / cpc,campaign_17,2,3
794,2024-10-09,google / cpc,campaign_26,2,3
795,2024-10-09,source_11,hirlevel_c10,3,3
796,2024-10-09,google / cpc,utm_campaign,2,3
797,2024-10-09,seznam / organic,(organic),2,2
798,2024-10-09,kereso.startlap.hu / referral,(referral),1,2
799,2024-10-09,l.instagram.com / referral,(referral),2,2
800,2024-10-09,m.facebook.com / referral,(referral),2,2
801,2024-10-09,mail.google.com / referral,(referral),1,2
802,2024-10-09,google / cpc,campaign_30,2,2
803,2024-10-09,google / cpc,campaign_23,2,2
804,2024-10-09,facebook / cpc,campaign_18,2,2
805,2024-10-09,facebook / cpc,campaign_21,2,2
806,2024-10-09,(direct) / (none),(not set),1,1
807,2024-10-09,instagram.com / referral,(referral),1,1
808,2024-10-09,lm.facebook.com / referral,(referral),1,1
809,2024-10-09,magan.szepkartya.otpportalok.hu / referral,(referral),1,1
810,2024-10-09,bing / cpc,AT,1,1
811,2024-10-09,bing / cpc,campaign_9,1,1
812,2024-10-09,bing / cpc,campaign_31,1,1
813,2024-10-09,google / cpc,campaign_34,1,1
814,2024-10-09,bing / cpc,campaign_29,1,1
815,2024-10-09,source_9,hirlevel_c5,1,1
816,2024-10-09,loyalty / email,loyalty-email,1,1
817,2024-10-09,email / offline,proposal-by-phone,1,1
818,2024-10-10,(direct) / (none),(direct),114,138
819,2024-10-10,google / cpc,hu_brand,104,125
820,2024-10-10,google / organic,(organic),85,115
821,2024-10-10,google / cpc,campaign_16,69,88
822,2024-10-10,google / cpc,(not set),43,52
823,2024-10-10,google / cpc,hu_pmax_brand,43,44
824,2024-10-10,google / cpc,campaign_15,40,41
825,2024-10-10,redir.d-edgeconnect.media / referral,(referral),18,20
826,2024-10-10,facebook / cpc,campaign_14,18,18
827,2024-10-10,bing / organic,(organic),11,14
828,2024-10-10,google / cpc,campaign_19,10,11
829,2024-10-10,source_1,(referral),7,10
830,2024-10-10,google / cpc,(organic),3,8
831,2024-10-10,l.instagram.com / referral,(referral),7,7
832,2024-10-10,(not set),(not set),5,6
833,2024-10-10,l.facebook.com / referral,(referral),4,6
834,2024-10-10,ntp.msn.com / referral,(referral),4,5
835,2024-10-10,google / cpc,campaign_23,5,5
836,2024-10-10,ajanlat / offline,campaign_2,4,5
837,2024-10-10,bing / cpc,campaign_28,4,4
838,2024-10-10,lm.facebook.com / referral,(referral),3,3
839,2024-10-10,m.facebook.com / referral,(referral),3,3
840,2024-10-10,google / cpc,campaign_20,3,3
841,2024-10-10,bing / cpc,campaign_29,1,3
842,2024-10-10,facebook / cpc,campaign_21,3,3
843,2024-10-10,google / cpc,campaign_26,3,3
844,2024-10-10,ajanlat / offline,proposal-by-phone,3,3
845,2024-10-10,google / cpc,utm_campaign,3,3
846,2024-10-10,glamour.hu / referral,(referral),2,2
847,2024-10-10,bing / cpc,campaign_31,2,2
848,2024-10-10,google / cpc,campaign_17,2,2
849,2024-10-10,google / cpc,campaign_34,1,2
850,2024-10-10,facebook / cpc,campaign_18,2,2
851,2024-10-10,(direct) / (none),(not set),1,1
852,2024-10-10,seznam / organic,(organic),1,1
853,2024-10-10,source_21,(referral),1,1
854,2024-10-10,google / cpc,(referral),1,1
855,2024-10-10,m.hvg.hu / referral,(referral),1,1
856,2024-10-10,mail.google.com / referral,(referral),1,1
857,2024-10-10,msn.com / referral,(referral),1,1
858,2024-10-10,statics.teams.cdn.office.net / referral,(referral),1,1
859,2024-10-10,google / cpc,campaign_30,1,1
860,2024-10-10,google / cpc,campaign_27,1,1
861,2024-10-10,source_9,hirlevel_c5,1,1
862,2024-10-10,source_11,hirlevel_c10,1,1
863,2024-10-10,loyalty / email,loyalty-email,1,1
864,2024-10-11,(direct) / (none),(direct),86,100
865,2024-10-11,google / cpc,hu_brand,83,92
866,2024-10-11,google / cpc,campaign_16,58,69
867,2024-10-11,google / organic,(organic),65,67
868,2024-10-11,google / cpc,(not set),42,59
869,2024-10-11,google / cpc,campaign_15,41,41
870,2024-10-11,google / cpc,hu_pmax_brand,22,25
871,2024-10-11,(not set),(not set),15,15
872,2024-10-11,facebook / cpc,campaign_14,14,14
873,2024-10-11,redir.d-edgeconnect.media / referral,(referral),10,12
874,2024-10-11,google / cpc,campaign_19,7,10
875,2024-10-11,google / cpc,campaign_23,5,7
876,2024-10-11,glamour.hu / referral,(referral),5,6
877,2024-10-11,google / cpc,campaign_26,3,6
878,2024-10-11,bing / organic,(organic),5,5
879,2024-10-11,m.facebook.com / referral,(referral),5,5
880,2024-10-11,bing / cpc,campaign_29,5,5
881,2024-10-11,l.facebook.com / referral,(referral),3,4
882,2024-10-11,bing / cpc,campaign_28,4,4
883,2024-10-11,google / cpc,(organic),2,3
884,2024-10-11,source_1,(referral),3,3
885,2024-10-11,bing / cpc,campaign_31,3,3
886,2024-10-11,google / cpc,campaign_20,3,3
887,2024-10-11,google / cpc,campaign_30,3,3
888,2024-10-11,google / cpc,campaign_17,3,3
889,2024-10-11,facebook / cpc,campaign_18,3,3
890,2024-10-11,facebook / cpc,campaign_21,3,3
891,2024-10-11,(direct) / (none),(not set),1,2
892,2024-10-11,ntp.msn.com / referral,(referral),2,2
893,2024-10-11,outlook.live.com / referral,(referral),2,2
894,2024-10-11,ajanlat / offline,proposal-by-phone,2,2
895,2024-10-11,seznam / organic,(organic),1,1
896,2024-10-11,yahoo / organic,(organic),1,1
897,2024-10-11,(direct) / (none),(referral),0,1
898,2024-10-11,8b7080d854d82e7191c97ec787c6091a.safeframe.googlesyndication.com / referral,(referral),1,1
899,2024-10-11,email.seznam.cz / referral,(referral),1,1
900,2024-10-11,instagram.com / referral,(referral),1,1
901,2024-10-11,kapu.hu / referral,(referral),1,1
902,2024-10-11,l.instagram.com / referral,(referral),1,1
903,2024-10-11,lm.facebook.com / referral,(referral),1,1
904,2024-10-11,msn.com / referral,(referral),1,1
905,2024-10-11,bing / cpc,campaign_42,1,1
906,2024-10-11,bing / cpc,campaign_38,1,1
907,2024-10-11,email / offline,proposal-by-phone,1,1
908,2024-10-12,google / organic,(organic),93,101
909,2024-10-12,google / cpc,hu_brand,90,101
910,2024-10-12,(direct) / (none),(direct),79,86
911,2024-10-12,google / cpc,campaign_16,64,75
912,2024-10-12,google / cpc,campaign_15,56,63
913,2024-10-12,google / cpc,hu_pmax_brand,38,42
914,2024-10-12,google / cpc,(not set),25,25
915,2024-10-12,(not set),(not set),9,12
916,2024-10-12,facebook / cpc,campaign_14,12,12
917,2024-10-12,redir.d-edgeconnect.media / referral,(referral),11,11
918,2024-10-12,google / cpc,campaign_19,8,11
919,2024-10-12,google / cpc,(organic),4,7
920,2024-10-12,google / cpc,campaign_17,7,7
921,2024-10-12,google / cpc,campaign_23,4,5
922,2024-10-12,google / cpc,campaign_26,4,5
923,2024-10-12,m.facebook.com / referral,(referral),4,4
924,2024-10-12,l.facebook.com / referral,(referral),2,3
925,2024-10-12,bing / cpc,campaign_28,3,3
926,2024-10-12,ajanlat / offline,campaign_2,2,3
927,2024-10-12,bing / organic,(organic),2,2
928,2024-10-12,kereso.startlap.hu / referral,(referral),2,2
929,2024-10-12,google / cpc,campaign_20,2,2
930,2024-10-12,bing / cpc,campaign_29,2,2
931,2024-10-12,cdn.taboola.com / referral,(referral),1,1
932,2024-10-12,email.seznam.cz / referral,(referral),1,1
933,2024-10-12,glamour.hu / referral,(referral),1,1
934,2024-10-12,thermenhotels.at / referral,(referral),1,1
935,2024-10-12,bing / cpc,campaign_31,1,1
936,2024-10-12,google / cpc,campaign_30,1,1
937,2024-10-12,facebook / cpc,campaign_18,1,1
938,2024-10-12,facebook / cpc,campaign_21,1,1
939,2024-10-12,source_16,hirlevel_c6,1,1
940,2024-10-12,phone / offline,proposal-by-phone,1,1
941,2024-10-12,google / cpc,utm_campaign,1,1
942,2024-10-13,(not set),(not set),158,171
943,2024-10-13,(direct) / (none),(direct),113,131
944,2024-10-13,google / cpc,hu_brand,79,97
945,2024-10-13,google / organic,(organic),81,87
946,2024-10-13,google / cpc,campaign_16,60,73
947,2024-10-13,google / cpc,campaign_15,43,46
948,2024-10-13,google / cpc,(not set),31,36
949,2024-10-13,google / cpc,hu_pmax_brand,34,34
950,2024-10-13,facebook / cpc,campaign_14,17,18
951,2024-10-13,source_1,(referral),8,10
952,2024-10-13,redir.d-edgeconnect.media / referral,(referral),8,8
953,2024-10-13,google / cpc,(organic),4,6
954,2024-10-13,l.facebook.com / referral,(referral),5,5
955,2024-10-13,google / cpc,campaign_19,4,4
956,2024-10-13,google / cpc,campaign_30,3,4
957,2024-10-13,facebook / cpc,campaign_18,4,4
958,2024-10-13,(direct) / (none),(not set),2,3
959,2024-10-13,bing / organic,(organic),3,3
960,2024-10-13,email.seznam.cz / referral,(referral),2,3
961,2024-10-13,m.facebook.com / referral,(referral),3,3
962,2024-10-13,google / cpc,campaign_20,3,3
963,2024-10-13,google / cpc,campaign_27,2,3
964,2024-10-13,google / cpc,campaign_23,3,3
965,2024-10-13,google / cpc,campaign_26,2,3
966,2024-10-13,glamour.hu / referral,(referral),2,2
967,2024-10-13,bing / cpc,campaign_31,2,2
968,2024-10-13,google / cpc,campaign_17,2,2
969,2024-10-13,bing / cpc,campaign_28,2,2
970,2024-10-13,facebook / cpc,campaign_21,2,2
971,2024-10-13,ajanlat / offline,campaign_2,2,2
972,2024-10-13,yahoo / organic,(organic),1,1
973,2024-10-13,connexservice.com / referral,(referral),0,1
974,2024-10-13,l.instagram.com / referral,(referral),1,1
975,2024-10-13,lm.facebook.com / referral,(referral),1,1
976,2024-10-13,thermenhotels.at / referral,(referral),1,1
977,2024-10-13,bing / cpc,campaign_29,1,1
978,2024-10-13,source_9,hirlevel_c5,1,1
979,2024-10-13,ajanlat / offline,proposal-by-phone,1,1
980,2024-10-13,phone / offline,proposal-by-phone,1,1
981,2024-10-13,google / cpc,utm_campaign,1,1
982,2024-10-14,(direct) / (none),(direct),49,59
983,2024-10-14,google / cpc,(not set),46,53
984,2024-10-14,google / cpc,hu_brand,45,50
985,2024-10-14,google / organic,(organic),41,41
986,2024-10-14,google / cpc,campaign_16,32,35
987,2024-10-14,facebook / cpc,campaign_14,20,20
988,2024-10-14,google / cpc,campaign_15,15,16
989,2024-10-14,redir.d-edgeconnect.media / referral,(referral),15,15
990,2024-10-14,google / cpc,campaign_19,9,9
991,2024-10-14,source_1,(referral),7,7
992,2024-10-14,ajanlat / offline,campaign_2,2,6
993,2024-10-14,google / cpc,campaign_20,5,5
994,2024-10-14,google / cpc,hu_pmax_brand,5,5
995,2024-10-14,l.facebook.com / referral,(referral),3,3
996,2024-10-14,m.facebook.com / referral,(referral),3,3
997,2024-10-14,bing / cpc,campaign_31,2,3
998,2024-10-14,google / cpc,campaign_17,3,3
999,2024-10-14,facebook / cpc,campaign_18,3,3
1000,2024-10-14,google / cpc,campaign_26,3,3
1001,2024-10-14,ajanlat / offline,proposal-by-phone,1,3
1002,2024-10-14,(not set),(not set),0,2
1003,2024-10-14,google / cpc,(organic),2,2
1004,2024-10-14,email.seznam.cz / referral,(referral),2,2
1005,2024-10-14,ntp.msn.com / referral,(referral),2,2
1006,2024-10-14,bing / cpc,campaign_28,2,2
1007,2024-10-14,bing / organic,(organic),1,1
1008,2024-10-14,l.instagram.com / referral,(referral),1,1
1009,2024-10-14,prm.connexservice.com / referral,(referral),1,1
1010,2024-10-14,google / cpc,campaign_30,1,1
1011,2024-10-14,google / cpc,campaign_23,1,1
1012,2024-10-14,bing / cpc,campaign_29,1,1
1013,2024-10-14,google / cpc,campaign_51,1,1
1014,2024-10-14,facebook / cpc,campaign_21,1,1
1015,2024-10-14,source_16,hirlevel_c6,0,1
1016,2024-10-14,source_17,hirlevel_c9,1,1
1017,2024-10-14,loyalty / email,loyalty-email,1,1
1018,2024-10-14,google / cpc,utm_campaign,1,1
1019,2024-10-15,(direct) / (none),(direct),58,62
1020,2024-10-15,google / cpc,hu_brand,39,45
1021,2024-10-15,google / cpc,campaign_15,36,39
1022,2024-10-15,google / organic,(organic),34,38
1023,2024-10-15,google / cpc,campaign_16,32,37
1024,2024-10-15,google / cpc,(not set),31,35
1025,2024-10-15,google / cpc,hu_pmax_brand,33,33
1026,2024-10-15,facebook / cpc,campaign_14,22,22
1027,2024-10-15,redir.d-edgeconnect.media / referral,(referral),18,19
1028,2024-10-15,m.facebook.com / referral,(referral),9,9
1029,2024-10-15,google / cpc,campaign_19,8,9
1030,2024-10-15,google / cpc,utm_campaign,5,6
1031,2024-10-15,ntp.msn.com / referral,(referral),3,5
1032,2024-10-15,google / cpc,campaign_17,5,5
1033,2024-10-15,bing / cpc,campaign_28,4,5
1034,2024-10-15,google / cpc,campaign_20,3,4
1035,2024-10-15,google / cpc,campaign_23,4,4
1036,2024-10-15,ajanlat / offline,proposal-by-phone,2,4
1037,2024-10-15,(not set),(not set),1,3
1038,2024-10-15,source_1,(referral),3,3
1039,2024-10-15,ajanlat / offline,campaign_2,3,3
1040,2024-10-15,l.instagram.com / referral,(referral),2,2
1041,2024-10-15,bing / cpc,campaign_31,2,2
1042,2024-10-15,facebook / cpc,campaign_18,2,2
1043,2024-10-15,facebook / cpc,campaign_21,2,2
1044,2024-10-15,google / cpc,campaign_26,2,2
1045,2024-10-15,bing / organic,(organic),1,1
1046,2024-10-15,google / cpc,(organic),1,1
1047,2024-10-15,source_23,(referral),1,1
1048,2024-10-15,l.facebook.com / referral,(referral),1,1
1049,2024-10-15,search.brave.com / referral,(referral),1,1
1050,2024-10-15,select.roadster.hu / referral,(referral),1,1
1051,2024-10-15,zadir.hu / referral,(referral),1,1
1052,2024-10-16,google / organic,(organic),39,45
1053,2024-10-16,google / cpc,hu_brand,37,40
1054,2024-10-16,(direct) / (none),(direct),37,39
1055,2024-10-16,google / cpc,(not set),32,38
1056,2024-10-16,google / cpc,campaign_16,28,31
1057,2024-10-16,google / cpc,campaign_15,21,22
1058,2024-10-16,facebook / cpc,campaign_14,21,22
1059,2024-10-16,google / cpc,hu_pmax_brand,20,21
1060,2024-10-16,facebook / cpc,campaign_18,10,10
1061,2024-10-16,google / cpc,campaign_20,7,7
1062,2024-10-16,source_1,(referral),6,6
1063,2024-10-16,redir.d-edgeconnect.media / referral,(referral),5,6
1064,2024-10-16,l.facebook.com / referral,(referral),5,5
1065,2024-10-16,google / cpc,campaign_17,4,5
1066,2024-10-16,ntp.msn.com / referral,(referral),1,4
1067,2024-10-16,bing / cpc,campaign_28,4,4
1068,2024-10-16,bing / cpc,campaign_29,3,4
1069,2024-10-16,ajanlat / offline,campaign_2,4,4
1070,2024-10-16,m.facebook.com / referral,(referral),3,3
1071,2024-10-16,bing / cpc,campaign_31,3,3
1072,2024-10-16,google / cpc,campaign_26,3,3
1073,2024-10-16,bing / organic,(organic),2,2
1074,2024-10-16,google / cpc,(organic),2,2
1075,2024-10-16,seznam / organic,(organic),2,2
1076,2024-10-16,email.seznam.cz / referral,(referral),1,2
1077,2024-10-16,google / cpc,campaign_19,2,2
1078,2024-10-16,ajanlat / offline,proposal-by-phone,1,2
1079,2024-10-16,(direct) / (none),(not set),1,1
1080,2024-10-16,(not set),(not set),1,1
1081,2024-10-16,l.instagram.com / referral,(referral),1,1
1082,2024-10-16,source_12,(referral),1,1
1083,2024-10-16,trc.taboola.com / referral,(referral),1,1
1084,2024-10-16,google / cpc,campaign_23,1,1
1085,2024-10-16,facebook / cpc,campaign_21,1,1
1086,2024-10-16,email / offline,proposal-by-phone,1,1
1087,2024-10-16,google / cpc,utm_campaign,1,1
1088,2024-10-17,google / cpc,campaign_16,38,50
1089,2024-10-17,(direct) / (none),(direct),42,43
1090,2024-10-17,google / cpc,hu_brand,41,43
1091,2024-10-17,google / organic,(organic),35,40
1092,2024-10-17,google / cpc,(not set),25,29
1093,2024-10-17,google / cpc,campaign_15,22,23
1094,2024-10-17,facebook / cpc,campaign_14,20,21
1095,2024-10-17,google / cpc,hu_pmax_brand,16,19
1096,2024-10-17,facebook / cpc,campaign_18,12,13
1097,2024-10-17,l.facebook.com / referral,(referral),9,9
1098,2024-10-17,csodasmagyarorszag.hu / referral,(referral),5,6
1099,2024-10-17,m.facebook.com / referral,(referral),5,6
1100,2024-10-17,google / cpc,campaign_19,6,6
1101,2024-10-17,(not set),(not set),5,5
1102,2024-10-17,source_1,(referral),4,5
1103,2024-10-17,ajanlat / offline,campaign_2,5,5
1104,2024-10-17,google / cpc,campaign_20,3,4
1105,2024-10-17,facebook / cpc,campaign_56,4,4
1106,2024-10-17,lm.facebook.com / referral,(referral),3,3
1107,2024-10-17,redir.d-edgeconnect.media / referral,(referral),3,3
1108,2024-10-17,bing / cpc,campaign_31,3,3
1109,2024-10-17,google / cpc,campaign_17,3,3
1110,2024-10-17,bing / organic,(organic),2,2
1111,2024-10-17,email.seznam.cz / referral,(referral),2,2
1112,2024-10-17,instagram.com / referral,(referral),2,2
1113,2024-10-17,bing / cpc,campaign_29,2,2
1114,2024-10-17,seznam / organic,(organic),1,1
1115,2024-10-17,source_23,(referral),1,1
1116,2024-10-17,vendeghazak.hu / referral,(referral),1,1
1117,2024-10-17,source_7,(referral),1,1
1118,2024-10-17,bing / cpc,campaign_28,1,1
1119,2024-10-17,facebook / cpc,campaign_21,1,1
1120,2024-10-17,google / cpc,campaign_26,1,1
1121,2024-10-17,ajanlat / email,campaign_7,1,1
1122,2024-10-18,(direct) / (none),(direct),39,43
1123,2024-10-18,google / cpc,(not set),35,43
1124,2024-10-18,google / organic,(organic),35,38
1125,2024-10-18,google / cpc,hu_brand,35,37
1126,2024-10-18,google / cpc,hu_pmax_brand,29,30
1127,2024-10-18,google / cpc,campaign_16,23,25
1128,2024-10-18,google / cpc,campaign_15,18,19
1129,2024-10-18,facebook / cpc,campaign_14,10,11
1130,2024-10-18,facebook / cpc,campaign_18,10,10
1131,2024-10-18,google / cpc,(organic),5,5
1132,2024-10-18,google / cpc,campaign_19,4,5
1133,2024-10-18,google / cpc,campaign_17,5,5
1134,2024-10-18,google / cpc,campaign_26,3,5
1135,2024-10-18,(not set),(not set),3,4
1136,2024-10-18,l.facebook.com / referral,(referral),4,4
1137,2024-10-18,google / cpc,campaign_20,2,3
1138,2024-10-18,ajanlat / offline,campaign_2,3,3
1139,2024-10-18,seznam / organic,(organic),2,2
1140,2024-10-18,source_1,(referral),2,2
1141,2024-10-18,m.facebook.com / referral,(referral),2,2
1142,2024-10-18,redir.d-edgeconnect.media / referral,(referral),1,2
1143,2024-10-18,google / cpc,campaign_30,2,2
1144,2024-10-18,bing / cpc,campaign_28,2,2
1145,2024-10-18,bing / cpc,campaign_29,2,2
1146,2024-10-18,facebook / cpc,campaign_56,2,2
1147,2024-10-18,source_9,hirlevel_c3,1,2
1148,2024-10-18,csodasmagyarorszag.hu / referral,(referral),1,1
1149,2024-10-18,email.seznam.cz / referral,(referral),1,1
1150,2024-10-18,instagram.com / referral,(referral),1,1
1151,2024-10-18,l.instagram.com / referral,(referral),1,1
1152,2024-10-18,msn.com / referral,(referral),1,1
1153,2024-10-18,vendeghazak.hu / referral,(referral),1,1
1154,2024-10-18,bing / cpc,campaign_31,1,1
1155,2024-10-18,facebook / cpc,campaign_57,1,1
1156,2024-10-18,email / offline,proposal-by-phone,1,1
1157,2024-10-18,phone / offline,proposal-by-phone,1,1
