,date,utm_source_and_medium,utm_campaign,user_count,session_count
0,2024-09-18,(not set),(not set),425,551
1,2024-09-18,google / cpc,(organic),292,342
2,2024-09-18,google / cpc,(not set),206,232
3,2024-09-18,(direct) / (none),(direct),175,220
4,2024-09-18,google / organic,(organic),145,170
5,2024-09-18,google / cpc,HU | pMAX | PERF I Brand,103,109
6,2024-09-18,google / cpc,HU | GSN | PERF I Brand,62,78
7,2024-09-18,google / cpc,AT | pMAX Hotel | PERF I Brand,55,59
8,2024-09-18,facebook / cpc,campaign_17,53,54
9,2024-09-18,google / cpc,HU | GSN | PERF I Lokáció,45,48
10,2024-09-18,google / cpc,HU | GSN | PERF I Brand 2,27,31
11,2024-09-18,facebook / cpc,campaign_18,27,30
12,2024-09-18,google / cpc,DE | pMAX Hotel | PERF I Brand,19,25
13,2024-09-18,bing / cpc,campaign_33,11,23
14,2024-09-18,google / cpc,AT | GSN | PERF I Brand,18,21
15,2024-09-18,l.facebook.com / referral,(referral),11,16
16,2024-09-18,hirlevel / ct,campaign_3,9,15
17,2024-09-18,facebook / cpc,campaign_19,15,15
18,2024-09-18,m.facebook.com / referral,(referral),6,12
19,2024-09-18,google / cpc,campaign_27,10,12
20,2024-09-18,google / cpc,CZ | pMAX | PERF I Brand,7,10
21,2024-09-18,ajanlat / offline,campaign_2,5,10
22,2024-09-18,redir.d-edgeconnect.media / referral,(referral),8,9
23,2024-09-18,bing / cpc,HU | GSN | Brand 2024,7,9
24,2024-09-18,google / cpc,HU | GDN | ENGM I Programok '24,7,8
25,2024-09-18,phone / offline,proposal-by-phone,2,7
26,2024-09-18,bing / organic,(organic),6,6
27,2024-09-18,google / cpc,(referral),2,5
28,2024-09-18,google / cpc,AT | GSN | PERF | Lokáció,5,5
29,2024-09-18,duckduckgo / organic,(organic),3,4
30,2024-09-18,facebook / cpc,campaign_20,3,4
31,2024-09-18,ajanlat / email,campaign_7,3,4
32,2024-09-18,bing / cpc,DE | GSN | Brand 2024,1,3
33,2024-09-18,google / cpc,campaign_21,3,3
34,2024-09-18,source_4,(organic),1,2
35,2024-09-18,instagram.com / referral,(referral),0,2
36,2024-09-18,lm.facebook.com / referral,(referral),2,2
37,2024-09-18,zadir.hu / referral,(referral),0,2
38,2024-09-18,bing / cpc,AT | GSN | Brand,0,2
39,2024-09-18,bing / cpc,AT | GSN | Brand 2024,2,2
40,2024-09-18,email / offline,proposal-by-phone,0,2
41,2024-09-18,(direct) / (none),(not set),1,1
42,2024-09-18,app.zoomsphere.com / referral,(referral),1,1
43,2024-09-18,familypark.at / referral,(referral),1,1
44,2024-09-18,romaniatv.net / referral,(referral),1,1
45,2024-09-18,fb / paid,campaign_9,1,1
46,2024-09-18,google / cpc,CZ | GSN | PERF I Brand,1,1
47,2024-09-18,google / cpc,campaign_22,1,1
48,2024-09-18,google / cpc,HU | pMAX | Csomag,1,1
49,2024-09-18,google / cpc,campaign_23,1,1
50,2024-09-18,hirlevel_s1,hirlevel_c1,1,1
51,2024-09-19,familypark.at / referral,(referral),1,3
52,2024-09-19,google / cpc,CZ | GSN | PERF I Brand,1,1
53,2024-09-19,(direct) / (none),(direct),166,191
54,2024-09-19,google / cpc,(not set),159,168
55,2024-09-19,google / organic,(organic),123,141
56,2024-09-19,google / cpc,HU | pMAX | PERF I Brand,67,72
57,2024-09-19,google / cpc,HU | GSN | PERF I Brand,51,58
58,2024-09-19,facebook / cpc,campaign_18,43,55
59,2024-09-19,google / cpc,AT | pMAX Hotel | PERF I Brand,46,48
60,2024-09-19,google / cpc,HU | GSN | PERF I Lokáció,35,46
61,2024-09-19,facebook / cpc,campaign_17,39,39
62,2024-09-19,google / cpc,HU | GSN | PERF I Brand 2,26,34
63,2024-09-19,l.facebook.com / referral,(referral),21,22
64,2024-09-19,bing / cpc,campaign_33,8,22
65,2024-09-19,google / cpc,CZ | pMAX | PERF I Brand,19,19
66,2024-09-19,google / cpc,campaign_27,9,17
67,2024-09-19,google / cpc,DE | pMAX Hotel | PERF I Brand,16,16
68,2024-09-19,google / cpc,AT | GSN | PERF I Brand,11,13
69,2024-09-19,facebook / cpc,campaign_19,9,12
70,2024-09-19,bing / organic,(organic),8,8
71,2024-09-19,hirlevel / ct,campaign_3,5,8
72,2024-09-19,ajanlat / offline,campaign_2,4,8
73,2024-09-19,bing / cpc,HU | GSN | Brand 2024,4,7
74,2024-09-19,phone / offline,proposal-by-phone,3,7
75,2024-09-19,google / cpc,(referral),2,6
76,2024-09-19,m.facebook.com / referral,(referral),6,6
77,2024-09-19,zadir.hu / referral,(referral),1,5
78,2024-09-19,google / cpc,AT | GSN | PERF | Lokáció,5,5
79,2024-09-19,google / cpc,HU | GDN | ENGM I Programok '24,5,5
80,2024-09-19,google / cpc,campaign_21,4,5
81,2024-09-19,lm.facebook.com / referral,(referral),4,4
82,2024-09-19,google / cpc,campaign_22,3,4
83,2024-09-19,(not set),(not set),352,468
84,2024-09-19,facebook / cpc,campaign_20,2,3
85,2024-09-19,google / cpc,campaign_23,0,3
86,2024-09-19,ajanlat / email,campaign_7,3,3
87,2024-09-19,(direct) / (none),(not set),1,2
88,2024-09-19,google / organic,(not set),2,2
89,2024-09-19,seznam / organic,(organic),1,2
90,2024-09-19,redir.d-edgeconnect.media / referral,(referral),2,2
91,2024-09-19,bing / cpc,campaign_14,0,2
92,2024-09-19,bing / cpc,DE | GSN | Brand 2024,1,2
93,2024-09-19,google / cpc,DE | GSN | PERF I Brand,1,2
94,2024-09-19,hirlevel / ct,campaign_13,1,2
95,2024-09-19,loyalty / email,loyalty-email,1,2
96,2024-09-19,app.bonomi.io / referral,(referral),1,1
97,2024-09-19,cdn.respond.io / referral,(referral),1,1
98,2024-09-19,economica.net / referral,(referral),1,1
99,2024-09-19,l.instagram.com / referral,(referral),1,1
100,2024-09-19,padlet.com / referral,(referral),0,1
101,2024-09-19,pay.eewosecure.com / referral,(referral),1,1
102,2024-09-19,thermenhotels.at / referral,(referral),1,1
103,2024-09-19,fb / paid,campaign_8,1,1
104,2024-09-19,fb / paid,campaign_9,1,1
105,2024-09-19,bing / cpc,AT | GSN | Brand 2024,1,1
106,2024-09-19,google / cpc,(organic),223,251
107,2024-09-20,(direct) / (none),(direct),162,191
108,2024-09-20,ajanlat / email,campaign_7,0,1
109,2024-09-20,(not set),(not set),300,406
110,2024-09-20,google / cpc,(not set),142,148
111,2024-09-20,google / organic,(organic),112,121
112,2024-09-20,google / cpc,HU | pMAX | PERF I Brand,106,112
113,2024-09-20,google / cpc,HU | GSN | PERF I Brand,53,59
114,2024-09-20,facebook / cpc,campaign_18,58,59
115,2024-09-20,facebook / cpc,campaign_19,39,42
116,2024-09-20,google / cpc,AT | pMAX Hotel | PERF I Brand,36,39
117,2024-09-20,google / cpc,HU | GSN | PERF I Brand 2,30,37
118,2024-09-20,facebook / cpc,campaign_17,35,36
119,2024-09-20,google / cpc,HU | GSN | PERF I Lokáció,25,29
120,2024-09-20,bing / cpc,campaign_33,23,26
121,2024-09-20,l.facebook.com / referral,(referral),14,22
122,2024-09-20,google / cpc,AT | GSN | PERF I Brand,6,13
123,2024-09-20,google / cpc,CZ | pMAX | PERF I Brand,12,13
124,2024-09-20,google / cpc,DE | pMAX Hotel | PERF I Brand,9,13
125,2024-09-20,m.facebook.com / referral,(referral),11,12
126,2024-09-20,ajanlat / offline,campaign_2,8,11
127,2024-09-20,bing / cpc,HU | GSN | Brand 2024,7,10
128,2024-09-20,google / cpc,HU | GDN | ENGM I Programok '24,9,9
129,2024-09-20,google / cpc,AT | GSN | PERF | Lokáció,7,8
130,2024-09-20,google / cpc,(referral),3,7
131,2024-09-20,lm.facebook.com / referral,(referral),5,6
132,2024-09-20,google / cpc,campaign_27,4,6
133,2024-09-20,bing / organic,(organic),2,5
134,2024-09-20,hirlevel / ct,campaign_13,1,5
135,2024-09-20,hirlevel / ct,campaign_3,3,5
136,2024-09-20,yahoo / organic,(organic),1,4
137,2024-09-20,(direct) / (none),(not set),2,3
138,2024-09-20,source_4,(organic),0,3
139,2024-09-20,familypark.at / referral,(referral),1,3
140,2024-09-20,redir.d-edgeconnect.media / referral,(referral),1,3
141,2024-09-20,facebook / cpc,campaign_20,1,3
142,2024-09-20,email / offline,proposal-by-phone,2,3
143,2024-09-20,google / organic,(not set),2,2
144,2024-09-20,bing / cpc,DE | GSN | Brand 2024,1,2
145,2024-09-20,google / cpc,DE | GSN | PERF I Brand,2,2
146,2024-09-20,google / cpc,DE | GSN | PERF I Lokáció,2,2
147,2024-09-20,instagram / cpc,campaign_24,2,2
148,2024-09-20,google / cpc,campaign_23,1,2
149,2024-09-20,hirlevel_s1,hirlevel_c1,0,2
150,2024-09-20,www.familypark.at / referral,(not set),1,1
151,2024-09-20,duckduckgo / organic,(organic),1,1
152,2024-09-20,app.zoomsphere.com / referral,(referral),1,1
153,2024-09-20,cdn.respond.io / referral,(referral),1,1
154,2024-09-20,padlet.com / referral,(referral),1,1
155,2024-09-20,thermengutscheine.at / referral,(referral),1,1
156,2024-09-20,wellcard.at / referral,(referral),1,1
157,2024-09-20,fb / paid,campaign_9,0,1
158,2024-09-20,fb / paid,campaign_25,1,1
159,2024-09-20,bing / cpc,AT | GSN | Brand 2024,0,1
160,2024-09-20,google / cpc,CZ | GSN | PERF I Brand,1,1
161,2024-09-20,google / cpc,campaign_21,1,1
162,2024-09-20,google / cpc,campaign_26,1,1
163,2024-09-20,hirlevel / ct,feliratkozas_en,1,1
164,2024-09-20,loyalty / email,loyalty-email,1,1
165,2024-09-20,google / cpc,(organic),236,261
166,2024-09-21,google / cpc,(organic),211,223
167,2024-09-21,ajanlat / email,campaign_7,1,1
168,2024-09-21,(direct) / (none),(direct),116,139
169,2024-09-21,google / cpc,(not set),114,125
170,2024-09-21,google / organic,(organic),106,124
171,2024-09-21,google / cpc,HU | pMAX | PERF I Brand,85,90
172,2024-09-21,facebook / cpc,campaign_18,74,76
173,2024-09-21,google / cpc,HU | GSN | PERF I Brand,59,67
174,2024-09-21,google / cpc,HU | GSN | PERF I Lokáció,35,49
175,2024-09-21,facebook / cpc,campaign_17,46,47
176,2024-09-21,google / cpc,AT | pMAX Hotel | PERF I Brand,27,38
177,2024-09-21,facebook / cpc,campaign_19,34,35
178,2024-09-21,l.facebook.com / referral,(referral),23,24
179,2024-09-21,google / cpc,HU | GSN | PERF I Brand 2,18,23
180,2024-09-21,google / cpc,AT | GSN | PERF I Brand,10,22
181,2024-09-21,google / cpc,DE | pMAX Hotel | PERF I Brand,20,20
182,2024-09-21,m.facebook.com / referral,(referral),17,17
183,2024-09-21,google / cpc,CZ | pMAX | PERF I Brand,16,17
184,2024-09-21,google / cpc,campaign_27,11,12
185,2024-09-21,bing / cpc,campaign_33,8,10
186,2024-09-21,google / cpc,HU | GDN | ENGM I Programok '24,10,10
187,2024-09-21,(direct) / (none),(not set),1,6
188,2024-09-21,lm.facebook.com / referral,(referral),2,6
189,2024-09-21,google / cpc,AT | GSN | PERF | Lokáció,4,6
190,2024-09-21,google / cpc,campaign_22,4,5
191,2024-09-21,google / organic,(not set),1,4
192,2024-09-21,bing / organic,(organic),1,4
193,2024-09-21,google / cpc,(referral),3,4
194,2024-09-21,google / cpc,campaign_21,3,4
195,2024-09-21,ajanlat / offline,campaign_2,2,4
196,2024-09-21,familypark.at / referral,(referral),0,3
197,2024-09-21,hirlevel / ct,campaign_3,2,3
198,2024-09-21,instagram / cpc,campaign_24,3,3
199,2024-09-21,www.familypark.at / referral,(not set),1,2
200,2024-09-21,seznam / organic,(organic),1,2
201,2024-09-21,kapu.hu / referral,(referral),1,2
202,2024-09-21,l.instagram.com / referral,(referral),2,2
203,2024-09-21,redir.d-edgeconnect.media / referral,(referral),1,2
204,2024-09-21,wellcard.at / referral,(referral),2,2
205,2024-09-21,bing / cpc,AT | GSN | Brand 2024,2,2
206,2024-09-21,google / cpc,DE | GSN | PERF I Brand,2,2
207,2024-09-21,bing / cpc,HU | GSN | Brand 2024,2,2
208,2024-09-21,google / cpc,campaign_23,2,2
209,2024-09-21,email / offline,proposal-by-phone,1,2
210,2024-09-21,yahoo / organic,(organic),1,1
211,2024-09-21,app.bonomi.io / referral,(referral),0,1
212,2024-09-21,cdn.respond.io / referral,(referral),0,1
213,2024-09-21,padlet.com / referral,(referral),1,1
214,2024-09-21,pay.eewosecure.com / referral,(referral),1,1
215,2024-09-21,romaniatv.net / referral,(referral),1,1
216,2024-09-21,bing / cpc,DE | GSN | Brand 2024,1,1
217,2024-09-21,google / cpc,campaign_28,1,1
218,2024-09-21,facebook / cpc,campaign_20,1,1
219,2024-09-21,hirlevel_s1,hirlevel_c1,1,1
220,2024-09-21,(not set),(not set),286,393
221,2024-09-22,ajanlat / offline,campaign_2,1,4
222,2024-09-22,google / cpc,(organic),267,299
223,2024-09-22,(direct) / (none),(direct),220,255
224,2024-09-22,google / cpc,(not set),180,203
225,2024-09-22,google / organic,(organic),157,171
226,2024-09-22,facebook / cpc,campaign_18,112,118
227,2024-09-22,google / cpc,HU | pMAX | PERF I Brand,98,108
228,2024-09-22,google / cpc,HU | GSN | PERF I Brand,79,94
229,2024-09-22,google / cpc,HU | GSN | PERF I Brand 2,48,58
230,2024-09-22,facebook / cpc,campaign_19,46,46
231,2024-09-22,google / cpc,AT | pMAX Hotel | PERF I Brand,41,44
232,2024-09-22,facebook / cpc,campaign_17,41,44
233,2024-09-22,l.facebook.com / referral,(referral),30,33
234,2024-09-22,google / cpc,HU | GSN | PERF I Lokáció,21,25
235,2024-09-22,m.facebook.com / referral,(referral),17,24
236,2024-09-22,google / cpc,DE | pMAX Hotel | PERF I Brand,21,23
237,2024-09-22,google / cpc,AT | GSN | PERF I Brand,9,14
238,2024-09-22,google / cpc,HU | GDN | ENGM I Programok '24,14,14
239,2024-09-22,bing / cpc,campaign_33,10,13
240,2024-09-22,lm.facebook.com / referral,(referral),6,9
241,2024-09-22,instagram / cpc,campaign_24,6,9
242,2024-09-22,google / cpc,(referral),4,7
243,2024-09-22,google / cpc,CZ | pMAX | PERF I Brand,7,7
244,2024-09-22,google / cpc,campaign_27,6,7
245,2024-09-22,google / cpc,AT | GSN | PERF | Lokáció,5,5
246,2024-09-22,yahoo / organic,(organic),0,4
247,2024-09-22,familypark.at / referral,(referral),3,4
248,2024-09-22,google / cpc,DE | GSN | PERF I Lokáció,4,4
249,2024-09-22,google / cpc,campaign_21,3,4
250,2024-09-22,(not set),(not set),387,532
251,2024-09-22,email / offline,proposal-by-phone,3,4
252,2024-09-22,(direct) / (none),(not set),0,3
253,2024-09-22,l.instagram.com / referral,(referral),1,3
254,2024-09-22,google / cpc,DE | GSN | PERF I Brand,2,3
255,2024-09-22,google / cpc,campaign_23,2,3
256,2024-09-22,seznam / organic,(organic),2,2
257,2024-09-22,kapu.hu / referral,(referral),1,2
258,2024-09-22,bing / cpc,DE | GSN | Brand 2024,0,2
259,2024-09-22,hirlevel / ct,campaign_3,2,2
260,2024-09-22,bing / cpc,HU | GSN | Brand 2024,1,2
261,2024-09-22,google / organic,(not set),1,1
262,2024-09-22,www.familypark.at / referral,(not set),0,1
263,2024-09-22,bing / organic,(organic),1,1
264,2024-09-22,duckduckgo / organic,(organic),1,1
265,2024-09-22,connexservice.com / referral,(referral),1,1
266,2024-09-22,economica.net / referral,(referral),1,1
267,2024-09-22,kereso.startlap.hu / referral,(referral),1,1
268,2024-09-22,padlet.com / referral,(referral),0,1
269,2024-09-22,redir.d-edgeconnect.media / referral,(referral),0,1
270,2024-09-22,thermengutscheine.at / referral,(referral),1,1
271,2024-09-22,wellcard.at / referral,(referral),1,1
272,2024-09-22,bing / cpc,AT | GSN | Brand 2024,1,1
273,2024-09-22,google / cpc,campaign_22,1,1
274,2024-09-22,google / cpc,campaign_28,1,1
275,2024-09-22,facebook / cpc,campaign_20,1,1
276,2024-09-22,ajanlat / email,campaign_7,0,1
277,2024-09-22,ajanlat / offline,proposal-by-phone,1,1
278,2024-09-23,(direct) / (none),(direct),757,785
279,2024-09-23,(not set),(not set),445,595
280,2024-09-23,google / cpc,(organic),292,332
281,2024-09-23,facebook / cpc,campaign_18,193,203
282,2024-09-23,google / organic,(organic),164,184
283,2024-09-23,google / cpc,(not set),149,176
284,2024-09-23,google / cpc,HU | pMAX | PERF I Brand,89,100
285,2024-09-23,google / cpc,HU | GSN | PERF I Brand,72,90
286,2024-09-23,facebook / cpc,campaign_19,65,70
287,2024-09-23,google / cpc,AT | pMAX Hotel | PERF I Brand,53,61
288,2024-09-23,google / cpc,HU | GSN | PERF I Brand 2,46,54
289,2024-09-23,google / cpc,HU | GSN | PERF I Lokáció,26,50
290,2024-09-23,facebook / cpc,campaign_17,44,48
291,2024-09-23,l.facebook.com / referral,(referral),35,37
292,2024-09-23,m.facebook.com / referral,(referral),28,29
293,2024-09-23,bing / cpc,campaign_33,21,23
294,2024-09-23,google / cpc,CZ | pMAX | PERF I Brand,20,22
295,2024-09-23,google / cpc,AT | GSN | PERF I Brand,6,13
296,2024-09-23,instagram / cpc,campaign_24,11,13
297,2024-09-23,google / cpc,HU | GDN | ENGM I Programok '24,7,12
298,2024-09-23,google / cpc,DE | pMAX Hotel | PERF I Brand,7,10
299,2024-09-23,bing / organic,(organic),6,9
300,2024-09-23,google / cpc,campaign_21,9,9
301,2024-09-23,wellcard.at / referral,(referral),2,8
302,2024-09-23,google / cpc,AT | GSN | PERF | Lokáció,8,8
303,2024-09-23,ajanlat / offline,campaign_2,5,8
304,2024-09-23,google / cpc,campaign_27,6,7
305,2024-09-23,ajanlat / offline,proposal-by-phone,7,7
306,2024-09-23,bing / cpc,HU | GSN | Brand 2024,4,6
307,2024-09-23,google / cpc,campaign_22,0,6
308,2024-09-23,google / organic,(not set),4,5
309,2024-09-23,lm.facebook.com / referral,(referral),4,5
310,2024-09-23,l.instagram.com / referral,(referral),3,4
311,2024-09-23,bing / cpc,AT | GSN | Brand 2024,0,4
312,2024-09-23,facebook / cpc,campaign_20,4,4
313,2024-09-23,email / offline,proposal-by-phone,1,4
314,2024-09-23,familypark.at / referral,(referral),3,3
315,2024-09-23,padlet.com / referral,(referral),3,3
316,2024-09-23,redir.d-edgeconnect.media / referral,(referral),2,3
317,2024-09-23,hirlevel / ct,campaign_3,2,3
318,2024-09-23,yahoo / organic,(organic),1,2
319,2024-09-23,google / cpc,(referral),2,2
320,2024-09-23,kereso.startlap.hu / referral,(referral),1,2
321,2024-09-23,thermengutscheine.at / referral,(referral),1,2
322,2024-09-23,fb / paid,campaign_9,2,2
323,2024-09-23,bing / cpc,DE | GSN | Brand 2024,2,2
324,2024-09-23,instagram / cpc,campaign_20,2,2
325,2024-09-23,(direct) / (none),(not set),0,1
326,2024-09-23,duckduckgo / organic,(organic),1,1
327,2024-09-23,seznam / organic,(organic),0,1
328,2024-09-23,antispam.bubendorff.com / referral,(referral),1,1
329,2024-09-23,economica.net / referral,(referral),0,1
330,2024-09-23,instagram.com / referral,(referral),1,1
331,2024-09-23,pay.eewosecure.com / referral,(referral),0,1
332,2024-09-23,youtube.com / referral,(referral),1,1
333,2024-09-23,hirlevel_s1,hirlevel_c1,1,1
334,2024-09-24,familypark.at / referral,(referral),1,1
335,2024-09-24,hirlevel / ct,feliratkozas_hu,1,1
336,2024-09-24,(direct) / (none),(direct),174,195
337,2024-09-24,facebook / cpc,campaign_18,182,189
338,2024-09-24,google / cpc,(not set),173,187
339,2024-09-24,google / organic,(organic),147,163
340,2024-09-24,facebook / cpc,campaign_19,78,81
341,2024-09-24,google / cpc,HU | GSN | PERF I Brand,55,63
342,2024-09-24,google / cpc,HU | pMAX | PERF I Brand,39,57
343,2024-09-24,google / cpc,HU | GSN | PERF I Brand 2,37,47
344,2024-09-24,facebook / cpc,campaign_17,43,46
345,2024-09-24,google / cpc,AT | pMAX Hotel | PERF I Brand,40,43
346,2024-09-24,l.facebook.com / referral,(referral),39,39
347,2024-09-24,google / cpc,HU | GSN | PERF I Lokáció,28,29
348,2024-09-24,m.facebook.com / referral,(referral),18,27
349,2024-09-24,google / cpc,DE | pMAX Hotel | PERF I Brand,23,24
350,2024-09-24,google / cpc,AT | GSN | PERF I Brand,12,20
351,2024-09-24,bing / cpc,HU | GSN | Brand 2024,10,19
352,2024-09-24,bing / cpc,campaign_33,16,17
353,2024-09-24,google / cpc,campaign_27,12,12
354,2024-09-24,bing / cpc,HU,8,10
355,2024-09-24,google / cpc,AT | GSN | PERF | Lokáció,7,9
356,2024-09-24,google / cpc,CZ | pMAX | PERF I Brand,6,8
357,2024-09-24,ajanlat / offline,campaign_2,4,8
358,2024-09-24,instagram / cpc,campaign_24,4,7
359,2024-09-24,bing / organic,(organic),5,5
360,2024-09-24,redir.d-edgeconnect.media / referral,(referral),3,5
361,2024-09-24,facebook / cpc,campaign_20,4,5
362,2024-09-24,ajanlat / offline,proposal-by-phone,2,5
363,2024-09-24,google / cpc,(not+set),4,4
364,2024-09-24,seznam / organic,(organic),0,4
365,2024-09-24,lm.facebook.com / referral,(referral),4,4
366,2024-09-24,bing / cpc,AT | GSN | Brand 2024,3,4
367,2024-09-24,google / cpc,(referral),2,3
368,2024-09-24,kapu.hu / referral,(referral),2,3
369,2024-09-24,google / cpc,DE | GSN | PERF I Brand,2,3
370,2024-09-24,hirlevel / ct,campaign_3,2,3
371,2024-09-24,google / cpc,campaign_26,2,3
372,2024-09-24,hirlevel_s1,hirlevel_c1,2,3
373,2024-09-24,ajanlat / email,campaign_7,3,3
374,2024-09-24,pay.eewosecure.com / referral,(referral),0,2
375,2024-09-24,wellcard.at / referral,(referral),1,2
376,2024-09-24,fb / paid,campaign_8,1,2
377,2024-09-24,google / cpc,campaign_21,1,2
378,2024-09-24,google / cpc,campaign_22,0,2
379,2024-09-24,google / cpc,campaign_23,2,2
380,2024-09-24,email / offline,proposal-by-phone,0,2
381,2024-09-24,(direct) / (none),(not set),0,1
382,2024-09-24,google / organic,(not set),1,1
383,2024-09-24,m.facebook.com / referral,(not set),1,1
384,2024-09-24,duckduckgo / organic,(organic),1,1
385,2024-09-24,qwant.com / organic,(organic),1,1
386,2024-09-24,yahoo / organic,(organic),0,1
387,2024-09-24,source_8,(referral),1,1
388,2024-09-24,app.zoomsphere.com / referral,(referral),1,1
389,2024-09-24,click.pstmrk.it / referral,(referral),1,1
390,2024-09-24,(not set),(not set),402,535
391,2024-09-24,kereso.startlap.hu / referral,(referral),1,1
392,2024-09-24,l.instagram.com / referral,(referral),0,1
393,2024-09-24,privacywall.org / referral,(referral),1,1
394,2024-09-24,fb / paid,campaign_9,1,1
395,2024-09-24,google / cpc,HU | GDN | ENGM I Programok '24,0,1
396,2024-09-24,google / cpc,(organic),251,285
397,2024-09-25,google / cpc,campaign_21,5,6
398,2024-09-25,hirlevel_s1,hirlevel_c1,1,1
399,2024-09-25,facebook / cpc,campaign_18,217,240
400,2024-09-25,(direct) / (none),(direct),174,200
401,2024-09-25,google / cpc,(not set),151,162
402,2024-09-25,google / organic,(organic),129,144
403,2024-09-25,google / cpc,HU | GSN | PERF I Brand,66,77
404,2024-09-25,google / cpc,HU | pMAX | PERF I Brand,69,72
405,2024-09-25,facebook / cpc,campaign_19,63,64
406,2024-09-25,google / cpc,HU | GSN | PERF I Brand 2,43,57
407,2024-09-25,google / cpc,AT | pMAX Hotel | PERF I Brand,26,39
408,2024-09-25,l.facebook.com / referral,(referral),37,38
409,2024-09-25,facebook / cpc,campaign_17,29,32
410,2024-09-25,google / cpc,HU | GSN | PERF I Lokáció,8,27
411,2024-09-25,m.facebook.com / referral,(referral),23,24
412,2024-09-25,bing / cpc,campaign_33,11,23
413,2024-09-25,google / cpc,CZ | pMAX | PERF I Brand,20,21
414,2024-09-25,bing / organic,(organic),13,19
415,2024-09-25,google / cpc,DE | pMAX Hotel | PERF I Brand,16,16
416,2024-09-25,google / cpc,AT | GSN | PERF I Brand,9,14
417,2024-09-25,instagram / cpc,campaign_24,9,14
418,2024-09-25,ajanlat / offline,proposal-by-phone,5,12
419,2024-09-25,lm.facebook.com / referral,(referral),8,10
420,2024-09-25,bing / cpc,HU | GSN | Brand 2024,6,9
421,2024-09-25,ajanlat / offline,campaign_2,5,8
422,2024-09-25,familypark.at / referral,(referral),0,7
423,2024-09-25,facebook / cpc,campaign_20,5,7
424,2024-09-25,(not set),(not set),421,572
425,2024-09-25,hirlevel / ct,campaign_3,2,4
426,2024-09-25,(direct) / (none),(not set),3,3
427,2024-09-25,padlet.com / referral,(referral),1,3
428,2024-09-25,google / cpc,AT | GSN | PERF | Lokáció,2,3
429,2024-09-25,redir.d-edgeconnect.media / referral,(referral),2,2
430,2024-09-25,wellcard.at / referral,(referral),2,2
431,2024-09-25,youtube.com / referral,(referral),0,2
432,2024-09-25,fb / paid,campaign_9,1,2
433,2024-09-25,hirlevel / ct,campaign_13,1,2
434,2024-09-25,bing / cpc,HU,1,2
435,2024-09-25,google / cpc,HU | GDN | ENGM I Programok '24,0,2
436,2024-09-25,google / cpc,campaign_27,0,2
437,2024-09-25,ajanlat / email,campaign_7,2,2
438,2024-09-25,phone / offline,proposal-by-phone,0,2
439,2024-09-25,google / organic,(not set),0,1
440,2024-09-25,seznam / organic,(organic),1,1
441,2024-09-25,yahoo / organic,(organic),1,1
442,2024-09-25,app.zoomsphere.com / referral,(referral),1,1
443,2024-09-25,economica.net / referral,(referral),1,1
444,2024-09-25,google / cpc,(referral),1,1
445,2024-09-25,instagram.com / referral,(referral),0,1
446,2024-09-25,mail.google.com / referral,(referral),1,1
447,2024-09-25,ntp.msn.com / referral,(referral),1,1
448,2024-09-25,privacywall.org / referral,(referral),1,1
449,2024-09-25,source_10,(referral),1,1
450,2024-09-25,thermengutscheine.at / referral,(referral),0,1
451,2024-09-25,thermenhotels.at / referral,(referral),1,1
452,2024-09-25,zadir.hu / referral,(referral),1,1
453,2024-09-25,google / cpc,CZ | GSN | PERF I Brand,1,1
454,2024-09-25,google / cpc,DE | GSN | PERF I Brand,1,1
455,2024-09-25,hirlevel_s3,campaign_3,1,1
456,2024-09-25,instagram / cpc,campaign_20,0,1
457,2024-09-25,google / cpc,campaign_23,1,1
458,2024-09-25,google / cpc,(organic),286,338
459,2024-09-26,(not set),(not set),409,521
460,2024-09-26,facebook / cpc,campaign_18,281,306
461,2024-09-26,google / cpc,(organic),255,274
462,2024-09-26,(direct) / (none),(direct),175,195
463,2024-09-26,google / cpc,(not set),152,160
464,2024-09-26,google / organic,(organic),138,149
465,2024-09-26,google / cpc,HU | GSN | PERF I Brand,74,86
466,2024-09-26,google / cpc,HU | pMAX | PERF I Brand,65,68
467,2024-09-26,l.facebook.com / referral,(referral),58,63
468,2024-09-26,facebook / cpc,campaign_19,46,46
469,2024-09-26,google / cpc,HU | GSN | PERF I Brand 2,35,41
470,2024-09-26,facebook / cpc,campaign_17,25,41
471,2024-09-26,google / cpc,AT | pMAX Hotel | PERF I Brand,38,38
472,2024-09-26,m.facebook.com / referral,(referral),27,29
473,2024-09-26,bing / cpc,HU | GSN | Brand 2024,9,25
474,2024-09-26,instagram / cpc,campaign_24,19,20
475,2024-09-26,google / cpc,HU | GSN | PERF I Lokáció,15,17
476,2024-09-26,bing / cpc,campaign_33,11,14
477,2024-09-26,bing / organic,(organic),9,12
478,2024-09-26,google / cpc,CZ | pMAX | PERF I Brand,9,11
479,2024-09-26,ajanlat / offline,campaign_2,7,11
480,2024-09-26,google / cpc,AT | GSN | PERF I Brand,5,9
481,2024-09-26,google / cpc,DE | pMAX Hotel | PERF I Brand,8,8
482,2024-09-26,lm.facebook.com / referral,(referral),7,7
483,2024-09-26,zadir.hu / referral,(referral),1,6
484,2024-09-26,l.instagram.com / referral,(referral),5,5
485,2024-09-26,duckduckgo / organic,(organic),0,4
486,2024-09-26,google / cpc,AT | GSN | PERF | Lokáció,3,4
487,2024-09-26,google / cpc,DE | GSN | PERF I Brand,2,4
488,2024-09-26,bing / cpc,HU,0,4
489,2024-09-26,google / cpc,campaign_23,1,4
490,2024-09-26,ajanlat / offline,proposal-by-phone,3,4
491,2024-09-26,google / cpc,(referral),2,3
492,2024-09-26,wellcard.at / referral,(referral),1,3
493,2024-09-26,bing / cpc,AT | GSN | Brand 2024,0,3
494,2024-09-26,bing / cpc,DE | GSN | Brand 2024,3,3
495,2024-09-26,hirlevel / ct,campaign_3,1,3
496,2024-09-26,google / cpc,campaign_27,0,3
497,2024-09-26,google / cpc,campaign_26,1,3
498,2024-09-26,ajanlat / email,campaign_7,2,3
499,2024-09-26,www.thermengutscheine.at / referral,(not set),1,2
500,2024-09-26,familypark.at / referral,(referral),2,2
501,2024-09-26,redir.d-edgeconnect.media / referral,(referral),2,2
502,2024-09-26,thermengutscheine.at / referral,(referral),2,2
503,2024-09-26,facebook / cpc,campaign_20,2,2
504,2024-09-26,google / organic,(not set),0,1
505,2024-09-26,3ds.egcp.com / referral,(referral),1,1
506,2024-09-26,app.zoomsphere.com / referral,(referral),1,1
507,2024-09-26,click.pstmrk.it / referral,(referral),0,1
508,2024-09-26,economica.net / referral,(referral),1,1
509,2024-09-26,youtube.com / referral,(referral),1,1
510,2024-09-26,google / cpc,CZ | GSN | PERF I Brand,1,1
511,2024-09-26,google / cpc,DE | GSN | PERF I Lokáció,1,1
512,2024-09-26,google / cpc,campaign_21,1,1
513,2024-09-26,hirlevel / ct,feliratkozas_hu,0,1
514,2024-09-27,duckduckgo / organic,(organic),1,1
515,2024-09-27,other / offline,proposal-by-phone,1,1
516,2024-09-27,facebook / cpc,campaign_18,174,182
517,2024-09-27,(direct) / (none),(direct),147,165
518,2024-09-27,google / cpc,(not set),131,136
519,2024-09-27,google / organic,(organic),99,109
520,2024-09-27,google / cpc,HU | pMAX | PERF I Brand,74,85
521,2024-09-27,google / cpc,HU | GSN | PERF I Brand 2,57,67
522,2024-09-27,google / cpc,HU | GSN | PERF I Brand,53,63
523,2024-09-27,google / cpc,AT | pMAX Hotel | PERF I Brand,45,50
524,2024-09-27,facebook / cpc,campaign_19,41,43
525,2024-09-27,l.facebook.com / referral,(referral),31,33
526,2024-09-27,facebook / cpc,campaign_17,22,25
527,2024-09-27,bing / cpc,campaign_33,15,24
528,2024-09-27,m.facebook.com / referral,(referral),21,22
529,2024-09-27,google / cpc,HU | GSN | PERF I Lokáció,19,22
530,2024-09-27,instagram / cpc,campaign_24,18,20
531,2024-09-27,ajanlat / offline,campaign_2,15,20
532,2024-09-27,google / cpc,DE | pMAX Hotel | PERF I Brand,12,13
533,2024-09-27,bing / organic,(organic),4,10
534,2024-09-27,google / cpc,CZ | pMAX | PERF I Brand,4,10
535,2024-09-27,bing / cpc,HU | GSN | Brand 2024,5,8
536,2024-09-27,google / cpc,AT | GSN | PERF I Brand,7,7
537,2024-09-27,google / cpc,AT | GSN | PERF | Lokáció,5,7
538,2024-09-27,lm.facebook.com / referral,(referral),3,6
539,2024-09-27,familypark.at / referral,(referral),4,5
540,2024-09-27,padlet.com / referral,(referral),5,5
541,2024-09-27,l.instagram.com / referral,(referral),3,4
542,2024-09-27,google / cpc,campaign_21,2,4
543,2024-09-27,facebook / cpc,campaign_20,2,4
544,2024-09-27,ajanlat / email,campaign_7,1,4
545,2024-09-27,(direct) / (none),(not set),1,3
546,2024-09-27,yahoo / organic,(organic),1,2
547,2024-09-27,google / cpc,(referral),2,2
548,2024-09-27,redir.d-edgeconnect.media / referral,(referral),2,2
549,2024-09-27,youtube.com / referral,(referral),1,2
550,2024-09-27,zadir.hu / referral,(referral),1,2
551,2024-09-27,bing / cpc,AT | GSN | Brand 2024,2,2
552,2024-09-27,google / cpc,CZ | GSN | PERF I Brand,2,2
553,2024-09-27,bing / cpc,DE | GSN | Brand 2024,2,2
554,2024-09-27,hirlevel / ct,campaign_3,2,2
555,2024-09-27,google / cpc,campaign_23,2,2
556,2024-09-27,hirlevel_s1,hirlevel_c1,2,2
557,2024-09-27,www.thermengutscheine.at / referral,(not set),1,1
558,2024-09-27,(not set),(not set),366,511
559,2024-09-27,source_8,(referral),0,1
560,2024-09-27,app.zoomsphere.com / referral,(referral),1,1
561,2024-09-27,at.search.yahoo.com / referral,(referral),1,1
562,2024-09-27,mail.google.com / referral,(referral),0,1
563,2024-09-27,prm.connexservice.com / referral,(referral),1,1
564,2024-09-27,source_10,(referral),0,1
565,2024-09-27,wellcard.at / referral,(referral),0,1
566,2024-09-27,google / cpc,DE | GSN | PERF I Brand,1,1
567,2024-09-27,google / cpc,campaign_27,1,1
568,2024-09-27,google / cpc,HU | pMAX | Csomag,1,1
569,2024-09-27,google / cpc,campaign_26,1,1
570,2024-09-27,google / cpc,(organic),219,254
571,2024-09-28,(not set),(not set),403,541
572,2024-09-28,google / cpc,(organic),222,246
573,2024-09-28,(direct) / (none),(direct),159,181
574,2024-09-28,google / cpc,(not set),148,159
575,2024-09-28,facebook / cpc,campaign_18,146,149
576,2024-09-28,google / organic,(organic),123,136
577,2024-09-28,google / cpc,HU | pMAX | PERF I Brand,75,85
578,2024-09-28,google / cpc,HU | GSN | PERF I Brand,72,78
579,2024-09-28,facebook / cpc,campaign_19,71,72
580,2024-09-28,google / cpc,HU | GSN | PERF I Brand 2,48,53
581,2024-09-28,google / cpc,AT | pMAX Hotel | PERF I Brand,45,47
582,2024-09-28,l.facebook.com / referral,(referral),34,35
583,2024-09-28,instagram / cpc,campaign_24,23,27
584,2024-09-28,facebook / cpc,campaign_17,24,25
585,2024-09-28,google / cpc,DE | pMAX Hotel | PERF I Brand,12,19
586,2024-09-28,google / cpc,HU | GSN | PERF I Lokáció,13,19
587,2024-09-28,bing / cpc,campaign_33,17,18
588,2024-09-28,google / cpc,AT | GSN | PERF I Brand,9,14
589,2024-09-28,google / cpc,CZ | pMAX | PERF I Brand,11,13
590,2024-09-28,m.facebook.com / referral,(referral),12,12
591,2024-09-28,google / cpc,AT | GSN | PERF | Lokáció,6,9
592,2024-09-28,lm.facebook.com / referral,(referral),7,7
593,2024-09-28,padlet.com / referral,(referral),5,6
594,2024-09-28,google / cpc,(referral),3,5
595,2024-09-28,l.instagram.com / referral,(referral),3,5
596,2024-09-28,redir.d-edgeconnect.media / referral,(referral),4,5
597,2024-09-28,google / cpc,campaign_21,5,5
598,2024-09-28,ajanlat / offline,campaign_2,3,5
599,2024-09-28,ajanlat / offline,proposal-by-phone,2,5
600,2024-09-28,google / cpc,DE | GSN | PERF I Brand,1,4
601,2024-09-28,bing / cpc,HU | GSN | Brand 2024,4,4
602,2024-09-28,facebook / cpc,campaign_20,1,4
603,2024-09-28,bing / organic,(organic),3,3
604,2024-09-28,hirlevel / ct,campaign_3,3,3
605,2024-09-28,duckduckgo / organic,(organic),1,2
606,2024-09-28,familypark.at / referral,(referral),2,2
607,2024-09-28,youtube.com / referral,(referral),0,2
608,2024-09-28,bing / cpc,AT | GSN | Brand 2024,2,2
609,2024-09-28,(direct) / (none),(not set),1,1
610,2024-09-28,google / organic,(not set),1,1
611,2024-09-28,m.facebook.com / referral,(not set),1,1
612,2024-09-28,kereso.startlap.hu / referral,(referral),1,1
613,2024-09-28,ntp.msn.com / referral,(referral),1,1
614,2024-09-28,romaniatv.net / referral,(referral),1,1
615,2024-09-28,thermengutscheine.at / referral,(referral),0,1
616,2024-09-28,google / cpc,DE | GSN | PERF I Lokáció,1,1
617,2024-09-28,hirlevel_s1,hirlevel_c1,1,1
618,2024-09-28,ajanlat / email,campaign_7,0,1
619,2024-09-29,hirlevel / ct,campaign_3,3,5
620,2024-09-29,phone / offline,proposal-by-phone,1,1
621,2024-09-29,google / cpc,(not set),170,184
622,2024-09-29,(direct) / (none),(direct),161,175
623,2024-09-29,facebook / cpc,campaign_18,155,161
624,2024-09-29,google / organic,(organic),107,115
625,2024-09-29,facebook / cpc,campaign_19,95,98
626,2024-09-29,google / cpc,HU | GSN | PERF I Brand,77,89
627,2024-09-29,google / cpc,HU | pMAX | PERF I Brand,81,84
628,2024-09-29,google / cpc,AT | pMAX Hotel | PERF I Brand,49,51
629,2024-09-29,google / cpc,HU | GSN | PERF I Brand 2,40,47
630,2024-09-29,l.facebook.com / referral,(referral),35,36
631,2024-09-29,google / cpc,DE | pMAX Hotel | PERF I Brand,28,28
632,2024-09-29,google / cpc,HU | GSN | PERF I Lokáció,23,27
633,2024-09-29,instagram / cpc,campaign_24,18,22
634,2024-09-29,m.facebook.com / referral,(referral),17,19
635,2024-09-29,bing / cpc,campaign_33,18,19
636,2024-09-29,facebook / cpc,campaign_17,12,16
637,2024-09-29,google / cpc,CZ | pMAX | PERF I Brand,11,11
638,2024-09-29,padlet.com / referral,(referral),10,10
639,2024-09-29,google / cpc,AT | GSN | PERF I Brand,6,9
640,2024-09-29,l.instagram.com / referral,(referral),7,8
641,2024-09-29,lm.facebook.com / referral,(referral),8,8
642,2024-09-29,ajanlat / offline,campaign_2,3,8
643,2024-09-29,familypark.at / referral,(referral),3,7
644,2024-09-29,google / cpc,campaign_21,6,7
645,2024-09-29,google / cpc,AT | GSN | PERF | Lokáció,5,6
646,2024-09-29,bing / organic,(organic),4,5
647,2024-09-29,wellcard.at / referral,(referral),3,5
648,2024-09-29,(not set),(not set),399,529
649,2024-09-29,connexservice.com / referral,(referral),1,3
650,2024-09-29,facebook / cpc,campaign_20,1,3
651,2024-09-29,hirlevel_s1,hirlevel_c1,1,3
652,2024-09-29,ajanlat / email,campaign_7,2,3
653,2024-09-29,google / organic,(not set),2,2
654,2024-09-29,romaniatv.net / referral,(referral),2,2
655,2024-09-29,bing / cpc,AT | GSN | Brand 2024,1,2
656,2024-09-29,google / cpc,CZ | GSN | PERF I Brand,1,2
657,2024-09-29,bing / cpc,HU | GSN | Brand 2024,2,2
658,2024-09-29,ajanlat / offline,proposal-by-phone,1,2
659,2024-09-29,seznam / organic,(organic),0,1
660,2024-09-29,antispam.bubendorff.com / referral,(referral),0,1
661,2024-09-29,economica.net / referral,(referral),0,1
662,2024-09-29,google / cpc,(referral),1,1
663,2024-09-29,prm.connexservice.com / referral,(referral),0,1
664,2024-09-29,redir.d-edgeconnect.media / referral,(referral),1,1
665,2024-09-29,youtube.com / referral,(referral),1,1
666,2024-09-29,google / cpc,DE | GSN | PERF I Lokáció,1,1
667,2024-09-29,google / cpc,campaign_23,1,1
668,2024-09-29,google / cpc,campaign_26,1,1
669,2024-09-29,loyalty / email,loyalty-email,1,1
670,2024-09-29,google / cpc,(organic),254,281
671,2024-09-30,wellcard.at / referral,(referral),1,4
672,2024-09-30,google / cpc,(organic),226,250
673,2024-09-30,(direct) / (none),(direct),144,166
674,2024-09-30,google / organic,(organic),109,130
675,2024-09-30,google / cpc,(not set),107,113
676,2024-09-30,facebook / cpc,campaign_18,84,86
677,2024-09-30,google / cpc,HU | GSN | PERF I Brand,68,85
678,2024-09-30,google / cpc,HU | GSN | PERF I Brand 2,50,83
679,2024-09-30,google / cpc,HU | pMAX | PERF I Brand,73,80
680,2024-09-30,facebook / cpc,campaign_19,68,72
681,2024-09-30,google / cpc,AT | pMAX Hotel | PERF I Brand,22,35
682,2024-09-30,l.facebook.com / referral,(referral),30,31
683,2024-09-30,bing / cpc,campaign_33,16,29
684,2024-09-30,facebook / cpc,campaign_17,13,21
685,2024-09-30,google / cpc,DE | pMAX Hotel | PERF I Brand,12,17
686,2024-09-30,google / cpc,HU | GSN | PERF I Lokáció,16,17
687,2024-09-30,google / cpc,AT | GSN | PERF I Brand,8,15
688,2024-09-30,google / cpc,CZ | pMAX | PERF I Brand,11,11
689,2024-09-30,google / cpc,AT | GSN | PERF | Lokáció,9,10
690,2024-09-30,google / cpc,(referral),5,8
691,2024-09-30,m.facebook.com / referral,(referral),6,8
692,2024-09-30,ajanlat / offline,campaign_2,7,8
693,2024-09-30,phone / offline,proposal-by-phone,4,8
694,2024-09-30,bing / organic,(organic),5,6
695,2024-09-30,padlet.com / referral,(referral),2,6
696,2024-09-30,instagram / cpc,campaign_24,0,6
697,2024-09-30,lm.facebook.com / referral,(referral),5,5
698,2024-09-30,redir.d-edgeconnect.media / referral,(referral),2,5
699,2024-09-30,google / cpc,campaign_21,5,5
700,2024-09-30,(not set),(not set),340,446
701,2024-09-30,bing / cpc,HU | GSN | Brand 2024,4,4
702,2024-09-30,familypark.at / referral,(referral),2,3
703,2024-09-30,bing / cpc,AT | GSN | Brand 2024,1,3
704,2024-09-30,hirlevel_s1,hirlevel_c1,0,3
705,2024-09-30,google / organic,(not set),2,2
706,2024-09-30,duckduckgo / organic,(organic),1,2
707,2024-09-30,kereso.startlap.hu / referral,(referral),1,2
708,2024-09-30,mail.google.com / referral,(referral),1,2
709,2024-09-30,thermengutscheine.at / referral,(referral),2,2
710,2024-09-30,zadir.hu / referral,(referral),1,2
711,2024-09-30,ajanlat / email,campaign_7,2,2
712,2024-09-30,l.facebook.com / referral,(not set),1,1
713,2024-09-30,source_4,(organic),1,1
714,2024-09-30,app.optimonk.com / referral,(referral),1,1
715,2024-09-30,connexservice.com / referral,(referral),1,1
716,2024-09-30,glamour.hu / referral,(referral),1,1
717,2024-09-30,l.instagram.com / referral,(referral),0,1
718,2024-09-30,ntp.msn.com / referral,(referral),0,1
719,2024-09-30,google / cpc,CZ | GSN | PERF I Brand,1,1
720,2024-09-30,bing / cpc,DE | GSN | Brand 2024,0,1
721,2024-09-30,hirlevel / ct,campaign_13,1,1
722,2024-09-30,google / cpc,campaign_27,1,1
723,2024-09-30,facebook / cpc,campaign_20,1,1
724,2024-09-30,google / cpc,campaign_23,1,1
725,2024-09-30,email / offline,proposal-by-phone,1,1
726,2024-10-01,(not set),(not set),269,318
727,2024-10-01,google / cpc,(organic),196,218
728,2024-10-01,(direct) / (none),(direct),123,143
729,2024-10-01,google / organic,(organic),113,138
730,2024-10-01,google / cpc,(not set),122,130
731,2024-10-01,google / cpc,HU | pMAX | PERF I Brand,88,94
732,2024-10-01,google / cpc,HU | GSN | PERF I Brand,41,52
733,2024-10-01,google / cpc,HU | GSN | PERF I Brand 2,43,52
734,2024-10-01,facebook / cpc,campaign_19,40,44
735,2024-10-01,google / cpc,AT | pMAX Hotel | PERF I Brand,34,36
736,2024-10-01,google / cpc,HU | GSN | PERF I Lokáció,17,19
737,2024-10-01,bing / cpc,campaign_10,15,18
738,2024-10-01,facebook / cpc,campaign_17,17,18
739,2024-10-01,m.facebook.com / referral,(referral),14,16
740,2024-10-01,google / cpc,AT | GSN | PERF I Brand,8,13
741,2024-10-01,google / cpc,AT | GSN | PERF | Lokáció,12,13
742,2024-10-01,google / cpc,DE | pMAX Hotel | PERF I Brand,13,13
743,2024-10-01,ajanlat / offline,campaign_2,11,13
744,2024-10-01,l.facebook.com / referral,(referral),12,12
745,2024-10-01,facebook / cpc,campaign_18,1,10
746,2024-10-01,bing / cpc,campaign_33,6,9
747,2024-10-01,bing / organic,(organic),4,6
748,2024-10-01,google / cpc,CZ | pMAX | PERF I Brand,5,5
749,2024-10-01,padlet.com / referral,(referral),3,4
750,2024-10-01,app.asana.com / referral,(referral),2,3
751,2024-10-01,familypark.at / referral,(referral),3,3
752,2024-10-01,wellcard.at / referral,(referral),3,3
753,2024-10-01,google / cpc,DE | GSN | PERF I Brand,2,3
754,2024-10-01,bing / cpc,HU | GSN | Brand 2024,1,3
755,2024-10-01,google / cpc,campaign_21,3,3
756,2024-10-01,bing / cpc,HU | PERF | Brand,3,3
757,2024-10-01,ajanlat / email,campaign_7,2,3
758,2024-10-01,google / cpc,(referral),2,2
759,2024-10-01,mail.google.com / referral,(referral),1,2
760,2024-10-01,redir.d-edgeconnect.media / referral,(referral),2,2
761,2024-10-01,romaniatv.net / referral,(referral),0,2
762,2024-10-01,zadir.hu / referral,(referral),1,2
763,2024-10-01,google / cpc,DE | GSN | PERF I Lokáció,2,2
764,2024-10-01,google / cpc,campaign_23,1,2
765,2024-10-01,phone / offline,proposal-by-phone,1,2
766,2024-10-01,google / organic,(not set),0,1
767,2024-10-01,duckduckgo / organic,(organic),1,1
768,2024-10-01,app.optimonk.com / referral,(referral),1,1
769,2024-10-01,dailybusiness.ro / referral,(referral),1,1
770,2024-10-01,economica.net / referral,(referral),1,1
771,2024-10-01,glamour.hu / referral,(referral),1,1
772,2024-10-01,kereso.startlap.hu / referral,(referral),1,1
773,2024-10-01,lm.facebook.com / referral,(referral),1,1
774,2024-10-01,thermengutscheine.at / referral,(referral),1,1
775,2024-10-01,bing / cpc,AT | PERF | Brand,1,1
776,2024-10-01,hirlevel / ct,campaign_3,1,1
777,2024-10-01,google / cpc,HU | GDN | ENGM I Programok '24,1,1
778,2024-10-01,google / cpc,campaign_27,1,1
779,2024-10-01,instagram / cpc,campaign_24,1,1
780,2024-10-01,loyalty / email,loyalty-email,1,1
781,2024-10-02,l.instagram.com / referral,(referral),2,2
782,2024-10-02,google / cpc,(organic),181,216
783,2024-10-02,(direct) / (none),(direct),126,147
784,2024-10-02,google / organic,(organic),108,121
785,2024-10-02,google / cpc,HU | pMAX | PERF I Brand,106,113
786,2024-10-02,google / cpc,(not set),95,101
787,2024-10-02,facebook / cpc,campaign_19,86,88
788,2024-10-02,google / cpc,HU | GSN | PERF I Brand,53,62
789,2024-10-02,google / cpc,HU | GSN | PERF I Brand 2,32,44
790,2024-10-02,google / cpc,AT | pMAX Hotel | PERF I Brand,30,33
791,2024-10-02,facebook / cpc,campaign_17,29,29
792,2024-10-02,google / cpc,HU | GSN | PERF I Lokáció,19,20
793,2024-10-02,google / cpc,DE | pMAX Hotel | PERF I Brand,18,18
794,2024-10-02,bing / cpc,campaign_10,16,16
795,2024-10-02,l.facebook.com / referral,(referral),13,13
796,2024-10-02,google / cpc,CZ | pMAX | PERF I Brand,11,11
797,2024-10-02,bing / cpc,HU | PERF | Brand,10,11
798,2024-10-02,m.facebook.com / referral,(referral),9,10
799,2024-10-02,google / cpc,AT | GSN | PERF | Lokáció,6,7
800,2024-10-02,google / cpc,AT | GSN | PERF I Brand,6,6
801,2024-10-02,google / cpc,campaign_21,6,6
802,2024-10-02,redir.d-edgeconnect.media / referral,(referral),3,4
803,2024-10-02,bing / cpc,AT | PERF | Brand,4,4
804,2024-10-02,ajanlat / email,campaign_7,4,4
805,2024-10-02,ajanlat / offline,campaign_2,3,4
806,2024-10-02,app.asana.com / referral,(referral),2,3
807,2024-10-02,romaniatv.net / referral,(referral),3,3
808,2024-10-02,bing / cpc,campaign_33,2,3
809,2024-10-02,email / offline,proposal-by-phone,3,3
810,2024-10-02,(direct) / (none),(not set),1,2
811,2024-10-02,source_18,(referral),2,2
812,2024-10-02,familypark.at / referral,(referral),2,2
813,2024-10-02,(not set),(not set),256,272
814,2024-10-02,lm.facebook.com / referral,(referral),2,2
815,2024-10-02,bing / cpc,AT | GSN | Brand 2024,2,2
816,2024-10-02,google / cpc,campaign_27,1,2
817,2024-10-02,facebook / cpc,campaign_18,0,2
818,2024-10-02,google / cpc,campaign_23,2,2
819,2024-10-02,phone / offline,proposal-by-phone,2,2
820,2024-10-02,bing / organic,(organic),1,1
821,2024-10-02,duckduckgo / organic,(organic),1,1
822,2024-10-02,source_8,(referral),1,1
823,2024-10-02,google / cpc,(referral),1,1
824,2024-10-02,mail.google.com / referral,(referral),1,1
825,2024-10-02,thermengutscheine.at / referral,(referral),1,1
826,2024-10-02,source_1,(referral),1,1
827,2024-10-02,wellcard.at / referral,(referral),1,1
828,2024-10-02,google / cpc,CZ | GSN | PERF I Brand,1,1
829,2024-10-02,google / cpc,DE | GSN | PERF I Lokáció,1,1
830,2024-10-02,bing / cpc,HU,1,1
831,2024-10-02,bing / cpc,HU | GSN | Brand 2024,1,1
832,2024-10-02,google / cpc,campaign_26,1,1
833,2024-10-02,ajanlat / offline,proposal-by-phone,1,1
834,2024-10-03,(not set),(not set),236,255
835,2024-10-03,google / cpc,(organic),193,243
836,2024-10-03,(direct) / (none),(direct),128,139
837,2024-10-03,google / cpc,(not set),127,138
838,2024-10-03,google / organic,(organic),105,133
839,2024-10-03,google / cpc,HU | pMAX | PERF I Brand,69,77
840,2024-10-03,google / cpc,HU | GSN | PERF I Brand,60,70
841,2024-10-03,facebook / cpc,campaign_19,52,55
842,2024-10-03,google / cpc,AT | pMAX Hotel | PERF I Brand,37,37
843,2024-10-03,google / cpc,HU | GSN | PERF I Brand 2,28,33
844,2024-10-03,facebook / cpc,campaign_17,23,25
845,2024-10-03,bing / cpc,campaign_10,16,16
846,2024-10-03,google / cpc,HU | GSN | PERF I Lokáció,15,16
847,2024-10-03,google / cpc,DE | pMAX Hotel | PERF I Brand,14,14
848,2024-10-03,l.facebook.com / referral,(referral),13,13
849,2024-10-03,m.facebook.com / referral,(referral),11,13
850,2024-10-03,bing / organic,(organic),9,12
851,2024-10-03,google / cpc,AT | GSN | PERF I Brand,10,11
852,2024-10-03,google / cpc,CZ | pMAX | PERF I Brand,7,7
853,2024-10-03,google / cpc,AT | GSN | PERF | Lokáció,5,6
854,2024-10-03,bing / cpc,AT | PERF | Brand,3,5
855,2024-10-03,bing / cpc,HU | PERF | Brand,4,5
856,2024-10-03,google / cpc,campaign_23,4,4
857,2024-10-03,google / cpc,(referral),2,3
858,2024-10-03,redir.d-edgeconnect.media / referral,(referral),3,3
859,2024-10-03,familypark.at / referral,(referral),2,2
860,2024-10-03,l.instagram.com / referral,(referral),2,2
861,2024-10-03,romaniatv.net / referral,(referral),2,2
862,2024-10-03,google / cpc,DE | GSN | PERF I Brand,2,2
863,2024-10-03,google / cpc,campaign_21,2,2
864,2024-10-03,hirlevel / ct,feliratkozas_hu,1,2
865,2024-10-03,email / offline,proposal-by-phone,2,2
866,2024-10-03,(direct) / (none),(not set),1,1
867,2024-10-03,connexservice.com / referral,(referral),1,1
868,2024-10-03,internetbank.otpbank.hu / referral,(referral),1,1
869,2024-10-03,lm.facebook.com / referral,(referral),1,1
870,2024-10-03,padlet.com / referral,(referral),1,1
871,2024-10-03,thermengutscheine.at / referral,(referral),1,1
872,2024-10-03,source_1,(referral),1,1
873,2024-10-03,wellcard.at / referral,(referral),1,1
874,2024-10-03,google / cpc,DE | GSN | PERF I Lokáció,1,1
875,2024-10-03,facebook / cpc,campaign_18,1,1
876,2024-10-03,loyalty / email,loyalty-email,1,1
877,2024-10-03,ajanlat / offline,campaign_2,1,1
878,2024-10-04,(not set),(not set),230,240
879,2024-10-04,google / cpc,(organic),188,236
880,2024-10-04,(direct) / (none),(direct),109,122
881,2024-10-04,google / organic,(organic),96,114
882,2024-10-04,google / cpc,HU | pMAX | PERF I Brand,93,99
883,2024-10-04,google / cpc,(not set),85,94
884,2024-10-04,google / cpc,HU | GSN | PERF I Brand,40,50
885,2024-10-04,google / cpc,AT | pMAX Hotel | PERF I Brand,35,40
886,2024-10-04,facebook / cpc,campaign_19,37,39
887,2024-10-04,google / cpc,HU | GSN | PERF I Brand 2,29,32
888,2024-10-04,facebook / cpc,campaign_17,22,23
889,2024-10-04,l.facebook.com / referral,(referral),16,17
890,2024-10-04,m.facebook.com / referral,(referral),14,14
891,2024-10-04,google / cpc,HU | GSN | PERF I Lokáció,12,13
892,2024-10-04,bing / cpc,campaign_10,12,12
893,2024-10-04,google / cpc,AT | GSN | PERF I Brand,7,10
894,2024-10-04,bing / cpc,HU | PERF | Brand,6,9
895,2024-10-04,google / cpc,AT | GSN | PERF | Lokáció,7,8
896,2024-10-04,google / cpc,CZ | pMAX | PERF I Brand,6,7
897,2024-10-04,google / cpc,DE | pMAX Hotel | PERF I Brand,7,7
898,2024-10-04,ajanlat / offline,campaign_2,6,7
899,2024-10-04,lm.facebook.com / referral,(referral),5,6
900,2024-10-04,google / cpc,campaign_21,6,6
901,2024-10-04,redir.d-edgeconnect.media / referral,(referral),5,5
902,2024-10-04,facebook / cpc,campaign_20,5,5
903,2024-10-04,google / cpc,campaign_23,5,5
904,2024-10-04,bing / organic,(organic),2,3
905,2024-10-04,google / cpc,(referral),1,3
906,2024-10-04,hirlevel / ct,campaign_3,2,3
907,2024-10-04,phone / offline,proposal-by-phone,1,3
908,2024-10-04,economica.net / referral,(referral),2,2
909,2024-10-04,l.instagram.com / referral,(referral),2,2
910,2024-10-04,romaniatv.net / referral,(referral),2,2
911,2024-10-04,ajanlat / email,campaign_7,1,2
912,2024-10-04,connexservice.com / referral,(referral),1,1
913,2024-10-04,darksky.hu / referral,(referral),1,1
914,2024-10-04,thermengutscheine.at / referral,(referral),1,1
915,2024-10-04,bing / cpc,HU | GSN | Brand 2024,1,1
916,2024-10-04,hirlevel_s1,hirlevel_c1,1,1
917,2024-10-04,loyalty / email,loyalty-email,1,1
918,2024-10-05,(not set),(not set),235,243
919,2024-10-05,google / cpc,(organic),185,215
920,2024-10-05,(direct) / (none),(direct),111,136
921,2024-10-05,google / organic,(organic),94,116
922,2024-10-05,google / cpc,(not set),96,101
923,2024-10-05,google / cpc,HU | pMAX | PERF I Brand,65,71
924,2024-10-05,google / cpc,HU | GSN | PERF I Brand,57,64
925,2024-10-05,google / cpc,AT | pMAX Hotel | PERF I Brand,39,41
926,2024-10-05,google / cpc,HU | GSN | PERF I Brand 2,30,39
927,2024-10-05,facebook / cpc,campaign_17,31,34
928,2024-10-05,facebook / cpc,campaign_19,30,30
929,2024-10-05,google / cpc,HU | GSN | PERF I Lokáció,21,23
930,2024-10-05,l.facebook.com / referral,(referral),20,20
931,2024-10-05,bing / cpc,campaign_10,10,10
932,2024-10-05,google / cpc,AT | GSN | PERF I Brand,5,7
933,2024-10-05,google / cpc,CZ | pMAX | PERF I Brand,6,7
934,2024-10-05,google / cpc,DE | pMAX Hotel | PERF I Brand,7,7
935,2024-10-05,m.facebook.com / referral,(referral),6,6
936,2024-10-05,phone / offline,proposal-by-phone,2,6
937,2024-10-05,google / cpc,campaign_21,5,5
938,2024-10-05,bing / cpc,HU | PERF | Brand,4,4
939,2024-10-05,ajanlat / offline,campaign_2,4,4
940,2024-10-05,google / cpc,AT | GSN | PERF | Lokáció,3,3
941,2024-10-05,facebook / cpc,campaign_20,2,3
942,2024-10-05,bing / organic,(organic),2,2
943,2024-10-05,lm.facebook.com / referral,(referral),2,2
944,2024-10-05,redir.d-edgeconnect.media / referral,(referral),1,2
945,2024-10-05,romaniatv.net / referral,(referral),2,2
946,2024-10-05,webmail.kmmk.hu / referral,(referral),1,2
947,2024-10-05,hirlevel / ct,campaign_3,2,2
948,2024-10-05,bing / cpc,campaign_33,2,2
949,2024-10-05,facebook / cpc,campaign_18,1,2
950,2024-10-05,google / organic,(not+set),1,1
951,2024-10-05,connexservice.com / referral,(referral),1,1
952,2024-10-05,familypark.at / referral,(referral),1,1
953,2024-10-05,google / cpc,(referral),1,1
954,2024-10-05,internetbank.otpbank.hu / referral,(referral),1,1
955,2024-10-05,kapu.hu / referral,(referral),1,1
956,2024-10-05,l.instagram.com / referral,(referral),1,1
957,2024-10-05,l.messenger.com / referral,(referral),1,1
958,2024-10-05,padlet.com / referral,(referral),1,1
959,2024-10-05,source_12,(referral),1,1
960,2024-10-05,wellcard.at / referral,(referral),1,1
961,2024-10-05,google / cpc,CZ | GSN | PERF I Brand,1,1
962,2024-10-05,google / cpc,DE | GSN | PERF I Brand,1,1
963,2024-10-05,google / cpc,HU | pMAX | Csomag,1,1
964,2024-10-05,google / cpc,campaign_23,1,1
965,2024-10-06,(not set),(not set),286,304
966,2024-10-06,google / cpc,(organic),226,266
967,2024-10-06,(direct) / (none),(direct),121,139
968,2024-10-06,google / cpc,(not set),120,134
969,2024-10-06,google / organic,(organic),106,124
970,2024-10-06,google / cpc,HU | pMAX | PERF I Brand,87,95
971,2024-10-06,google / cpc,HU | GSN | PERF I Brand,71,87
972,2024-10-06,google / cpc,HU | GSN | PERF I Brand 2,38,47
973,2024-10-06,facebook / cpc,campaign_19,41,43
974,2024-10-06,google / cpc,AT | pMAX Hotel | PERF I Brand,29,30
975,2024-10-06,facebook / cpc,campaign_17,26,29
976,2024-10-06,google / cpc,HU | GSN | PERF I Lokáció,24,25
977,2024-10-06,l.facebook.com / referral,(referral),15,15
978,2024-10-06,google / cpc,DE | pMAX Hotel | PERF I Brand,14,15
979,2024-10-06,google / cpc,CZ | pMAX | PERF I Brand,13,13
980,2024-10-06,google / cpc,AT | GSN | PERF | Lokáció,9,12
981,2024-10-06,bing / cpc,campaign_10,12,12
982,2024-10-06,google / cpc,campaign_21,11,11
983,2024-10-06,bing / cpc,HU | PERF | Brand,6,8
984,2024-10-06,google / cpc,AT | GSN | PERF I Brand,7,7
985,2024-10-06,google / cpc,(referral),3,5
986,2024-10-06,bing / organic,(organic),2,3
987,2024-10-06,redir.d-edgeconnect.media / referral,(referral),2,3
988,2024-10-06,google / cpc,campaign_23,3,3
989,2024-10-06,familypark.at / referral,(referral),2,2
990,2024-10-06,hirlevel / ct,campaign_3,1,2
991,2024-10-06,bing / cpc,campaign_33,2,2
992,2024-10-06,ajanlat / email,campaign_7,2,2
993,2024-10-06,duckduckgo / organic,(organic),1,1
994,2024-10-06,connexservice.com / referral,(referral),1,1
995,2024-10-06,instagram.com / referral,(referral),1,1
996,2024-10-06,m.facebook.com / referral,(referral),1,1
997,2024-10-06,privacywall.org / referral,(referral),1,1
998,2024-10-06,romaniatv.net / referral,(referral),1,1
999,2024-10-06,wellcard.at / referral,(referral),1,1
1000,2024-10-06,facebook / cpc,campaign_18,1,1
1001,2024-10-06,instagram / cpc,campaign_24,1,1
1002,2024-10-06,ajanlat / offline,campaign_2,1,1
1003,2024-10-07,(not set),(not set),330,357
1004,2024-10-07,google / cpc,(organic),250,293
1005,2024-10-07,google / organic,(organic),127,156
1006,2024-10-07,(direct) / (none),(direct),126,149
1007,2024-10-07,google / cpc,(not set),100,114
1008,2024-10-07,google / cpc,HU | GSN | PERF I Brand,79,99
1009,2024-10-07,google / cpc,HU | pMAX | PERF I Brand,76,89
1010,2024-10-07,facebook / cpc,campaign_19,52,53
1011,2024-10-07,google / cpc,HU | GSN | PERF I Brand 2,37,50
1012,2024-10-07,google / cpc,AT | pMAX Hotel | PERF I Brand,37,40
1013,2024-10-07,facebook / cpc,campaign_17,26,28
1014,2024-10-07,bing / cpc,campaign_10,24,25
1015,2024-10-07,bing / organic,(organic),9,16
1016,2024-10-07,bing / cpc,HU | PERF | Brand,11,12
1017,2024-10-07,l.facebook.com / referral,(referral),11,11
1018,2024-10-07,google / cpc,AT | GSN | PERF I Brand,9,11
1019,2024-10-07,m.facebook.com / referral,(referral),9,10
1020,2024-10-07,ajanlat / offline,campaign_2,8,10
1021,2024-10-07,redir.d-edgeconnect.media / referral,(referral),5,9
1022,2024-10-07,google / organic,(not set),6,8
1023,2024-10-07,google / cpc,DE | pMAX Hotel | PERF I Brand,8,8
1024,2024-10-07,google / cpc,HU | GSN | PERF I Lokáció,8,8
1025,2024-10-07,google / cpc,(referral),4,7
1026,2024-10-07,google / cpc,CZ | pMAX | PERF I Brand,6,6
1027,2024-10-07,google / cpc,AT | GSN | PERF | Lokáció,5,5
1028,2024-10-07,google / cpc,(not+set),2,4
1029,2024-10-07,phone / offline,proposal-by-phone,2,4
1030,2024-10-07,facebook / cpc,campaign_20,2,3
1031,2024-10-07,bing / organic,(not set),1,2
1032,2024-10-07,glamour.hu / referral,(referral),2,2
1033,2024-10-07,romaniatv.net / referral,(referral),1,2
1034,2024-10-07,wellcard.at / referral,(referral),2,2
1035,2024-10-07,zadir.hu / referral,(referral),1,2
1036,2024-10-07,hirlevel / ct,campaign_3,1,2
1037,2024-10-07,bing / cpc,campaign_33,2,2
1038,2024-10-07,google / cpc,HU | pMAX | Csomag,2,2
1039,2024-10-07,(direct) / (none),(not set),1,1
1040,2024-10-07,duckduckgo / organic,(organic),1,1
1041,2024-10-07,source_4,(organic),1,1
1042,2024-10-07,yahoo / organic,(organic),1,1
1043,2024-10-07,familypark.at / referral,(referral),1,1
1044,2024-10-07,kereso.startlap.hu / referral,(referral),1,1
1045,2024-10-07,l.instagram.com / referral,(referral),1,1
1046,2024-10-07,lm.facebook.com / referral,(referral),1,1
1047,2024-10-07,mail.google.com / referral,(referral),1,1
1048,2024-10-07,thermengutscheine.at / referral,(referral),1,1
1049,2024-10-07,bing / cpc,AT | PERF | Brand,1,1
1050,2024-10-07,google / cpc,CZ | GSN | PERF I Brand,1,1
1051,2024-10-07,google / cpc,DE | GSN | PERF I Brand,1,1
1052,2024-10-07,hirlevel_s3,campaign_3,1,1
1053,2024-10-07,bing / cpc,HU | GSN | Brand 2024,1,1
1054,2024-10-07,google / cpc,campaign_21,1,1
1055,2024-10-07,facebook / cpc,campaign_18,1,1
1056,2024-10-07,ajanlat / email,campaign_7,1,1
1057,2024-10-08,(not set),(not set),307,338
1058,2024-10-08,google / cpc,(organic),251,295
1059,2024-10-08,(direct) / (none),(direct),142,158
1060,2024-10-08,google / cpc,(not set),117,125
1061,2024-10-08,google / organic,(organic),93,113
1062,2024-10-08,google / cpc,HU | GSN | PERF I Brand,81,101
1063,2024-10-08,google / cpc,HU | pMAX | PERF I Brand,79,93
1064,2024-10-08,facebook / cpc,campaign_19,63,66
1065,2024-10-08,google / cpc,AT | pMAX Hotel | PERF I Brand,42,49
1066,2024-10-08,google / cpc,HU | GSN | PERF I Brand 2,35,47
1067,2024-10-08,google / cpc,AT | GSN | PERF I Brand,13,21
1068,2024-10-08,facebook / cpc,campaign_17,19,21
1069,2024-10-08,bing / cpc,campaign_10,19,20
1070,2024-10-08,l.facebook.com / referral,(referral),16,16
1071,2024-10-08,google / cpc,HU | GSN | PERF I Lokáció,11,11
1072,2024-10-08,ajanlat / offline,campaign_2,9,11
1073,2024-10-08,bing / organic,(organic),9,10
1074,2024-10-08,bing / cpc,HU | PERF | Brand,10,10
1075,2024-10-08,m.facebook.com / referral,(referral),7,8
1076,2024-10-08,google / cpc,AT | GSN | PERF | Lokáció,7,8
1077,2024-10-08,google / cpc,DE | pMAX Hotel | PERF I Brand,8,8
1078,2024-10-08,zadir.hu / referral,(referral),1,6
1079,2024-10-08,google / cpc,CZ | pMAX | PERF I Brand,6,6
1080,2024-10-08,google / cpc,campaign_21,5,5
1081,2024-10-08,redir.d-edgeconnect.media / referral,(referral),4,4
1082,2024-10-08,wellcard.at / referral,(referral),3,4
1083,2024-10-08,bing / cpc,AT | PERF | Brand,3,4
1084,2024-10-08,app.zoomsphere.com / referral,(referral),1,3
1085,2024-10-08,google / cpc,CZ | GSN | PERF I Brand,2,3
1086,2024-10-08,bing / cpc,HU | GSN | Brand 2024,1,3
1087,2024-10-08,google / cpc,campaign_23,2,3
1088,2024-10-08,ajanlat / email,campaign_7,2,3
1089,2024-10-08,duckduckgo / organic,(organic),1,2
1090,2024-10-08,economica.net / referral,(referral),2,2
1091,2024-10-08,familypark.at / referral,(referral),2,2
1092,2024-10-08,l.instagram.com / referral,(referral),1,2
1093,2024-10-08,facebook / cpc,campaign_18,2,2
1094,2024-10-08,facebook / cpc,campaign_20,1,2
1095,2024-10-08,perplexity / (not set),(not set),1,1
1096,2024-10-08,connexservice.com / referral,(referral),1,1
1097,2024-10-08,lm.facebook.com / referral,(referral),1,1
1098,2024-10-08,tagassistant.google.com / referral,(referral),1,1
1099,2024-10-08,google / cpc,DE | GSN | PERF I Lokáció,1,1
1100,2024-10-08,hirlevel / ct,campaign_3,1,1
1101,2024-10-08,instagram / cpc,campaign_24,1,1
1102,2024-10-08,hirlevel / ct,hirlevel_c2,1,1
1103,2024-10-08,phone / offline,proposal-by-phone,1,1
1104,2024-10-09,(not set),(not set),331,370
1105,2024-10-09,google / cpc,(organic),261,304
1106,2024-10-09,(direct) / (none),(direct),143,161
1107,2024-10-09,google / organic,(organic),110,128
1108,2024-10-09,google / cpc,HU | GSN | PERF I Brand,93,116
1109,2024-10-09,google / cpc,HU | pMAX | PERF I Brand,100,110
1110,2024-10-09,google / cpc,(not set),94,101
1111,2024-10-09,facebook / cpc,campaign_19,47,48
1112,2024-10-09,google / cpc,AT | pMAX Hotel | PERF I Brand,41,47
1113,2024-10-09,google / cpc,HU | GSN | PERF I Brand 2,39,45
1114,2024-10-09,facebook / cpc,campaign_17,27,33
1115,2024-10-09,l.facebook.com / referral,(referral),21,22
1116,2024-10-09,ajanlat / offline,campaign_2,12,19
1117,2024-10-09,bing / organic,(organic),13,16
1118,2024-10-09,hirlevel / ct,hirlevel_c2,15,15
1119,2024-10-09,google / cpc,AT | GSN | PERF I Brand,7,11
1120,2024-10-09,google / cpc,CZ | pMAX | PERF I Brand,11,11
1121,2024-10-09,bing / cpc,HU | PERF | Brand,11,11
1122,2024-10-09,google / cpc,HU | GSN | PERF I Lokáció,10,10
1123,2024-10-09,facebook / cpc,campaign_18,10,10
1124,2024-10-09,google / cpc,DE | pMAX Hotel | PERF I Brand,9,9
1125,2024-10-09,bing / cpc,campaign_10,8,8
1126,2024-10-09,m.facebook.com / referral,(referral),6,6
1127,2024-10-09,google / cpc,campaign_21,5,6
1128,2024-10-09,redir.d-edgeconnect.media / referral,(referral),5,5
1129,2024-10-09,google / cpc,AT | GSN | PERF | Lokáció,3,4
1130,2024-10-09,bing / cpc,AT | PERF | Brand,3,4
1131,2024-10-09,phone / offline,proposal-by-phone,2,4
1132,2024-10-09,familypark.at / referral,(referral),2,3
1133,2024-10-09,google / cpc,(referral),2,3
1134,2024-10-09,google / cpc,CZ | GSN | PERF I Brand,2,3
1135,2024-10-09,bing / cpc,campaign_33,2,3
1136,2024-10-09,facebook / cpc,campaign_20,2,3
1137,2024-10-09,ajanlat / email,campaign_7,3,3
1138,2024-10-09,l.instagram.com / referral,(referral),2,2
1139,2024-10-09,zadir.hu / referral,(referral),1,2
1140,2024-10-09,google / cpc,campaign_23,2,2
1141,2024-10-09,(direct) / (none),(not set),1,1
1142,2024-10-09,google / organic,(not set),1,1
1143,2024-10-09,source_13,(referral),1,1
1144,2024-10-09,gateway.zscloud.net / referral,(referral),1,1
1145,2024-10-09,romaniatv.net / referral,(referral),1,1
1146,2024-10-09,thermengutscheine.at / referral,(referral),0,1
1147,2024-10-09,thermenhotels.at / referral,(referral),1,1
1148,2024-10-09,loyalty / email,loyalty-email,1,1
1149,2024-10-10,instagram.com / referral,(referral),1,1
1150,2024-10-10,loyalty / email,loyalty-email,1,1
1151,2024-10-10,(direct) / (none),(direct),249,282
1152,2024-10-10,hirlevel / ct,hirlevel_c3,189,201
1153,2024-10-10,google / organic,(organic),133,158
1154,2024-10-10,google / cpc,HU | GSN | PERF I Brand,123,156
1155,2024-10-10,google / cpc,(not set),113,121
1156,2024-10-10,google / cpc,HU | pMAX | PERF I Brand,80,96
1157,2024-10-10,facebook / cpc,campaign_19,64,65
1158,2024-10-10,google / cpc,HU | GSN | PERF I Brand 2,37,44
1159,2024-10-10,google / cpc,AT | pMAX Hotel | PERF I Brand,39,42
1160,2024-10-10,bing / organic,(organic),12,22
1161,2024-10-10,google / cpc,HU | GSN | PERF I Lokáció,15,18
1162,2024-10-10,facebook / cpc,campaign_18,17,17
1163,2024-10-10,facebook / cpc,campaign_17,16,17
1164,2024-10-10,tiktok.com / referral,(referral),16,16
1165,2024-10-10,google / cpc,AT | GSN | PERF I Brand,14,16
1166,2024-10-10,l.facebook.com / referral,(referral),13,15
1167,2024-10-10,google / cpc,CZ | pMAX | PERF I Brand,14,15
1168,2024-10-10,bing / cpc,HU | PERF | Brand,11,15
1169,2024-10-10,hirlevel_s1,hirlevel_c1,13,14
1170,2024-10-10,google / cpc,DE | pMAX Hotel | PERF I Brand,13,13
1171,2024-10-10,m.facebook.com / referral,(referral),11,11
1172,2024-10-10,google / cpc,AT | GSN | PERF | Lokáció,10,11
1173,2024-10-10,google / cpc,campaign_21,7,7
1174,2024-10-10,bing / cpc,campaign_10,5,5
1175,2024-10-10,google / cpc,campaign_23,3,5
1176,2024-10-10,redir.d-edgeconnect.media / referral,(referral),4,4
1177,2024-10-10,zadir.hu / referral,(referral),1,4
1178,2024-10-10,ajanlat / offline,campaign_2,4,4
1179,2024-10-10,email.seznam.cz / referral,(referral),2,3
1180,2024-10-10,glamour.hu / referral,(referral),3,3
1181,2024-10-10,google / cpc,(referral),1,3
1182,2024-10-10,kapu.hu / referral,(referral),2,3
1183,2024-10-10,lm.facebook.com / referral,(referral),3,3
1184,2024-10-10,hirlevel / ct,campaign_3,3,3
1185,2024-10-10,bing / cpc,HU | GSN | Brand 2024,2,3
1186,2024-10-10,facebook / cpc,campaign_20,3,3
1187,2024-10-10,phone / offline,proposal-by-phone,3,3
1188,2024-10-10,google / cpc,(not+set),2,2
1189,2024-10-10,romaniatv.net / referral,(referral),2,2
1190,2024-10-10,wellcard.at / referral,(referral),1,2
1191,2024-10-10,bing / cpc,AT | PERF | Brand,2,2
1192,2024-10-10,instagram / cpc,campaign_24,2,2
1193,2024-10-10,(not set) / ct,feliratkozas_en,2,2
1194,2024-10-10,ajanlat / email,campaign_7,1,2
1195,2024-10-10,(direct) / (none),(not set),1,1
1196,2024-10-10,google / organic,(not set),1,1
1197,2024-10-10,m.facebook.com / referral,(not set),1,1
1198,2024-10-10,duckduckgo / organic,(organic),1,1
1199,2024-10-10,app.asana.com / referral,(referral),1,1
1200,2024-10-10,app.zoomsphere.com / referral,(referral),1,1
1201,2024-10-10,connexservice.com / referral,(referral),1,1
1202,2024-10-10,source_14,(referral),1,1
1203,2024-10-10,familypark.at / referral,(referral),1,1
1204,2024-10-10,(not set),(not set),512,566
1205,2024-10-10,kereso.startlap.hu / referral,(referral),1,1
1206,2024-10-10,mail.google.com / referral,(referral),1,1
1207,2024-10-10,google / cpc,campaign_31,1,1
1208,2024-10-10,google / cpc,DE | GSN | PERF I Lokáció,1,1
1209,2024-10-10,bing / cpc,campaign_33,1,1
1210,2024-10-10,hirlevel / ct,feliratkozas_en,1,1
1211,2024-10-10,google / cpc,(organic),315,406
1212,2024-10-11,kapu.hu / referral,(referral),1,1
1213,2024-10-11,loyalty / email,loyalty-email,1,1
1214,2024-10-11,(direct) / (none),(direct),189,202
1215,2024-10-11,google / organic,(organic),137,165
1216,2024-10-11,google / cpc,(not set),106,112
1217,2024-10-11,google / cpc,HU | GSN | PERF I Brand,89,101
1218,2024-10-11,hirlevel / ct,hirlevel_c3,73,83
1219,2024-10-11,google / cpc,HU | pMAX | PERF I Brand,61,69
1220,2024-10-11,facebook / cpc,campaign_19,65,65
1221,2024-10-11,google / cpc,HU | GSN | PERF I Brand 2,21,33
1222,2024-10-11,facebook / cpc,campaign_18,26,29
1223,2024-10-11,google / cpc,AT | pMAX Hotel | PERF I Brand,22,25
1224,2024-10-11,facebook / cpc,campaign_17,22,23
1225,2024-10-11,l.facebook.com / referral,(referral),21,21
1226,2024-10-11,google / cpc,DE | pMAX Hotel | PERF I Brand,19,20
1227,2024-10-11,bing / organic,(organic),11,18
1228,2024-10-11,google / cpc,HU | GSN | PERF I Lokáció,18,18
1229,2024-10-11,hirlevel_s1,hirlevel_c1,14,14
1230,2024-10-11,google / cpc,AT | GSN | PERF I Brand,12,13
1231,2024-10-11,bing / cpc,HU | PERF | Brand,12,13
1232,2024-10-11,m.facebook.com / referral,(referral),9,11
1233,2024-10-11,instagram / cpc,campaign_24,8,9
1234,2024-10-11,google / cpc,CZ | pMAX | PERF I Brand,7,8
1235,2024-10-11,ajanlat / offline,campaign_2,5,7
1236,2024-10-11,redir.d-edgeconnect.media / referral,(referral),6,6
1237,2024-10-11,google / cpc,AT | GSN | PERF | Lokáció,6,6
1238,2024-10-11,mail.yahoo.com / referral,(referral),2,5
1239,2024-10-11,bing / cpc,campaign_10,5,5
1240,2024-10-11,(direct) / (none),(not set),3,4
1241,2024-10-11,google / cpc,campaign_21,4,4
1242,2024-10-11,hirlevel / ct,hirlevel_c2,4,4
1243,2024-10-11,perplexity / (not set),(not set),0,3
1244,2024-10-11,mail.google.com / referral,(referral),3,3
1245,2024-10-11,tiktok.com / referral,(referral),3,3
1246,2024-10-11,hirlevel / ct,campaign_3,3,3
1247,2024-10-11,ajanlat / email,campaign_7,2,3
1248,2024-10-11,email / offline,proposal-by-phone,2,3
1249,2024-10-11,phone / offline,proposal-by-phone,3,3
1250,2024-10-11,google / organic,(not set),1,2
1251,2024-10-11,at.search.yahoo.com / referral,(referral),1,2
1252,2024-10-11,deref-gmx.net / referral,(referral),2,2
1253,2024-10-11,familypark.at / referral,(referral),2,2
1254,2024-10-11,lm.facebook.com / referral,(referral),2,2
1255,2024-10-11,bing / cpc,AT | PERF | Brand,2,2
1256,2024-10-11,google / cpc,campaign_23,2,2
1257,2024-10-11,dailybusiness.ro / referral,(referral),1,1
1258,2024-10-11,glamour.hu / referral,(referral),1,1
1259,2024-10-11,google / cpc,(referral),1,1
1260,2024-10-11,instagram.com / referral,(referral),1,1
1261,2024-10-11,(not set),(not set),389,414
1262,2024-10-11,source_12,(referral),1,1
1263,2024-10-11,source_15,(referral),1,1
1264,2024-10-11,wellcard.at / referral,(referral),1,1
1265,2024-10-11,google / cpc,DE | GSN | PERF I Lokáció,1,1
1266,2024-10-11,bing / cpc,HU | GSN | Brand 2024,1,1
1267,2024-10-11,hirlevel_s3,hirlevel_c3,1,1
1268,2024-10-11,google / cpc,(organic),260,312
1269,2024-10-12,instagram / cpc,campaign_24,5,5
1270,2024-10-12,phone / offline,proposal-by-phone,1,1
1271,2024-10-12,(direct) / (none),(direct),151,169
1272,2024-10-12,google / organic,(organic),112,134
1273,2024-10-12,google / cpc,HU | GSN | PERF I Brand,81,104
1274,2024-10-12,google / cpc,(not set),78,84
1275,2024-10-12,google / cpc,HU | pMAX | PERF I Brand,63,71
1276,2024-10-12,facebook / cpc,campaign_19,62,63
1277,2024-10-12,google / cpc,HU | GSN | PERF I Brand 2,24,39
1278,2024-10-12,facebook / cpc,campaign_18,33,34
1279,2024-10-12,l.facebook.com / referral,(referral),29,32
1280,2024-10-12,google / cpc,AT | pMAX Hotel | PERF I Brand,30,31
1281,2024-10-12,facebook / cpc,campaign_17,23,24
1282,2024-10-12,google / cpc,HU | GSN | PERF I Lokáció,15,16
1283,2024-10-12,google / cpc,AT | GSN | PERF I Brand,14,15
1284,2024-10-12,google / cpc,CZ | pMAX | PERF I Brand,15,15
1285,2024-10-12,hirlevel / ct,hirlevel_c3,13,13
1286,2024-10-12,bing / organic,(organic),7,11
1287,2024-10-12,bing / cpc,HU | PERF | Brand,6,11
1288,2024-10-12,google / cpc,AT | GSN | PERF | Lokáció,5,8
1289,2024-10-12,google / cpc,DE | pMAX Hotel | PERF I Brand,8,8
1290,2024-10-12,m.facebook.com / referral,(referral),7,7
1291,2024-10-12,bing / cpc,campaign_10,7,7
1292,2024-10-12,(not set),(not set),337,363
1293,2024-10-12,hirlevel_s1,hirlevel_c1,3,5
1294,2024-10-12,ajanlat / offline,campaign_2,5,5
1295,2024-10-12,glamour.hu / referral,(referral),2,4
1296,2024-10-12,lm.facebook.com / referral,(referral),3,4
1297,2024-10-12,google / cpc,(referral),3,3
1298,2024-10-12,l.instagram.com / referral,(referral),3,3
1299,2024-10-12,google / cpc,DE | GSN | PERF I Lokáció,3,3
1300,2024-10-12,google / cpc,campaign_23,2,3
1301,2024-10-12,duckduckgo / organic,(organic),0,2
1302,2024-10-12,mail.yahoo.com / referral,(referral),1,2
1303,2024-10-12,thermengutscheine.at / referral,(referral),2,2
1304,2024-10-12,webmail.telekom.hu / referral,(referral),1,2
1305,2024-10-12,hirlevel / ct,hirlevel_c2,2,2
1306,2024-10-12,email / offline,proposal-by-phone,2,2
1307,2024-10-12,google / cpc,(direct),1,1
1308,2024-10-12,(direct) / (none),(not set),1,1
1309,2024-10-12,yahoo / organic,(organic),1,1
1310,2024-10-12,redir.d-edgeconnect.media / referral,(referral),1,1
1311,2024-10-12,romaniatv.net / referral,(referral),1,1
1312,2024-10-12,google / cpc,DE | GSN | PERF I Brand,1,1
1313,2024-10-12,hirlevel / ct,campaign_13,1,1
1314,2024-10-12,google / cpc,campaign_21,1,1
1315,2024-10-12,facebook / cpc,campaign_20,1,1
1316,2024-10-12,ajanlat / email,campaign_7,1,1
1317,2024-10-12,google / cpc,(organic),244,293
1318,2024-10-13,google / cpc,HU | GSN | PERF I Brand,130,151
1319,2024-10-13,phone / offline,proposal-by-phone,0,1
1320,2024-10-13,(direct) / (none),(direct),215,236
1321,2024-10-13,(not set),(not set),461,509
1322,2024-10-13,google / cpc,(not set),132,144
1323,2024-10-13,google / organic,(organic),122,139
1324,2024-10-13,google / cpc,HU | pMAX | PERF I Brand,70,81
1325,2024-10-13,facebook / cpc,campaign_19,65,65
1326,2024-10-13,google / cpc,AT | pMAX Hotel | PERF I Brand,49,52
1327,2024-10-13,facebook / cpc,campaign_18,43,48
1328,2024-10-13,google / cpc,HU | GSN | PERF I Brand 2,30,37
1329,2024-10-13,facebook / cpc,campaign_17,34,36
1330,2024-10-13,l.facebook.com / referral,(referral),25,26
1331,2024-10-13,hirlevel / ct,hirlevel_c3,19,20
1332,2024-10-13,google / cpc,HU | GSN | PERF I Lokáció,18,19
1333,2024-10-13,google / cpc,DE | pMAX Hotel | PERF I Brand,18,18
1334,2024-10-13,google / cpc,AT | GSN | PERF I Brand,10,12
1335,2024-10-13,google / cpc,CZ | pMAX | PERF I Brand,10,11
1336,2024-10-13,bing / cpc,HU | PERF | Brand,9,11
1337,2024-10-13,m.facebook.com / referral,(referral),8,8
1338,2024-10-13,bing / organic,(organic),7,7
1339,2024-10-13,bing / cpc,campaign_10,6,6
1340,2024-10-13,google / cpc,AT | GSN | PERF | Lokáció,5,5
1341,2024-10-13,(direct) / (none),(not set),3,3
1342,2024-10-13,familypark.at / referral,(referral),2,3
1343,2024-10-13,google / cpc,(referral),2,3
1344,2024-10-13,google / cpc,campaign_21,3,3
1345,2024-10-13,instagram / cpc,campaign_24,3,3
1346,2024-10-13,ajanlat / email,campaign_7,2,3
1347,2024-10-13,thermengutscheine.at / referral,(referral),2,2
1348,2024-10-13,wellcard.at / referral,(referral),2,2
1349,2024-10-13,bing / cpc,AT | PERF | Brand,2,2
1350,2024-10-13,google / cpc,DE | GSN | PERF I Brand,1,2
1351,2024-10-13,google / cpc,campaign_23,2,2
1352,2024-10-13,hirlevel_s1,hirlevel_c1,2,2
1353,2024-10-13,loyalty / email,loyalty-email,1,2
1354,2024-10-13,google / cpc,(direct),1,1
1355,2024-10-13,bing / organic,(not set),1,1
1356,2024-10-13,m.facebook.com / referral,(not set),1,1
1357,2024-10-13,google / cpc,(not+set),1,1
1358,2024-10-13,connexservice.com / referral,(referral),1,1
1359,2024-10-13,emea.search.yahoo.com / referral,(referral),1,1
1360,2024-10-13,internetbank.otpbank.hu / referral,(referral),1,1
1361,2024-10-13,lm.facebook.com / referral,(referral),1,1
1362,2024-10-13,mail.centrum.cz / referral,(referral),1,1
1363,2024-10-13,mail.yahoo.com / referral,(referral),1,1
1364,2024-10-13,redir.d-edgeconnect.media / referral,(referral),1,1
1365,2024-10-13,romaniatv.net / referral,(referral),1,1
1366,2024-10-13,google / cpc,CZ | GSN | PERF I Brand,1,1
1367,2024-10-13,hirlevel / ct,campaign_3,1,1
1368,2024-10-13,bing / cpc,HU | GSN | Brand 2024,1,1
1369,2024-10-13,ajanlat / offline,campaign_2,1,1
1370,2024-10-13,ajanlat / offline,proposal-by-phone,1,1
1371,2024-10-13,google / cpc,(organic),304,389
1372,2024-10-14,m.facebook.com / referral,(referral),10,11
1373,2024-10-14,email / offline,proposal-by-phone,1,1
1374,2024-10-14,(direct) / (none),(direct),135,159
1375,2024-10-14,google / organic,(organic),102,121
1376,2024-10-14,google / cpc,(not set),104,116
1377,2024-10-14,google / cpc,HU | pMAX | PERF I Brand,73,77
1378,2024-10-14,google / cpc,HU | GSN | PERF I Brand,64,70
1379,2024-10-14,facebook / cpc,campaign_19,50,52
1380,2024-10-14,google / cpc,HU | GSN | PERF I Brand 2,29,38
1381,2024-10-14,google / cpc,AT | pMAX Hotel | PERF I Brand,30,32
1382,2024-10-14,hirlevel / ct,hirlevel_c3,25,29
1383,2024-10-14,facebook / cpc,campaign_18,26,27
1384,2024-10-14,google / cpc,HU | GSN | PERF I Lokáció,24,26
1385,2024-10-14,facebook / cpc,campaign_17,23,25
1386,2024-10-14,l.facebook.com / referral,(referral),19,21
1387,2024-10-14,bing / cpc,HU | PERF | Brand,10,13
1388,2024-10-14,(not set),(not set),265,285
1389,2024-10-14,google / cpc,AT | GSN | PERF | Lokáció,8,11
1390,2024-10-14,google / cpc,AT | GSN | PERF I Brand,9,10
1391,2024-10-14,bing / organic,(organic),7,7
1392,2024-10-14,google / cpc,campaign_21,7,7
1393,2024-10-14,(direct) / (none),(not set),5,6
1394,2024-10-14,bing / cpc,campaign_10,6,6
1395,2024-10-14,google / cpc,CZ | pMAX | PERF I Brand,4,4
1396,2024-10-14,google / cpc,DE | pMAX Hotel | PERF I Brand,4,4
1397,2024-10-14,hirlevel / ct,feliratkozas_hu,3,4
1398,2024-10-14,hirlevel_s3,hirlevel_c3,1,3
1399,2024-10-14,hirlevel / ct,hirlevel_c2,1,3
1400,2024-10-14,google / organic,(not set),2,2
1401,2024-10-14,yahoo / organic,(organic),0,2
1402,2024-10-14,familypark.at / referral,(referral),2,2
1403,2024-10-14,lm.facebook.com / referral,(referral),2,2
1404,2024-10-14,redir.d-edgeconnect.media / referral,(referral),2,2
1405,2024-10-14,zadir.hu / referral,(referral),1,2
1406,2024-10-14,instagram / cpc,campaign_24,2,2
1407,2024-10-14,facebook / cpc,campaign_20,2,2
1408,2024-10-14,google / cpc,campaign_23,2,2
1409,2024-10-14,ajanlat / email,campaign_7,2,2
1410,2024-10-14,app.asana.com / referral,(referral),1,1
1411,2024-10-14,lightmailer-bs.gmx.net / referral,(referral),1,1
1412,2024-10-14,romaniatv.net / referral,(referral),1,1
1413,2024-10-14,thermengutscheine.at / referral,(referral),0,1
1414,2024-10-14,thermenhotels.at / referral,(referral),1,1
1415,2024-10-14,wellcard.at / referral,(referral),1,1
1416,2024-10-14,bing / cpc,HU | GSN | Brand 2024,1,1
1417,2024-10-14,hirlevel / ct,feliratkozas_en,1,1
1418,2024-10-14,ajanlat / offline,campaign_2,1,1
1419,2024-10-14,ajanlat / offline,proposal-by-phone,1,1
1420,2024-10-14,google / cpc,(organic),238,273
1421,2024-10-15,google / cpc,(not set),85,95
1422,2024-10-15,hirlevel / ct,hirlevel_c2,1,1
1423,2024-10-15,(direct) / (none),(direct),132,157
1424,2024-10-15,google / organic,(organic),89,100
1425,2024-10-15,(not set),(not set),237,247
1426,2024-10-15,google / cpc,HU | pMAX | PERF I Brand,82,85
1427,2024-10-15,facebook / cpc,campaign_18,57,59
1428,2024-10-15,facebook / cpc,campaign_19,53,55
1429,2024-10-15,google / cpc,HU | GSN | PERF I Brand,47,54
1430,2024-10-15,google / cpc,HU | GSN | PERF I Brand 2,33,44
1431,2024-10-15,google / cpc,AT | pMAX Hotel | PERF I Brand,30,30
1432,2024-10-15,l.facebook.com / referral,(referral),20,22
1433,2024-10-15,facebook / cpc,campaign_17,20,20
1434,2024-10-15,bing / cpc,HU | PERF | Brand,17,19
1435,2024-10-15,google / cpc,HU | GSN | PERF I Lokáció,17,18
1436,2024-10-15,google / cpc,AT | GSN | PERF I Brand,13,15
1437,2024-10-15,m.facebook.com / referral,(referral),12,12
1438,2024-10-15,hirlevel / ct,hirlevel_c3,8,10
1439,2024-10-15,google / cpc,campaign_23,7,8
1440,2024-10-15,ajanlat / offline,campaign_2,4,8
1441,2024-10-15,google / cpc,AT | GSN | PERF | Lokáció,7,7
1442,2024-10-15,google / cpc,DE | pMAX Hotel | PERF I Brand,6,7
1443,2024-10-15,bing / cpc,campaign_10,6,7
1444,2024-10-15,bing / organic,(organic),5,5
1445,2024-10-15,(direct) / (none),(not set),3,4
1446,2024-10-15,familypark.at / referral,(referral),4,4
1447,2024-10-15,zadir.hu / referral,(referral),1,4
1448,2024-10-15,bing / cpc,AT | PERF | Brand,4,4
1449,2024-10-15,google / cpc,CZ | pMAX | PERF I Brand,4,4
1450,2024-10-15,ajanlat / email,campaign_7,3,4
1451,2024-10-15,google / cpc,(referral),3,3
1452,2024-10-15,l.instagram.com / referral,(referral),3,3
1453,2024-10-15,redir.d-edgeconnect.media / referral,(referral),3,3
1454,2024-10-15,source_4,(organic),2,2
1455,2024-10-15,app.asana.com / referral,(referral),2,2
1456,2024-10-15,lm.facebook.com / referral,(referral),2,2
1457,2024-10-15,source_10,(referral),1,2
1458,2024-10-15,thermengutscheine.at / referral,(referral),2,2
1459,2024-10-15,google / cpc,DE | GSN | PERF I Brand,2,2
1460,2024-10-15,bing / cpc,HU | GSN | Brand 2024,1,2
1461,2024-10-15,instagram / cpc,campaign_24,2,2
1462,2024-10-15,email / offline,proposal-by-phone,2,2
1463,2024-10-15,google / organic,(not set),1,1
1464,2024-10-15,app.zoomsphere.com / referral,(referral),1,1
1465,2024-10-15,dailybusiness.ro / referral,(referral),1,1
1466,2024-10-15,source_14,(referral),1,1
1467,2024-10-15,ntp.msn.com / referral,(referral),1,1
1468,2024-10-15,romaniatv.net / referral,(referral),1,1
1469,2024-10-15,hirlevel / ct,campaign_3,1,1
1470,2024-10-15,google / cpc,campaign_27,1,1
1471,2024-10-15,google / cpc,campaign_21,1,1
1472,2024-10-15,hirlevel / ct,feliratkozas_en,1,1
1473,2024-10-15,hirlevel / ct,feliratkozas_hu,1,1
1474,2024-10-15,hirlevel_s1,hirlevel_c1,1,1
1475,2024-10-15,hirlevel_s3,hirlevel_c3,1,1
1476,2024-10-15,google / cpc,(organic),202,233
1477,2024-10-16,instagram / cpc,campaign_24,6,6
1478,2024-10-16,email / offline,proposal-by-phone,1,1
1479,2024-10-16,(direct) / (none),(direct),122,137
1480,2024-10-16,google / organic,(organic),95,119
1481,2024-10-16,google / cpc,HU | GSN | PERF I Brand,73,108
1482,2024-10-16,google / cpc,(not set),89,97
1483,2024-10-16,google / cpc,HU | pMAX | PERF I Brand,63,67
1484,2024-10-16,facebook / cpc,campaign_19,64,66
1485,2024-10-16,google / cpc,HU | GSN | PERF I Brand 2,39,48
1486,2024-10-16,facebook / cpc,campaign_18,34,35
1487,2024-10-16,google / cpc,AT | pMAX Hotel | PERF I Brand,33,34
1488,2024-10-16,facebook / cpc,campaign_17,30,32
1489,2024-10-16,l.facebook.com / referral,(referral),25,27
1490,2024-10-16,google / cpc,AT | GSN | PERF I Brand,16,21
1491,2024-10-16,m.facebook.com / referral,(referral),17,19
1492,2024-10-16,csodasmagyarorszag.hu / referral,(referral),12,13
1493,2024-10-16,bing / cpc,campaign_10,13,13
1494,2024-10-16,bing / cpc,HU | PERF | Brand,11,13
1495,2024-10-16,google / cpc,CZ | pMAX | PERF I Brand,10,10
1496,2024-10-16,google / cpc,DE | pMAX Hotel | PERF I Brand,10,10
1497,2024-10-16,google / cpc,HU | GSN | PERF I Lokáció,9,10
1498,2024-10-16,google / cpc,AT | GSN | PERF | Lokáció,6,9
1499,2024-10-16,(not set),(not set),258,273
1500,2024-10-16,hirlevel / ct,hirlevel_c3,6,6
1501,2024-10-16,(direct) / (none),(not set),3,5
1502,2024-10-16,bing / organic,(organic),4,5
1503,2024-10-16,ajanlat / offline,campaign_2,3,4
1504,2024-10-16,wellcard.at / referral,(referral),3,3
1505,2024-10-16,bing / cpc,AT | PERF | Brand,3,3
1506,2024-10-16,bing / cpc,HU | GSN | Brand 2024,2,3
1507,2024-10-16,source_4,(organic),1,2
1508,2024-10-16,google / cpc,(referral),2,2
1509,2024-10-16,internetbank.otpbank.hu / referral,(referral),1,2
1510,2024-10-16,lm.facebook.com / referral,(referral),2,2
1511,2024-10-16,ntp.msn.com / referral,(referral),1,2
1512,2024-10-16,redir.d-edgeconnect.media / referral,(referral),2,2
1513,2024-10-16,hirlevel / ct,campaign_3,2,2
1514,2024-10-16,facebook / cpc,campaign_20,1,2
1515,2024-10-16,google / cpc,campaign_23,2,2
1516,2024-10-16,app.zoomsphere.com / referral,(referral),1,1
1517,2024-10-16,chatgpt.com / referral,(referral),1,1
1518,2024-10-16,connexservice.com / referral,(referral),1,1
1519,2024-10-16,economica.net / referral,(referral),1,1
1520,2024-10-16,familypark.at / referral,(referral),1,1
1521,2024-10-16,gosearchresults.com / referral,(referral),1,1
1522,2024-10-16,kapu.hu / referral,(referral),1,1
1523,2024-10-16,l.instagram.com / referral,(referral),1,1
1524,2024-10-16,thermenhotels.at / referral,(referral),1,1
1525,2024-10-16,bing / cpc,campaign_14,1,1
1526,2024-10-16,google / cpc,DE | GSN | PERF I Brand,1,1
1527,2024-10-16,google / cpc,DE | GSN | PERF I Lokáció,1,1
1528,2024-10-16,google / cpc,campaign_27,1,1
1529,2024-10-16,hirlevel / ct,feliratkozas_hu,0,1
1530,2024-10-16,hirlevel_s1,hirlevel_c1,1,1
1531,2024-10-16,google / cpc,(organic),201,242
1532,2024-10-17,hirlevel / ct,hirlevel_c3,10,12
1533,2024-10-17,phone / offline,proposal-by-phone,1,1
1534,2024-10-17,(direct) / (none),(direct),143,167
1535,2024-10-17,google / cpc,(not set),97,104
1536,2024-10-17,google / organic,(organic),81,94
1537,2024-10-17,google / cpc,HU | pMAX | PERF I Brand,65,73
1538,2024-10-17,google / cpc,HU | GSN | PERF I Brand,51,63
1539,2024-10-17,facebook / cpc,campaign_18,48,51
1540,2024-10-17,facebook / cpc,campaign_19,51,51
1541,2024-10-17,google / cpc,AT | pMAX Hotel | PERF I Brand,38,43
1542,2024-10-17,facebook / cpc,campaign_17,25,26
1543,2024-10-17,l.facebook.com / referral,(referral),19,21
1544,2024-10-17,google / cpc,HU | GSN | PERF I Brand 2,16,18
1545,2024-10-17,instagram / cpc,campaign_24,17,17
1546,2024-10-17,bing / cpc,campaign_10,14,16
1547,2024-10-17,hirlevel / ct,hirlevel_c2,15,15
1548,2024-10-17,google / cpc,DE | pMAX Hotel | PERF I Brand,14,14
1549,2024-10-17,google / cpc,HU | GSN | PERF I Lokáció,12,14
1550,2024-10-17,google / cpc,AT | GSN | PERF I Brand,11,13
1551,2024-10-17,m.facebook.com / referral,(referral),12,12
1552,2024-10-17,(not set),(not set),256,270
1553,2024-10-17,bing / cpc,HU | PERF | Brand,8,10
1554,2024-10-17,google / cpc,CZ | pMAX | PERF I Brand,8,8
1555,2024-10-17,redir.d-edgeconnect.media / referral,(referral),3,6
1556,2024-10-17,familypark.at / referral,(referral),5,5
1557,2024-10-17,google / cpc,(referral),5,5
1558,2024-10-17,source_15,(referral),5,5
1559,2024-10-17,google / cpc,AT | GSN | PERF | Lokáció,5,5
1560,2024-10-17,bing / organic,(organic),4,4
1561,2024-10-17,csodasmagyarorszag.hu / referral,(referral),4,4
1562,2024-10-17,hotels.hotelbox.cc / referral,(referral),1,2
1563,2024-10-17,l.instagram.com / referral,(referral),2,2
1564,2024-10-17,lm.facebook.com / referral,(referral),2,2
1565,2024-10-17,mail.google.com / referral,(referral),1,2
1566,2024-10-17,romaniatv.net / referral,(referral),2,2
1567,2024-10-17,thermengutscheine.at / referral,(referral),2,2
1568,2024-10-17,google / cpc,DE | GSN | PERF I Lokáció,2,2
1569,2024-10-17,bing / cpc,HU | GSN | Brand 2024,2,2
1570,2024-10-17,ajanlat / offline,campaign_2,1,2
1571,2024-10-17,(direct) / (none),(not set),1,1
1572,2024-10-17,docs.google.com / referral,(referral),1,1
1573,2024-10-17,source_16,(referral),1,1
1574,2024-10-17,wellcard.at / referral,(referral),1,1
1575,2024-10-17,hirlevel / ct,campaign_3,1,1
1576,2024-10-17,hirlevel_s3,hirlevel_c3,1,1
1577,2024-10-17,ajanlat / email,campaign_7,1,1
1578,2024-10-17,email / offline,proposal-by-phone,1,1
1579,2024-10-17,google / cpc,(organic),203,240
1580,2024-10-18,google / cpc,(organic),202,233
1581,2024-10-18,(not set),(not set),221,230
1582,2024-10-18,(direct) / (none),(direct),119,131
1583,2024-10-18,google / cpc,HU | pMAX | PERF I Brand,96,104
1584,2024-10-18,google / cpc,(not set),94,99
1585,2024-10-18,google / organic,(organic),75,86
1586,2024-10-18,facebook / cpc,campaign_18,71,74
1587,2024-10-18,google / cpc,HU | GSN | PERF I Brand,47,57
1588,2024-10-18,facebook / cpc,campaign_19,44,45
1589,2024-10-18,google / cpc,HU | GSN | PERF I Brand 2,31,34
1590,2024-10-18,google / cpc,AT | pMAX Hotel | PERF I Brand,30,31
1591,2024-10-18,facebook / cpc,campaign_17,31,31
1592,2024-10-18,l.facebook.com / referral,(referral),29,29
1593,2024-10-18,google / cpc,HU | GSN | PERF I Lokáció,15,17
1594,2024-10-18,google / cpc,CZ | pMAX | PERF I Brand,11,12
1595,2024-10-18,instagram / cpc,campaign_24,12,12
1596,2024-10-18,m.facebook.com / referral,(referral),11,11
1597,2024-10-18,google / cpc,AT | GSN | PERF I Brand,8,11
1598,2024-10-18,bing / cpc,HU | PERF | Brand,10,11
1599,2024-10-18,bing / cpc,campaign_10,9,9
1600,2024-10-18,csodasmagyarorszag.hu / referral,(referral),5,8
1601,2024-10-18,google / cpc,AT | GSN | PERF | Lokáció,7,7
1602,2024-10-18,bing / organic,(organic),5,6
1603,2024-10-18,bing / cpc,AT | PERF | Brand,5,5
1604,2024-10-18,google / cpc,(referral),4,4
1605,2024-10-18,lm.facebook.com / referral,(referral),4,4
1606,2024-10-18,google / cpc,DE | pMAX Hotel | PERF I Brand,4,4
1607,2024-10-18,hirlevel / ct,hirlevel_c3,4,4
1608,2024-10-18,(direct) / (none),(not set),3,3
1609,2024-10-18,bing / cpc,HU | GSN | Brand 2024,1,3
1610,2024-10-18,ajanlat / offline,campaign_2,2,3
1611,2024-10-18,phone / offline,proposal-by-phone,3,3
1612,2024-10-18,source_4,(organic),1,1
1613,2024-10-18,app.zoomsphere.com / referral,(referral),1,1
1614,2024-10-18,source_17,(referral),1,1
1615,2024-10-18,economica.net / referral,(referral),1,1
1616,2024-10-18,redir.d-edgeconnect.media / referral,(referral),1,1
1617,2024-10-18,thermengutscheine.at / referral,(referral),1,1
1618,2024-10-18,thermenhotels.at / referral,(referral),1,1
1619,2024-10-18,zadir.hu / referral,(referral),1,1
1620,2024-10-18,google / cpc,CZ | GSN | PERF I Brand,1,1
1621,2024-10-18,google / cpc,DE | GSN | PERF I Lokáció,1,1
1622,2024-10-18,hirlevel / ct,campaign_13,1,1
1623,2024-10-18,hirlevel_s3,hirlevel_c3,1,1
1624,2024-10-18,hirlevel / ct,hirlevel_c2,1,1
1625,2024-10-18,email / offline,proposal-by-phone,1,1
