,date,utm_source_and_medium,utm_campaign,user_count,session_count
0,2024-09-18,google / cpc,(organic),73,82
1,2024-09-18,(direct) / (none),(direct),48,52
2,2024-09-18,google / organic,(organic),23,30
3,2024-09-18,google / cpc,(not set),23,25
4,2024-09-18,google / cpc,HU | GSN | PERF I Brand,17,22
5,2024-09-18,google / cpc,HU | pMAX | PERF I Brand,18,18
6,2024-09-18,google / cpc,HU | GSN | PERF I Lokáció,15,16
7,2024-09-18,google / cpc,AT | pMAX Hotel | PERF I Brand,8,11
8,2024-09-18,google / cpc,HU | GSN | PERF I Brand 2,8,9
9,2024-09-18,facebook / cpc,campaign_18,9,9
10,2024-09-18,facebook / cpc,campaign_17,9,9
11,2024-09-18,redir.d-edgeconnect.media / referral,(referral),7,8
12,2024-09-18,google / cpc,AT | GSN | PERF I Brand,5,5
13,2024-09-18,hirlevel / ct,campaign_3,4,5
14,2024-09-18,(not set),(not set),3,4
15,2024-09-18,l.facebook.com / referral,(referral),4,4
16,2024-09-18,google / cpc,DE | pMAX Hotel | PERF I Brand,4,4
17,2024-09-18,duckduckgo / organic,(organic),3,3
18,2024-09-18,google / cpc,(referral),1,2
19,2024-09-18,bing / cpc,AT | GSN | Brand 2024,2,2
20,2024-09-18,bing / cpc,campaign_33,1,2
21,2024-09-18,facebook / cpc,campaign_19,2,2
22,2024-09-18,ajanlat / offline,campaign_2,1,2
23,2024-09-18,bing / organic,(organic),1,1
24,2024-09-18,m.facebook.com / referral,(referral),1,1
25,2024-09-18,google / cpc,HU | GDN | ENGM I Programok '24,1,1
26,2024-09-18,google / cpc,campaign_27,1,1
27,2024-09-18,bing / cpc,HU | GSN | Brand 2024,1,1
28,2024-09-18,google / cpc,campaign_21,1,1
29,2024-09-18,google / cpc,campaign_23,1,1
30,2024-09-18,hirlevel_s1,hirlevel_c1,1,1
31,2024-09-18,ajanlat / email,campaign_7,1,1
32,2024-09-19,ajanlat / email,campaign_7,2,2
33,2024-09-19,facebook / cpc,campaign_20,1,1
34,2024-09-19,google / organic,(organic),39,43
35,2024-09-19,google / cpc,(not set),15,15
36,2024-09-19,google / cpc,HU | GSN | PERF I Brand,15,15
37,2024-09-19,google / cpc,HU | pMAX | PERF I Brand,13,13
38,2024-09-19,google / cpc,HU | GSN | PERF I Brand 2,9,12
39,2024-09-19,google / cpc,HU | GSN | PERF I Lokáció,11,12
40,2024-09-19,facebook / cpc,campaign_18,8,8
41,2024-09-19,bing / organic,(organic),5,5
42,2024-09-19,google / cpc,AT | GSN | PERF I Brand,4,5
43,2024-09-19,google / cpc,AT | pMAX Hotel | PERF I Brand,4,5
44,2024-09-19,facebook / cpc,campaign_17,4,4
45,2024-09-19,google / cpc,campaign_21,3,3
46,2024-09-19,l.facebook.com / referral,(referral),2,2
47,2024-09-19,m.facebook.com / referral,(referral),2,2
48,2024-09-19,google / cpc,AT | GSN | PERF | Lokáció,2,2
49,2024-09-19,hirlevel / ct,campaign_3,2,2
50,2024-09-19,google / cpc,(organic),55,60
51,2024-09-19,(not set),(not set),0,1
52,2024-09-19,cdn.respond.io / referral,(referral),1,1
53,2024-09-19,redir.d-edgeconnect.media / referral,(referral),1,1
54,2024-09-19,thermenhotels.at / referral,(referral),1,1
55,2024-09-19,fb / paid,campaign_8,1,1
56,2024-09-19,bing / cpc,AT | GSN | Brand 2024,1,1
57,2024-09-19,google / cpc,CZ | GSN | PERF I Brand,1,1
58,2024-09-19,google / cpc,CZ | pMAX | PERF I Brand,1,1
59,2024-09-19,google / cpc,DE | pMAX Hotel | PERF I Brand,1,1
60,2024-09-19,hirlevel / ct,campaign_13,1,1
61,2024-09-19,bing / cpc,campaign_33,1,1
62,2024-09-19,google / cpc,HU | GDN | ENGM I Programok '24,1,1
63,2024-09-19,google / cpc,campaign_27,1,1
64,2024-09-19,bing / cpc,HU | GSN | Brand 2024,1,1
65,2024-09-19,facebook / cpc,campaign_19,1,1
66,2024-09-19,(direct) / (none),(direct),43,45
67,2024-09-20,google / cpc,(organic),39,42
68,2024-09-20,(direct) / (none),(direct),23,24
69,2024-09-20,google / organic,(organic),22,23
70,2024-09-20,google / cpc,HU | GSN | PERF I Brand,15,16
71,2024-09-20,facebook / cpc,campaign_18,15,15
72,2024-09-20,google / cpc,(not set),10,10
73,2024-09-20,google / cpc,HU | GSN | PERF I Brand 2,9,9
74,2024-09-20,m.facebook.com / referral,(referral),6,6
75,2024-09-20,google / cpc,HU | pMAX | PERF I Brand,6,6
76,2024-09-20,google / cpc,AT | GSN | PERF I Brand,3,5
77,2024-09-20,facebook / cpc,campaign_17,5,5
78,2024-09-20,yahoo / organic,(organic),1,4
79,2024-09-20,bing / cpc,HU | GSN | Brand 2024,4,4
80,2024-09-20,(not set),(not set),2,3
81,2024-09-20,google / cpc,HU | GSN | PERF I Lokáció,3,3
82,2024-09-20,facebook / cpc,campaign_19,3,3
83,2024-09-20,(direct) / (none),(not set),2,2
84,2024-09-20,l.facebook.com / referral,(referral),2,2
85,2024-09-20,google / cpc,AT | pMAX Hotel | PERF I Brand,2,2
86,2024-09-20,bing / cpc,campaign_33,2,2
87,2024-09-20,cdn.respond.io / referral,(referral),1,1
88,2024-09-20,redir.d-edgeconnect.media / referral,(referral),1,1
89,2024-09-20,thermengutscheine.at / referral,(referral),1,1
90,2024-09-20,google / cpc,AT | GSN | PERF | Lokáció,1,1
91,2024-09-20,google / cpc,CZ | GSN | PERF I Brand,1,1
92,2024-09-20,google / cpc,CZ | pMAX | PERF I Brand,1,1
93,2024-09-20,google / cpc,DE | GSN | PERF I Brand,1,1
94,2024-09-20,google / cpc,DE | pMAX Hotel | PERF I Brand,1,1
95,2024-09-20,hirlevel / ct,campaign_13,1,1
96,2024-09-20,hirlevel / ct,campaign_3,1,1
97,2024-09-20,google / cpc,campaign_23,1,1
98,2024-09-20,loyalty / email,loyalty-email,1,1
99,2024-09-20,ajanlat / offline,campaign_2,1,1
100,2024-09-21,google / cpc,AT | pMAX Hotel | PERF I Brand,2,2
101,2024-09-21,google / cpc,campaign_23,1,1
102,2024-09-21,google / cpc,HU | GSN | PERF I Brand,18,20
103,2024-09-21,(direct) / (none),(direct),17,19
104,2024-09-21,google / cpc,HU | GSN | PERF I Lokáció,13,13
105,2024-09-21,google / cpc,(not set),12,12
106,2024-09-21,google / cpc,HU | pMAX | PERF I Brand,11,11
107,2024-09-21,facebook / cpc,campaign_17,10,11
108,2024-09-21,facebook / cpc,campaign_18,9,9
109,2024-09-21,l.facebook.com / referral,(referral),5,5
110,2024-09-21,google / cpc,AT | GSN | PERF I Brand,4,5
111,2024-09-21,(direct) / (none),(not set),1,4
112,2024-09-21,google / cpc,HU | GSN | PERF I Brand 2,3,4
113,2024-09-21,(not set),(not set),1,2
114,2024-09-21,m.facebook.com / referral,(referral),2,2
115,2024-09-21,bing / cpc,AT | GSN | Brand 2024,2,2
116,2024-09-21,google / cpc,(organic),45,50
117,2024-09-21,google / cpc,CZ | pMAX | PERF I Brand,1,2
118,2024-09-21,google / cpc,campaign_21,2,2
119,2024-09-21,bing / organic,(organic),1,1
120,2024-09-21,yahoo / organic,(organic),1,1
121,2024-09-21,kapu.hu / referral,(referral),1,1
122,2024-09-21,l.instagram.com / referral,(referral),1,1
123,2024-09-21,lm.facebook.com / referral,(referral),0,1
124,2024-09-21,redir.d-edgeconnect.media / referral,(referral),1,1
125,2024-09-21,wellcard.at / referral,(referral),1,1
126,2024-09-21,google / cpc,DE | GSN | PERF I Brand,1,1
127,2024-09-21,hirlevel / ct,campaign_3,1,1
128,2024-09-21,google / cpc,campaign_27,1,1
129,2024-09-21,google / cpc,campaign_22,1,1
130,2024-09-21,facebook / cpc,campaign_19,1,1
131,2024-09-21,instagram / cpc,campaign_24,1,1
132,2024-09-21,google / organic,(organic),23,27
133,2024-09-22,google / cpc,(organic),69,74
134,2024-09-22,google / organic,(organic),39,41
135,2024-09-22,(direct) / (none),(direct),34,35
136,2024-09-22,google / cpc,(not set),29,32
137,2024-09-22,facebook / cpc,campaign_18,30,32
138,2024-09-22,google / cpc,HU | GSN | PERF I Brand,25,28
139,2024-09-22,google / cpc,HU | GSN | PERF I Brand 2,13,15
140,2024-09-22,google / cpc,HU | pMAX | PERF I Brand,12,12
141,2024-09-22,l.facebook.com / referral,(referral),10,10
142,2024-09-22,facebook / cpc,campaign_19,6,6
143,2024-09-22,(not set),(not set),4,5
144,2024-09-22,google / cpc,HU | GSN | PERF I Lokáció,5,5
145,2024-09-22,m.facebook.com / referral,(referral),4,4
146,2024-09-22,google / cpc,AT | pMAX Hotel | PERF I Brand,3,3
147,2024-09-22,facebook / cpc,campaign_17,3,3
148,2024-09-22,google / cpc,AT | GSN | PERF I Brand,2,2
149,2024-09-22,google / cpc,DE | pMAX Hotel | PERF I Brand,2,2
150,2024-09-22,instagram / cpc,campaign_24,1,2
151,2024-09-22,bing / organic,(organic),1,1
152,2024-09-22,connexservice.com / referral,(referral),1,1
153,2024-09-22,familypark.at / referral,(referral),1,1
154,2024-09-22,wellcard.at / referral,(referral),1,1
155,2024-09-22,google / cpc,CZ | pMAX | PERF I Brand,1,1
156,2024-09-22,hirlevel / ct,campaign_3,1,1
157,2024-09-22,bing / cpc,campaign_33,1,1
158,2024-09-22,google / cpc,campaign_21,1,1
159,2024-09-23,l.facebook.com / referral,(referral),9,9
160,2024-09-23,ajanlat / offline,campaign_2,1,1
161,2024-09-23,(direct) / (none),(direct),44,45
162,2024-09-23,google / organic,(organic),35,36
163,2024-09-23,google / cpc,HU | GSN | PERF I Brand,25,31
164,2024-09-23,google / cpc,(not set),20,20
165,2024-09-23,google / cpc,HU | GSN | PERF I Brand 2,16,19
166,2024-09-23,google / cpc,HU | pMAX | PERF I Brand,10,10
167,2024-09-23,google / cpc,(organic),66,71
168,2024-09-23,(not set),(not set),5,7
169,2024-09-23,google / cpc,AT | GSN | PERF I Brand,5,6
170,2024-09-23,google / cpc,HU | GSN | PERF I Lokáció,6,6
171,2024-09-23,facebook / cpc,campaign_17,5,5
172,2024-09-23,google / cpc,AT | pMAX Hotel | PERF I Brand,4,4
173,2024-09-23,google / cpc,HU | GDN | ENGM I Programok '24,4,4
174,2024-09-23,m.facebook.com / referral,(referral),3,3
175,2024-09-23,redir.d-edgeconnect.media / referral,(referral),2,3
176,2024-09-23,bing / cpc,campaign_33,3,3
177,2024-09-23,google / cpc,campaign_21,3,3
178,2024-09-23,facebook / cpc,campaign_19,2,3
179,2024-09-23,instagram / cpc,campaign_24,3,3
180,2024-09-23,lm.facebook.com / referral,(referral),2,2
181,2024-09-23,wellcard.at / referral,(referral),2,2
182,2024-09-23,google / cpc,DE | pMAX Hotel | PERF I Brand,2,2
183,2024-09-23,google / cpc,campaign_27,2,2
184,2024-09-23,bing / cpc,HU | GSN | Brand 2024,2,2
185,2024-09-23,bing / organic,(organic),1,1
186,2024-09-23,yahoo / organic,(organic),1,1
187,2024-09-23,antispam.bubendorff.com / referral,(referral),1,1
188,2024-09-23,familypark.at / referral,(referral),1,1
189,2024-09-23,instagram.com / referral,(referral),1,1
190,2024-09-23,kereso.startlap.hu / referral,(referral),1,1
191,2024-09-23,l.instagram.com / referral,(referral),1,1
192,2024-09-23,thermengutscheine.at / referral,(referral),1,1
193,2024-09-23,google / cpc,AT | GSN | PERF | Lokáció,1,1
194,2024-09-23,facebook / cpc,campaign_18,49,50
195,2024-09-24,google / organic,(organic),37,38
196,2024-09-24,ajanlat / offline,proposal-by-phone,1,1
197,2024-09-24,(direct) / (none),(direct),33,35
198,2024-09-24,facebook / cpc,campaign_18,31,34
199,2024-09-24,google / cpc,(not set),19,22
200,2024-09-24,google / cpc,HU | GSN | PERF I Brand,19,22
201,2024-09-24,google / cpc,HU | GSN | PERF I Brand 2,13,15
202,2024-09-24,l.facebook.com / referral,(referral),10,10
203,2024-09-24,m.facebook.com / referral,(referral),10,10
204,2024-09-24,google / cpc,HU | pMAX | PERF I Brand,9,10
205,2024-09-24,bing / cpc,HU | GSN | Brand 2024,6,6
206,2024-09-24,google / cpc,HU | GSN | PERF I Lokáció,6,6
207,2024-09-24,facebook / cpc,campaign_17,5,5
208,2024-09-24,(not set),(not set),2,4
209,2024-09-24,google / cpc,AT | GSN | PERF I Brand,3,4
210,2024-09-24,lm.facebook.com / referral,(referral),3,3
211,2024-09-24,redir.d-edgeconnect.media / referral,(referral),3,3
212,2024-09-24,bing / organic,(organic),2,2
213,2024-09-24,bing / cpc,AT | GSN | Brand 2024,2,2
214,2024-09-24,google / cpc,AT | GSN | PERF | Lokáció,2,2
215,2024-09-24,google / cpc,DE | pMAX Hotel | PERF I Brand,1,2
216,2024-09-24,facebook / cpc,campaign_19,2,2
217,2024-09-24,hirlevel_s1,hirlevel_c1,2,2
218,2024-09-24,qwant.com / organic,(organic),1,1
219,2024-09-24,click.pstmrk.it / referral,(referral),1,1
220,2024-09-24,familypark.at / referral,(referral),1,1
221,2024-09-24,kereso.startlap.hu / referral,(referral),1,1
222,2024-09-24,privacywall.org / referral,(referral),1,1
223,2024-09-24,fb / paid,campaign_8,1,1
224,2024-09-24,google / cpc,AT | pMAX Hotel | PERF I Brand,1,1
225,2024-09-24,google / cpc,CZ | pMAX | PERF I Brand,1,1
226,2024-09-24,google / cpc,DE | GSN | PERF I Brand,1,1
227,2024-09-24,hirlevel / ct,campaign_3,1,1
228,2024-09-24,bing / cpc,campaign_33,1,1
229,2024-09-24,google / cpc,campaign_21,1,1
230,2024-09-24,google / cpc,campaign_23,1,1
231,2024-09-24,ajanlat / offline,campaign_2,1,1
232,2024-09-24,google / cpc,(organic),67,71
233,2024-09-25,facebook / cpc,campaign_17,5,5
234,2024-09-25,google / cpc,campaign_23,1,1
235,2024-09-25,(direct) / (none),(direct),39,46
236,2024-09-25,google / organic,(organic),26,27
237,2024-09-25,google / cpc,(not set),22,25
238,2024-09-25,google / cpc,HU | GSN | PERF I Brand,15,18
239,2024-09-25,l.facebook.com / referral,(referral),13,13
240,2024-09-25,google / cpc,HU | GSN | PERF I Brand 2,9,11
241,2024-09-25,google / cpc,HU | pMAX | PERF I Brand,9,10
242,2024-09-25,m.facebook.com / referral,(referral),7,7
243,2024-09-25,google / cpc,AT | GSN | PERF I Brand,4,7
244,2024-09-25,bing / organic,(organic),5,5
245,2024-09-25,google / cpc,(organic),75,83
246,2024-09-25,lm.facebook.com / referral,(referral),3,4
247,2024-09-25,google / cpc,DE | pMAX Hotel | PERF I Brand,3,3
248,2024-09-25,bing / cpc,HU | GSN | Brand 2024,3,3
249,2024-09-25,instagram / cpc,campaign_24,3,3
250,2024-09-25,(not set),(not set),1,2
251,2024-09-25,redir.d-edgeconnect.media / referral,(referral),2,2
252,2024-09-25,hirlevel / ct,campaign_13,1,2
253,2024-09-25,hirlevel / ct,campaign_3,2,2
254,2024-09-25,facebook / cpc,campaign_19,2,2
255,2024-09-25,ajanlat / offline,campaign_2,2,2
256,2024-09-25,(direct) / (none),(not set),1,1
257,2024-09-25,source_10,(referral),1,1
258,2024-09-25,thermenhotels.at / referral,(referral),1,1
259,2024-09-25,google / cpc,AT | GSN | PERF | Lokáció,1,1
260,2024-09-25,google / cpc,AT | pMAX Hotel | PERF I Brand,1,1
261,2024-09-25,google / cpc,CZ | pMAX | PERF I Brand,1,1
262,2024-09-25,google / cpc,campaign_21,1,1
263,2024-09-25,google / cpc,HU | GSN | PERF I Lokáció,1,1
264,2024-09-25,facebook / cpc,campaign_18,45,49
265,2024-09-26,google / cpc,campaign_21,1,1
266,2024-09-26,google / cpc,(organic),66,68
267,2024-09-26,google / organic,(organic),34,36
268,2024-09-26,(direct) / (none),(direct),27,27
269,2024-09-26,google / cpc,HU | GSN | PERF I Brand,21,24
270,2024-09-26,google / cpc,(not set),13,13
271,2024-09-26,l.facebook.com / referral,(referral),12,12
272,2024-09-26,google / cpc,HU | pMAX | PERF I Brand,9,9
273,2024-09-26,google / cpc,HU | GSN | PERF I Brand 2,6,6
274,2024-09-26,google / cpc,HU | GSN | PERF I Lokáció,3,5
275,2024-09-26,bing / organic,(organic),4,4
276,2024-09-26,google / cpc,AT | pMAX Hotel | PERF I Brand,4,4
277,2024-09-26,bing / cpc,campaign_33,4,4
278,2024-09-26,facebook / cpc,campaign_17,4,4
279,2024-09-26,(not set),(not set),2,3
280,2024-09-26,familypark.at / referral,(referral),2,2
281,2024-09-26,l.instagram.com / referral,(referral),2,2
282,2024-09-26,lm.facebook.com / referral,(referral),2,2
283,2024-09-26,m.facebook.com / referral,(referral),2,2
284,2024-09-26,redir.d-edgeconnect.media / referral,(referral),2,2
285,2024-09-26,google / cpc,AT | GSN | PERF | Lokáció,2,2
286,2024-09-26,google / cpc,DE | GSN | PERF I Brand,1,2
287,2024-09-26,instagram / cpc,campaign_24,1,2
288,2024-09-26,google / cpc,campaign_26,1,2
289,2024-09-26,ajanlat / offline,campaign_2,2,2
290,2024-09-26,ajanlat / offline,proposal-by-phone,2,2
291,2024-09-26,3ds.egcp.com / referral,(referral),1,1
292,2024-09-26,wellcard.at / referral,(referral),1,1
293,2024-09-26,zadir.hu / referral,(referral),1,1
294,2024-09-26,hirlevel / ct,campaign_3,1,1
295,2024-09-26,bing / cpc,HU | GSN | Brand 2024,1,1
296,2024-09-26,facebook / cpc,campaign_18,45,46
297,2024-09-27,bing / cpc,campaign_33,2,3
298,2024-09-27,facebook / cpc,campaign_19,1,1
299,2024-09-27,(direct) / (none),(direct),21,26
300,2024-09-27,google / organic,(organic),24,26
301,2024-09-27,google / cpc,HU | GSN | PERF I Brand 2,19,24
302,2024-09-27,google / cpc,HU | GSN | PERF I Brand,17,20
303,2024-09-27,google / cpc,HU | pMAX | PERF I Brand,15,15
304,2024-09-27,google / cpc,(not set),11,11
305,2024-09-27,l.facebook.com / referral,(referral),10,10
306,2024-09-27,m.facebook.com / referral,(referral),6,6
307,2024-09-27,google / cpc,AT | pMAX Hotel | PERF I Brand,4,6
308,2024-09-27,(not set),(not set),3,5
309,2024-09-27,facebook / cpc,campaign_17,5,5
310,2024-09-27,bing / organic,(organic),3,3
311,2024-09-27,familypark.at / referral,(referral),2,3
312,2024-09-27,google / cpc,(organic),50,57
313,2024-09-27,instagram / cpc,campaign_24,2,3
314,2024-09-27,l.instagram.com / referral,(referral),1,2
315,2024-09-27,redir.d-edgeconnect.media / referral,(referral),2,2
316,2024-09-27,google / cpc,CZ | pMAX | PERF I Brand,1,2
317,2024-09-27,google / cpc,DE | pMAX Hotel | PERF I Brand,2,2
318,2024-09-27,google / cpc,HU | GSN | PERF I Lokáció,2,2
319,2024-09-27,hirlevel_s1,hirlevel_c1,2,2
320,2024-09-27,duckduckgo / organic,(organic),1,1
321,2024-09-27,google / cpc,(referral),1,1
322,2024-09-27,lm.facebook.com / referral,(referral),1,1
323,2024-09-27,zadir.hu / referral,(referral),1,1
324,2024-09-27,bing / cpc,AT | GSN | Brand 2024,1,1
325,2024-09-27,google / cpc,AT | GSN | PERF I Brand,1,1
326,2024-09-27,google / cpc,AT | GSN | PERF | Lokáció,1,1
327,2024-09-27,google / cpc,CZ | GSN | PERF I Brand,1,1
328,2024-09-27,google / cpc,DE | GSN | PERF I Brand,1,1
329,2024-09-27,bing / cpc,HU | GSN | Brand 2024,1,1
330,2024-09-27,google / cpc,campaign_21,1,1
331,2024-09-27,facebook / cpc,campaign_18,37,39
332,2024-09-28,google / cpc,(organic),67,75
333,2024-09-28,(direct) / (none),(direct),32,36
334,2024-09-28,google / organic,(organic),33,35
335,2024-09-28,facebook / cpc,campaign_18,34,34
336,2024-09-28,google / cpc,HU | GSN | PERF I Brand,21,22
337,2024-09-28,google / cpc,HU | GSN | PERF I Brand 2,19,21
338,2024-09-28,google / cpc,(not set),17,17
339,2024-09-28,google / cpc,HU | pMAX | PERF I Brand,11,12
340,2024-09-28,google / cpc,AT | pMAX Hotel | PERF I Brand,8,8
341,2024-09-28,l.facebook.com / referral,(referral),7,7
342,2024-09-28,google / cpc,HU | GSN | PERF I Lokáció,6,7
343,2024-09-28,facebook / cpc,campaign_19,7,7
344,2024-09-28,instagram / cpc,campaign_24,5,5
345,2024-09-28,redir.d-edgeconnect.media / referral,(referral),4,4
346,2024-09-28,google / cpc,AT | GSN | PERF I Brand,2,3
347,2024-09-28,facebook / cpc,campaign_17,3,3
348,2024-09-28,bing / organic,(organic),2,2
349,2024-09-28,l.instagram.com / referral,(referral),2,2
350,2024-09-28,m.facebook.com / referral,(referral),2,2
351,2024-09-28,(not set),(not set),1,1
352,2024-09-28,duckduckgo / organic,(organic),1,1
353,2024-09-28,google / cpc,AT | GSN | PERF | Lokáció,1,1
354,2024-09-28,google / cpc,DE | GSN | PERF I Brand,1,1
355,2024-09-28,google / cpc,DE | pMAX Hotel | PERF I Brand,1,1
356,2024-09-28,bing / cpc,campaign_33,1,1
357,2024-09-28,facebook / cpc,campaign_20,1,1
358,2024-09-28,hirlevel_s1,hirlevel_c1,1,1
359,2024-09-29,google / organic,(organic),33,34
360,2024-09-29,hirlevel_s1,hirlevel_c1,1,1
361,2024-09-29,google / cpc,HU | GSN | PERF I Brand,33,35
362,2024-09-29,google / cpc,(organic),61,64
363,2024-09-29,facebook / cpc,campaign_18,29,30
364,2024-09-29,google / cpc,(not set),17,18
365,2024-09-29,google / cpc,HU | pMAX | PERF I Brand,17,18
366,2024-09-29,google / cpc,HU | GSN | PERF I Brand 2,9,10
367,2024-09-29,facebook / cpc,campaign_19,8,10
368,2024-09-29,google / cpc,HU | GSN | PERF I Lokáció,7,9
369,2024-09-29,l.facebook.com / referral,(referral),8,8
370,2024-09-29,facebook / cpc,campaign_17,5,5
371,2024-09-29,m.facebook.com / referral,(referral),4,4
372,2024-09-29,wellcard.at / referral,(referral),2,4
373,2024-09-29,google / cpc,AT | GSN | PERF I Brand,2,4
374,2024-09-29,google / cpc,AT | pMAX Hotel | PERF I Brand,4,4
375,2024-09-29,bing / organic,(organic),3,3
376,2024-09-29,l.instagram.com / referral,(referral),3,3
377,2024-09-29,instagram / cpc,campaign_24,3,3
378,2024-09-29,(not set),(not set),1,2
379,2024-09-29,familypark.at / referral,(referral),2,2
380,2024-09-29,lm.facebook.com / referral,(referral),2,2
381,2024-09-29,hirlevel / ct,campaign_3,2,2
382,2024-09-29,bing / cpc,campaign_33,2,2
383,2024-09-29,google / cpc,campaign_21,2,2
384,2024-09-29,redir.d-edgeconnect.media / referral,(referral),1,1
385,2024-09-29,youtube.com / referral,(referral),1,1
386,2024-09-29,bing / cpc,AT | GSN | Brand 2024,1,1
387,2024-09-29,google / cpc,DE | GSN | PERF I Lokáció,1,1
388,2024-09-29,google / cpc,DE | pMAX Hotel | PERF I Brand,1,1
389,2024-09-29,google / cpc,campaign_23,1,1
390,2024-09-29,(direct) / (none),(direct),33,36
391,2024-09-30,google / cpc,campaign_21,1,1
392,2024-09-30,email / offline,proposal-by-phone,1,1
393,2024-09-30,google / cpc,HU | GSN | PERF I Brand,27,31
394,2024-09-30,(direct) / (none),(direct),28,30
395,2024-09-30,google / cpc,(not set),17,17
396,2024-09-30,facebook / cpc,campaign_18,14,15
397,2024-09-30,google / cpc,HU | GSN | PERF I Lokáció,9,10
398,2024-09-30,(not set),(not set),4,7
399,2024-09-30,google / cpc,HU | GSN | PERF I Brand 2,6,7
400,2024-09-30,google / cpc,HU | pMAX | PERF I Brand,6,6
401,2024-09-30,google / cpc,AT | pMAX Hotel | PERF I Brand,5,5
402,2024-09-30,google / cpc,AT | GSN | PERF I Brand,4,4
403,2024-09-30,redir.d-edgeconnect.media / referral,(referral),2,3
404,2024-09-30,bing / organic,(organic),2,2
405,2024-09-30,familypark.at / referral,(referral),2,2
406,2024-09-30,google / cpc,(referral),1,2
407,2024-09-30,l.facebook.com / referral,(referral),2,2
408,2024-09-30,m.facebook.com / referral,(referral),2,2
409,2024-09-30,wellcard.at / referral,(referral),1,2
410,2024-09-30,bing / cpc,campaign_33,2,2
411,2024-09-30,bing / cpc,HU | GSN | Brand 2024,2,2
412,2024-09-30,facebook / cpc,campaign_19,2,2
413,2024-09-30,facebook / cpc,campaign_17,2,2
414,2024-09-30,phone / offline,proposal-by-phone,2,2
415,2024-09-30,connexservice.com / referral,(referral),1,1
416,2024-09-30,glamour.hu / referral,(referral),1,1
417,2024-09-30,kereso.startlap.hu / referral,(referral),1,1
418,2024-09-30,mail.google.com / referral,(referral),1,1
419,2024-09-30,padlet.com / referral,(referral),0,1
420,2024-09-30,thermengutscheine.at / referral,(referral),1,1
421,2024-09-30,zadir.hu / referral,(referral),1,1
422,2024-09-30,google / cpc,AT | GSN | PERF | Lokáció,1,1
423,2024-09-30,google / cpc,CZ | GSN | PERF I Brand,1,1
424,2024-09-30,google / cpc,CZ | pMAX | PERF I Brand,1,1
425,2024-09-30,google / cpc,(organic),59,61
426,2024-09-30,hirlevel_s1,hirlevel_c1,0,1
427,2024-09-30,ajanlat / email,campaign_7,1,1
428,2024-09-30,ajanlat / offline,campaign_2,1,1
429,2024-09-30,google / organic,(organic),26,33
430,2024-10-01,facebook / cpc,campaign_17,5,5
431,2024-10-01,loyalty / email,loyalty-email,1,1
432,2024-10-01,(direct) / (none),(direct),27,30
433,2024-10-01,google / cpc,(not set),19,20
434,2024-10-01,google / cpc,HU | GSN | PERF I Brand 2,18,20
435,2024-10-01,google / cpc,HU | pMAX | PERF I Brand,16,16
436,2024-10-01,google / cpc,HU | GSN | PERF I Brand,12,14
437,2024-10-01,(not set),(not set),7,12
438,2024-10-01,google / cpc,HU | GSN | PERF I Lokáció,7,7
439,2024-10-01,google / cpc,AT | GSN | PERF I Brand,4,5
440,2024-10-01,google / cpc,AT | pMAX Hotel | PERF I Brand,5,5
441,2024-10-01,google / cpc,(organic),66,71
442,2024-10-01,m.facebook.com / referral,(referral),3,4
443,2024-10-01,ajanlat / offline,campaign_2,2,4
444,2024-10-01,google / cpc,AT | GSN | PERF | Lokáció,3,3
445,2024-10-01,bing / cpc,campaign_10,3,3
446,2024-10-01,google / cpc,campaign_21,3,3
447,2024-10-01,l.facebook.com / referral,(referral),2,2
448,2024-10-01,mail.google.com / referral,(referral),1,2
449,2024-10-01,redir.d-edgeconnect.media / referral,(referral),2,2
450,2024-10-01,wellcard.at / referral,(referral),2,2
451,2024-10-01,bing / cpc,campaign_33,2,2
452,2024-10-01,facebook / cpc,campaign_19,2,2
453,2024-10-01,bing / organic,(organic),1,1
454,2024-10-01,duckduckgo / organic,(organic),1,1
455,2024-10-01,app.optimonk.com / referral,(referral),1,1
456,2024-10-01,familypark.at / referral,(referral),1,1
457,2024-10-01,kereso.startlap.hu / referral,(referral),1,1
458,2024-10-01,thermengutscheine.at / referral,(referral),1,1
459,2024-10-01,hirlevel / ct,campaign_3,1,1
460,2024-10-01,facebook / cpc,campaign_18,0,1
461,2024-10-01,instagram / cpc,campaign_24,1,1
462,2024-10-01,google / organic,(organic),38,41
463,2024-10-02,google / cpc,(organic),70,78
464,2024-10-02,(direct) / (none),(direct),35,41
465,2024-10-02,google / organic,(organic),37,38
466,2024-10-02,google / cpc,HU | GSN | PERF I Brand,18,20
467,2024-10-02,google / cpc,HU | GSN | PERF I Brand 2,14,18
468,2024-10-02,google / cpc,HU | pMAX | PERF I Brand,13,16
469,2024-10-02,google / cpc,(not set),9,9
470,2024-10-02,google / cpc,HU | GSN | PERF I Lokáció,8,9
471,2024-10-02,facebook / cpc,campaign_19,9,9
472,2024-10-02,facebook / cpc,campaign_17,8,8
473,2024-10-02,google / cpc,AT | pMAX Hotel | PERF I Brand,3,5
474,2024-10-02,(not set),(not set),3,4
475,2024-10-02,m.facebook.com / referral,(referral),3,3
476,2024-10-02,redir.d-edgeconnect.media / referral,(referral),3,3
477,2024-10-02,google / cpc,campaign_21,3,3
478,2024-10-02,bing / cpc,HU | PERF | Brand,3,3
479,2024-10-02,l.facebook.com / referral,(referral),2,2
480,2024-10-02,google / cpc,AT | GSN | PERF I Brand,2,2
481,2024-10-02,source_18,(referral),1,1
482,2024-10-02,mail.google.com / referral,(referral),1,1
483,2024-10-02,thermengutscheine.at / referral,(referral),1,1
484,2024-10-02,source_1,(referral),1,1
485,2024-10-02,wellcard.at / referral,(referral),1,1
486,2024-10-02,google / cpc,AT | GSN | PERF | Lokáció,1,1
487,2024-10-02,google / cpc,DE | pMAX Hotel | PERF I Brand,1,1
488,2024-10-02,bing / cpc,campaign_10,1,1
489,2024-10-02,facebook / cpc,campaign_18,0,1
490,2024-10-02,google / cpc,campaign_23,1,1
491,2024-10-03,google / cpc,AT | pMAX Hotel | PERF I Brand,8,8
492,2024-10-03,(direct) / (none),(direct),33,35
493,2024-10-03,google / organic,(organic),31,34
494,2024-10-03,google / cpc,HU | GSN | PERF I Brand,30,32
495,2024-10-03,google / cpc,(not set),21,22
496,2024-10-03,google / cpc,HU | pMAX | PERF I Brand,16,20
497,2024-10-03,google / cpc,HU | GSN | PERF I Brand 2,8,12
498,2024-10-03,google / cpc,HU | GSN | PERF I Lokáció,10,11
499,2024-10-03,google / cpc,(organic),64,70
500,2024-10-03,facebook / cpc,campaign_17,5,5
501,2024-10-03,m.facebook.com / referral,(referral),3,4
502,2024-10-03,(not set),(not set),3,3
503,2024-10-03,redir.d-edgeconnect.media / referral,(referral),3,3
504,2024-10-03,google / cpc,AT | GSN | PERF I Brand,3,3
505,2024-10-03,facebook / cpc,campaign_19,3,3
506,2024-10-03,familypark.at / referral,(referral),2,2
507,2024-10-03,l.facebook.com / referral,(referral),2,2
508,2024-10-03,google / cpc,DE | GSN | PERF I Brand,2,2
509,2024-10-03,bing / organic,(organic),1,1
510,2024-10-03,lm.facebook.com / referral,(referral),1,1
511,2024-10-03,source_1,(referral),1,1
512,2024-10-03,wellcard.at / referral,(referral),1,1
513,2024-10-03,google / cpc,AT | GSN | PERF | Lokáció,1,1
514,2024-10-03,bing / cpc,AT | PERF | Brand,1,1
515,2024-10-03,google / cpc,CZ | pMAX | PERF I Brand,1,1
516,2024-10-03,google / cpc,DE | pMAX Hotel | PERF I Brand,1,1
517,2024-10-03,bing / cpc,HU | PERF | Brand,1,1
518,2024-10-03,facebook / cpc,campaign_18,1,1
519,2024-10-03,google / cpc,campaign_23,1,1
520,2024-10-04,google / cpc,(organic),63,72
521,2024-10-04,(direct) / (none),(direct),36,36
522,2024-10-04,google / organic,(organic),35,36
523,2024-10-04,google / cpc,HU | GSN | PERF I Brand,20,22
524,2024-10-04,google / cpc,(not set),15,16
525,2024-10-04,google / cpc,HU | pMAX | PERF I Brand,15,15
526,2024-10-04,google / cpc,HU | GSN | PERF I Brand 2,10,11
527,2024-10-04,redir.d-edgeconnect.media / referral,(referral),5,5
528,2024-10-04,google / cpc,AT | pMAX Hotel | PERF I Brand,4,4
529,2024-10-04,google / cpc,HU | GSN | PERF I Lokáció,3,4
530,2024-10-04,facebook / cpc,campaign_17,4,4
531,2024-10-04,google / cpc,CZ | pMAX | PERF I Brand,3,3
532,2024-10-04,google / cpc,campaign_21,3,3
533,2024-10-04,facebook / cpc,campaign_19,3,3
534,2024-10-04,(not set),(not set),1,2
535,2024-10-04,google / cpc,(referral),0,2
536,2024-10-04,google / cpc,AT | GSN | PERF I Brand,2,2
537,2024-10-04,google / cpc,AT | GSN | PERF | Lokáció,2,2
538,2024-10-04,bing / organic,(organic),1,1
539,2024-10-04,l.facebook.com / referral,(referral),1,1
540,2024-10-04,m.facebook.com / referral,(referral),1,1
541,2024-10-04,thermengutscheine.at / referral,(referral),1,1
542,2024-10-04,hirlevel / ct,campaign_3,1,1
543,2024-10-04,bing / cpc,campaign_10,1,1
544,2024-10-04,bing / cpc,HU | PERF | Brand,1,1
545,2024-10-04,google / cpc,campaign_23,1,1
546,2024-10-04,hirlevel_s1,hirlevel_c1,1,1
547,2024-10-05,google / cpc,(organic),72,80
548,2024-10-05,(direct) / (none),(direct),33,39
549,2024-10-05,google / organic,(organic),34,39
550,2024-10-05,google / cpc,HU | GSN | PERF I Brand,26,27
551,2024-10-05,google / cpc,(not set),18,18
552,2024-10-05,google / cpc,HU | pMAX | PERF I Brand,12,13
553,2024-10-05,google / cpc,HU | GSN | PERF I Lokáció,11,11
554,2024-10-05,google / cpc,HU | GSN | PERF I Brand 2,7,10
555,2024-10-05,facebook / cpc,campaign_17,6,7
556,2024-10-05,l.facebook.com / referral,(referral),3,3
557,2024-10-05,google / cpc,AT | GSN | PERF I Brand,3,3
558,2024-10-05,google / cpc,AT | pMAX Hotel | PERF I Brand,3,3
559,2024-10-05,(not set),(not set),0,1
560,2024-10-05,bing / organic,(organic),1,1
561,2024-10-05,kapu.hu / referral,(referral),1,1
562,2024-10-05,l.messenger.com / referral,(referral),1,1
563,2024-10-05,m.facebook.com / referral,(referral),1,1
564,2024-10-05,redir.d-edgeconnect.media / referral,(referral),1,1
565,2024-10-05,source_12,(referral),1,1
566,2024-10-05,wellcard.at / referral,(referral),1,1
567,2024-10-05,google / cpc,CZ | pMAX | PERF I Brand,1,1
568,2024-10-05,google / cpc,DE | pMAX Hotel | PERF I Brand,1,1
569,2024-10-05,hirlevel / ct,campaign_3,1,1
570,2024-10-05,google / cpc,campaign_21,1,1
571,2024-10-05,bing / cpc,HU | PERF | Brand,1,1
572,2024-10-05,facebook / cpc,campaign_18,0,1
573,2024-10-05,facebook / cpc,campaign_19,1,1
574,2024-10-06,google / cpc,(organic),98,110
575,2024-10-06,google / organic,(organic),41,44
576,2024-10-06,google / cpc,HU | GSN | PERF I Brand,33,39
577,2024-10-06,(direct) / (none),(direct),32,34
578,2024-10-06,google / cpc,(not set),23,27
579,2024-10-06,google / cpc,HU | GSN | PERF I Brand 2,16,18
580,2024-10-06,google / cpc,HU | pMAX | PERF I Brand,15,17
581,2024-10-06,google / cpc,HU | GSN | PERF I Lokáció,12,12
582,2024-10-06,facebook / cpc,campaign_17,7,7
583,2024-10-06,(not set),(not set),5,6
584,2024-10-06,l.facebook.com / referral,(referral),4,4
585,2024-10-06,google / cpc,AT | GSN | PERF | Lokáció,4,4
586,2024-10-06,facebook / cpc,campaign_19,3,4
587,2024-10-06,google / cpc,campaign_21,3,3
588,2024-10-06,bing / cpc,HU | PERF | Brand,3,3
589,2024-10-06,bing / organic,(organic),2,2
590,2024-10-06,google / cpc,(referral),2,2
591,2024-10-06,redir.d-edgeconnect.media / referral,(referral),2,2
592,2024-10-06,google / cpc,DE | pMAX Hotel | PERF I Brand,2,2
593,2024-10-06,bing / cpc,campaign_10,2,2
594,2024-10-06,familypark.at / referral,(referral),1,1
595,2024-10-06,instagram.com / referral,(referral),1,1
596,2024-10-06,wellcard.at / referral,(referral),1,1
597,2024-10-06,google / cpc,AT | GSN | PERF I Brand,1,1
598,2024-10-06,google / cpc,AT | pMAX Hotel | PERF I Brand,1,1
599,2024-10-06,google / cpc,CZ | pMAX | PERF I Brand,1,1
600,2024-10-06,instagram / cpc,campaign_24,1,1
601,2024-10-06,google / cpc,campaign_23,1,1
602,2024-10-07,facebook / cpc,campaign_19,6,6
603,2024-10-07,google / organic,(organic),55,59
604,2024-10-07,google / cpc,HU | GSN | PERF I Brand,35,42
605,2024-10-07,(direct) / (none),(direct),36,39
606,2024-10-07,google / cpc,HU | pMAX | PERF I Brand,21,25
607,2024-10-07,google / cpc,HU | GSN | PERF I Brand 2,14,17
608,2024-10-07,google / cpc,(not set),15,16
609,2024-10-07,facebook / cpc,campaign_17,10,10
610,2024-10-07,redir.d-edgeconnect.media / referral,(referral),5,9
611,2024-10-07,google / cpc,(organic),95,106
612,2024-10-07,bing / organic,(organic),4,5
613,2024-10-07,google / cpc,AT | pMAX Hotel | PERF I Brand,5,5
614,2024-10-07,google / cpc,AT | GSN | PERF I Brand,4,4
615,2024-10-07,bing / cpc,HU | PERF | Brand,4,4
616,2024-10-07,(not set),(not set),1,3
617,2024-10-07,bing / cpc,campaign_10,3,3
618,2024-10-07,m.facebook.com / referral,(referral),2,2
619,2024-10-07,wellcard.at / referral,(referral),2,2
620,2024-10-07,google / cpc,DE | pMAX Hotel | PERF I Brand,2,2
621,2024-10-07,google / cpc,HU | GSN | PERF I Lokáció,2,2
622,2024-10-07,phone / offline,proposal-by-phone,1,2
623,2024-10-07,google / cpc,(not+set),1,1
624,2024-10-07,familypark.at / referral,(referral),1,1
625,2024-10-07,glamour.hu / referral,(referral),1,1
626,2024-10-07,google / cpc,AT | GSN | PERF | Lokáció,1,1
627,2024-10-07,google / cpc,CZ | GSN | PERF I Brand,1,1
628,2024-10-07,google / cpc,CZ | pMAX | PERF I Brand,1,1
629,2024-10-07,hirlevel / ct,campaign_3,1,1
630,2024-10-07,bing / cpc,HU | GSN | Brand 2024,1,1
631,2024-10-07,google / cpc,HU | pMAX | Csomag,1,1
632,2024-10-07,facebook / cpc,campaign_18,1,1
633,2024-10-07,ajanlat / offline,campaign_2,1,1
634,2024-10-08,google / cpc,(organic),89,104
635,2024-10-08,google / cpc,HU | GSN | PERF I Brand,41,47
636,2024-10-08,(direct) / (none),(direct),35,38
637,2024-10-08,google / organic,(organic),31,37
638,2024-10-08,google / cpc,HU | GSN | PERF I Brand 2,18,22
639,2024-10-08,google / cpc,(not set),19,19
640,2024-10-08,google / cpc,HU | pMAX | PERF I Brand,15,19
641,2024-10-08,google / cpc,AT | pMAX Hotel | PERF I Brand,8,9
642,2024-10-08,facebook / cpc,campaign_17,7,7
643,2024-10-08,google / cpc,HU | GSN | PERF I Lokáció,6,6
644,2024-10-08,m.facebook.com / referral,(referral),4,5
645,2024-10-08,google / cpc,AT | GSN | PERF I Brand,4,5
646,2024-10-08,bing / organic,(organic),4,4
647,2024-10-08,redir.d-edgeconnect.media / referral,(referral),4,4
648,2024-10-08,bing / cpc,AT | PERF | Brand,3,4
649,2024-10-08,bing / cpc,campaign_10,3,4
650,2024-10-08,bing / cpc,HU | PERF | Brand,4,4
651,2024-10-08,(not set),(not set),3,3
652,2024-10-08,google / cpc,CZ | GSN | PERF I Brand,2,3
653,2024-10-08,google / cpc,campaign_21,3,3
654,2024-10-08,facebook / cpc,campaign_19,3,3
655,2024-10-08,google / cpc,campaign_23,2,3
656,2024-10-08,familypark.at / referral,(referral),2,2
657,2024-10-08,wellcard.at / referral,(referral),2,2
658,2024-10-08,ajanlat / offline,campaign_2,1,2
659,2024-10-08,economica.net / referral,(referral),1,1
660,2024-10-08,l.facebook.com / referral,(referral),1,1
661,2024-10-08,l.instagram.com / referral,(referral),1,1
662,2024-10-08,zadir.hu / referral,(referral),1,1
663,2024-10-08,google / cpc,AT | GSN | PERF | Lokáció,1,1
664,2024-10-08,facebook / cpc,campaign_18,1,1
665,2024-10-08,facebook / cpc,campaign_20,1,1
666,2024-10-09,google / cpc,(organic),105,119
667,2024-10-09,google / cpc,HU | GSN | PERF I Brand,46,60
668,2024-10-09,google / organic,(organic),41,43
669,2024-10-09,(direct) / (none),(direct),33,35
670,2024-10-09,google / cpc,HU | GSN | PERF I Brand 2,19,21
671,2024-10-09,google / cpc,HU | pMAX | PERF I Brand,17,19
672,2024-10-09,google / cpc,(not set),11,13
673,2024-10-09,facebook / cpc,campaign_17,9,12
674,2024-10-09,google / cpc,AT | pMAX Hotel | PERF I Brand,6,7
675,2024-10-09,(not set),(not set),3,6
676,2024-10-09,bing / organic,(organic),5,6
677,2024-10-09,facebook / cpc,campaign_19,5,5
678,2024-10-09,l.facebook.com / referral,(referral),4,4
679,2024-10-09,redir.d-edgeconnect.media / referral,(referral),4,4
680,2024-10-09,familypark.at / referral,(referral),1,2
681,2024-10-09,l.instagram.com / referral,(referral),2,2
682,2024-10-09,google / cpc,DE | pMAX Hotel | PERF I Brand,2,2
683,2024-10-09,bing / cpc,campaign_33,2,2
684,2024-10-09,hirlevel / ct,hirlevel_c2,2,2
685,2024-10-09,m.facebook.com / referral,(referral),1,1
686,2024-10-09,google / cpc,AT | GSN | PERF I Brand,1,1
687,2024-10-09,bing / cpc,AT | PERF | Brand,1,1
688,2024-10-09,google / cpc,CZ | pMAX | PERF I Brand,1,1
689,2024-10-09,bing / cpc,HU | PERF | Brand,1,1
690,2024-10-09,google / cpc,campaign_23,1,1
691,2024-10-09,ajanlat / offline,campaign_2,0,1
692,2024-10-09,phone / offline,proposal-by-phone,1,1
693,2024-10-10,google / cpc,(organic),159,185
694,2024-10-10,(direct) / (none),(direct),77,93
695,2024-10-10,google / cpc,HU | GSN | PERF I Brand,76,88
696,2024-10-10,google / organic,(organic),64,68
697,2024-10-10,hirlevel / ct,hirlevel_c3,56,57
698,2024-10-10,google / cpc,HU | pMAX | PERF I Brand,28,35
699,2024-10-10,google / cpc,(not set),25,25
700,2024-10-10,google / cpc,HU | GSN | PERF I Brand 2,19,23
701,2024-10-10,bing / organic,(organic),7,10
702,2024-10-10,bing / cpc,HU | PERF | Brand,5,8
703,2024-10-10,facebook / cpc,campaign_19,8,8
704,2024-10-10,(not set),(not set),5,7
705,2024-10-10,facebook / cpc,campaign_17,7,7
706,2024-10-10,l.facebook.com / referral,(referral),5,6
707,2024-10-10,google / cpc,AT | GSN | PERF I Brand,4,5
708,2024-10-10,google / cpc,AT | pMAX Hotel | PERF I Brand,5,5
709,2024-10-10,m.facebook.com / referral,(referral),4,4
710,2024-10-10,redir.d-edgeconnect.media / referral,(referral),4,4
711,2024-10-10,google / cpc,campaign_23,2,4
712,2024-10-10,facebook / cpc,campaign_18,3,3
713,2024-10-10,hirlevel_s1,hirlevel_c1,3,3
714,2024-10-10,kapu.hu / referral,(referral),2,2
715,2024-10-10,google / cpc,AT | GSN | PERF | Lokáció,2,2
716,2024-10-10,google / cpc,HU | GSN | PERF I Lokáció,2,2
717,2024-10-10,(not set) / ct,feliratkozas_en,2,2
718,2024-10-10,duckduckgo / organic,(organic),1,1
719,2024-10-10,app.asana.com / referral,(referral),1,1
720,2024-10-10,source_14,(referral),1,1
721,2024-10-10,familypark.at / referral,(referral),1,1
722,2024-10-10,glamour.hu / referral,(referral),1,1
723,2024-10-10,lm.facebook.com / referral,(referral),1,1
724,2024-10-10,mail.google.com / referral,(referral),1,1
725,2024-10-10,wellcard.at / referral,(referral),1,1
726,2024-10-10,hirlevel / ct,campaign_3,1,1
727,2024-10-10,google / cpc,campaign_21,1,1
728,2024-10-10,instagram / cpc,campaign_24,1,1
729,2024-10-10,hirlevel / ct,feliratkozas_en,1,1
730,2024-10-11,l.facebook.com / referral,(referral),4,5
731,2024-10-11,ajanlat / offline,campaign_2,1,1
732,2024-10-11,(direct) / (none),(direct),53,56
733,2024-10-11,google / cpc,HU | GSN | PERF I Brand,42,44
734,2024-10-11,google / cpc,HU | pMAX | PERF I Brand,23,26
735,2024-10-11,hirlevel / ct,hirlevel_c3,24,26
736,2024-10-11,google / cpc,(not set),20,22
737,2024-10-11,(not set),(not set),10,11
738,2024-10-11,google / cpc,HU | GSN | PERF I Brand 2,7,10
739,2024-10-11,bing / organic,(organic),7,9
740,2024-10-11,facebook / cpc,campaign_17,8,8
741,2024-10-11,google / cpc,HU | GSN | PERF I Lokáció,7,7
742,2024-10-11,facebook / cpc,campaign_19,7,7
743,2024-10-11,redir.d-edgeconnect.media / referral,(referral),6,6
744,2024-10-11,bing / cpc,HU | PERF | Brand,5,6
745,2024-10-11,google / cpc,(organic),131,143
746,2024-10-11,m.facebook.com / referral,(referral),4,5
747,2024-10-11,google / cpc,AT | pMAX Hotel | PERF I Brand,4,5
748,2024-10-11,google / cpc,DE | pMAX Hotel | PERF I Brand,4,5
749,2024-10-11,facebook / cpc,campaign_18,4,4
750,2024-10-11,mail.yahoo.com / referral,(referral),2,3
751,2024-10-11,google / cpc,AT | GSN | PERF | Lokáció,3,3
752,2024-10-11,instagram / cpc,campaign_24,3,3
753,2024-10-11,lm.facebook.com / referral,(referral),2,2
754,2024-10-11,google / cpc,AT | GSN | PERF I Brand,2,2
755,2024-10-11,google / cpc,campaign_23,2,2
756,2024-10-11,hirlevel_s1,hirlevel_c1,2,2
757,2024-10-11,familypark.at / referral,(referral),1,1
758,2024-10-11,glamour.hu / referral,(referral),1,1
759,2024-10-11,mail.google.com / referral,(referral),1,1
760,2024-10-11,source_15,(referral),1,1
761,2024-10-11,wellcard.at / referral,(referral),1,1
762,2024-10-11,bing / cpc,AT | PERF | Brand,1,1
763,2024-10-11,google / cpc,CZ | pMAX | PERF I Brand,1,1
764,2024-10-11,google / cpc,DE | GSN | PERF I Lokáció,1,1
765,2024-10-11,hirlevel / ct,campaign_3,1,1
766,2024-10-11,bing / cpc,campaign_10,1,1
767,2024-10-11,hirlevel / ct,hirlevel_c2,1,1
768,2024-10-11,loyalty / email,loyalty-email,1,1
769,2024-10-11,google / organic,(organic),65,68
770,2024-10-12,bing / cpc,HU | PERF | Brand,5,6
771,2024-10-12,google / organic,(organic),61,64
772,2024-10-12,google / cpc,HU | GSN | PERF I Brand,46,54
773,2024-10-12,(direct) / (none),(direct),45,47
774,2024-10-12,google / cpc,HU | pMAX | PERF I Brand,23,23
775,2024-10-12,google / cpc,HU | GSN | PERF I Brand 2,12,17
776,2024-10-12,google / cpc,(not set),12,12
777,2024-10-12,(not set),(not set),9,11
778,2024-10-12,google / cpc,HU | GSN | PERF I Lokáció,8,8
779,2024-10-12,l.facebook.com / referral,(referral),7,7
780,2024-10-12,bing / organic,(organic),5,6
781,2024-10-12,google / cpc,(organic),111,124
782,2024-10-12,hirlevel / ct,hirlevel_c3,6,6
783,2024-10-12,google / cpc,AT | GSN | PERF I Brand,4,5
784,2024-10-12,facebook / cpc,campaign_19,5,5
785,2024-10-12,facebook / cpc,campaign_18,4,4
786,2024-10-12,facebook / cpc,campaign_17,4,4
787,2024-10-12,glamour.hu / referral,(referral),1,2
788,2024-10-12,l.instagram.com / referral,(referral),2,2
789,2024-10-12,m.facebook.com / referral,(referral),2,2
790,2024-10-12,google / cpc,AT | pMAX Hotel | PERF I Brand,2,2
791,2024-10-12,google / cpc,CZ | pMAX | PERF I Brand,2,2
792,2024-10-12,google / cpc,campaign_23,2,2
793,2024-10-12,hirlevel_s1,hirlevel_c1,1,2
794,2024-10-12,duckduckgo / organic,(organic),0,1
795,2024-10-12,redir.d-edgeconnect.media / referral,(referral),1,1
796,2024-10-12,thermengutscheine.at / referral,(referral),1,1
797,2024-10-12,google / cpc,DE | GSN | PERF I Brand,1,1
798,2024-10-12,google / cpc,DE | pMAX Hotel | PERF I Brand,1,1
799,2024-10-12,hirlevel / ct,campaign_13,1,1
800,2024-10-12,instagram / cpc,campaign_24,1,1
801,2024-10-13,google / cpc,(organic),155,190
802,2024-10-13,google / cpc,HU | GSN | PERF I Brand,78,90
803,2024-10-13,(direct) / (none),(direct),62,67
804,2024-10-13,google / organic,(organic),58,67
805,2024-10-13,google / cpc,(not set),27,29
806,2024-10-13,google / cpc,HU | GSN | PERF I Brand 2,20,25
807,2024-10-13,google / cpc,HU | pMAX | PERF I Brand,19,24
808,2024-10-13,facebook / cpc,campaign_17,12,13
809,2024-10-13,facebook / cpc,campaign_18,11,11
810,2024-10-13,(not set),(not set),9,10
811,2024-10-13,facebook / cpc,campaign_19,10,10
812,2024-10-13,google / cpc,AT | pMAX Hotel | PERF I Brand,7,7
813,2024-10-13,google / cpc,HU | GSN | PERF I Lokáció,6,6
814,2024-10-13,bing / cpc,HU | PERF | Brand,6,6
815,2024-10-13,hirlevel / ct,hirlevel_c3,6,6
816,2024-10-13,bing / organic,(organic),4,4
817,2024-10-13,l.facebook.com / referral,(referral),4,4
818,2024-10-13,familypark.at / referral,(referral),2,3
819,2024-10-13,emea.search.yahoo.com / referral,(referral),1,1
820,2024-10-13,google / cpc,(referral),1,1
821,2024-10-13,google / cpc,AT | GSN | PERF I Brand,1,1
822,2024-10-13,google / cpc,CZ | GSN | PERF I Brand,1,1
823,2024-10-13,google / cpc,DE | pMAX Hotel | PERF I Brand,1,1
824,2024-10-13,bing / cpc,campaign_10,1,1
825,2024-10-13,google / cpc,campaign_21,1,1
826,2024-10-13,instagram / cpc,campaign_24,1,1
827,2024-10-13,google / cpc,campaign_23,1,1
828,2024-10-13,hirlevel_s1,hirlevel_c1,1,1
829,2024-10-13,ajanlat / email,campaign_7,1,1
830,2024-10-13,ajanlat / offline,campaign_2,1,1
831,2024-10-13,phone / offline,proposal-by-phone,0,1
832,2024-10-14,ajanlat / email,campaign_7,1,1
833,2024-10-14,ajanlat / offline,proposal-by-phone,1,1
834,2024-10-14,google / organic,(organic),33,36
835,2024-10-14,google / cpc,HU | GSN | PERF I Brand,30,31
836,2024-10-14,google / cpc,HU | pMAX | PERF I Brand,21,22
837,2024-10-14,google / cpc,HU | GSN | PERF I Brand 2,9,13
838,2024-10-14,facebook / cpc,campaign_17,11,13
839,2024-10-14,google / cpc,(not set),12,12
840,2024-10-14,google / cpc,HU | GSN | PERF I Lokáció,8,8
841,2024-10-14,google / cpc,AT | GSN | PERF | Lokáció,4,5
842,2024-10-14,google / cpc,AT | pMAX Hotel | PERF I Brand,5,5
843,2024-10-14,facebook / cpc,campaign_19,5,5
844,2024-10-14,hirlevel / ct,hirlevel_c3,5,5
845,2024-10-14,bing / organic,(organic),4,4
846,2024-10-14,l.facebook.com / referral,(referral),4,4
847,2024-10-14,google / cpc,AT | GSN | PERF I Brand,4,4
848,2024-10-14,hirlevel / ct,feliratkozas_hu,3,4
849,2024-10-14,(not set),(not set),2,3
850,2024-10-14,facebook / cpc,campaign_18,3,3
851,2024-10-14,m.facebook.com / referral,(referral),2,2
852,2024-10-14,bing / cpc,HU | PERF | Brand,2,2
853,2024-10-14,(direct) / (none),(not set),1,1
854,2024-10-14,app.asana.com / referral,(referral),1,1
855,2024-10-14,familypark.at / referral,(referral),1,1
856,2024-10-14,redir.d-edgeconnect.media / referral,(referral),1,1
857,2024-10-14,thermenhotels.at / referral,(referral),1,1
858,2024-10-14,wellcard.at / referral,(referral),1,1
859,2024-10-14,google / cpc,DE | pMAX Hotel | PERF I Brand,1,1
860,2024-10-14,google / cpc,campaign_21,1,1
861,2024-10-14,instagram / cpc,campaign_24,1,1
862,2024-10-14,google / cpc,campaign_23,1,1
863,2024-10-14,hirlevel / ct,feliratkozas_en,1,1
864,2024-10-14,google / cpc,(organic),87,96
865,2024-10-14,(direct) / (none),(direct),34,36
866,2024-10-15,google / cpc,(organic),73,75
867,2024-10-15,(direct) / (none),(direct),28,30
868,2024-10-15,google / organic,(organic),26,27
869,2024-10-15,google / cpc,HU | GSN | PERF I Brand,22,26
870,2024-10-15,google / cpc,(not set),15,15
871,2024-10-15,google / cpc,HU | pMAX | PERF I Brand,15,15
872,2024-10-15,facebook / cpc,campaign_18,13,13
873,2024-10-15,google / cpc,HU | GSN | PERF I Brand 2,11,12
874,2024-10-15,facebook / cpc,campaign_19,10,10
875,2024-10-15,facebook / cpc,campaign_17,8,8
876,2024-10-15,google / cpc,HU | GSN | PERF I Lokáció,7,7
877,2024-10-15,bing / cpc,HU | PERF | Brand,5,5
878,2024-10-15,(not set),(not set),1,4
879,2024-10-15,redir.d-edgeconnect.media / referral,(referral),3,3
880,2024-10-15,google / cpc,AT | GSN | PERF I Brand,3,3
881,2024-10-15,bing / cpc,AT | PERF | Brand,3,3
882,2024-10-15,bing / organic,(organic),2,2
883,2024-10-15,familypark.at / referral,(referral),2,2
884,2024-10-15,bing / cpc,campaign_10,2,2
885,2024-10-15,google / cpc,campaign_23,2,2
886,2024-10-15,hirlevel / ct,hirlevel_c3,2,2
887,2024-10-15,ajanlat / offline,campaign_2,2,2
888,2024-10-15,source_4,(organic),1,1
889,2024-10-15,m.facebook.com / referral,(referral),1,1
890,2024-10-15,thermengutscheine.at / referral,(referral),1,1
891,2024-10-15,google / cpc,AT | GSN | PERF | Lokáció,1,1
892,2024-10-15,google / cpc,AT | pMAX Hotel | PERF I Brand,1,1
893,2024-10-15,google / cpc,CZ | pMAX | PERF I Brand,1,1
894,2024-10-15,google / cpc,DE | pMAX Hotel | PERF I Brand,1,1
895,2024-10-15,hirlevel / ct,campaign_3,1,1
896,2024-10-15,hirlevel / ct,feliratkozas_en,1,1
897,2024-10-16,instagram / cpc,campaign_24,3,3
898,2024-10-16,hirlevel / ct,feliratkozas_hu,0,1
899,2024-10-16,google / cpc,HU | GSN | PERF I Brand,32,39
900,2024-10-16,(direct) / (none),(direct),32,33
901,2024-10-16,google / cpc,HU | GSN | PERF I Brand 2,16,18
902,2024-10-16,google / cpc,HU | pMAX | PERF I Brand,14,14
903,2024-10-16,google / cpc,(not set),13,13
904,2024-10-16,facebook / cpc,campaign_17,8,8
905,2024-10-16,m.facebook.com / referral,(referral),7,7
906,2024-10-16,facebook / cpc,campaign_19,7,7
907,2024-10-16,google / cpc,AT | pMAX Hotel | PERF I Brand,5,6
908,2024-10-16,facebook / cpc,campaign_18,5,5
909,2024-10-16,google / cpc,AT | GSN | PERF | Lokáció,3,4
910,2024-10-16,csodasmagyarorszag.hu / referral,(referral),3,3
911,2024-10-16,l.facebook.com / referral,(referral),3,3
912,2024-10-16,google / cpc,AT | GSN | PERF I Brand,3,3
913,2024-10-16,google / cpc,HU | GSN | PERF I Lokáció,3,3
914,2024-10-16,bing / cpc,HU | PERF | Brand,2,3
915,2024-10-16,google / cpc,(organic),77,83
916,2024-10-16,ntp.msn.com / referral,(referral),1,2
917,2024-10-16,redir.d-edgeconnect.media / referral,(referral),2,2
918,2024-10-16,wellcard.at / referral,(referral),2,2
919,2024-10-16,bing / cpc,AT | PERF | Brand,2,2
920,2024-10-16,hirlevel / ct,hirlevel_c3,2,2
921,2024-10-16,(not set),(not set),0,1
922,2024-10-16,google / cpc,(referral),1,1
923,2024-10-16,internetbank.otpbank.hu / referral,(referral),1,1
924,2024-10-16,lm.facebook.com / referral,(referral),1,1
925,2024-10-16,thermenhotels.at / referral,(referral),1,1
926,2024-10-16,google / cpc,CZ | pMAX | PERF I Brand,1,1
927,2024-10-16,google / cpc,DE | GSN | PERF I Brand,1,1
928,2024-10-16,google / cpc,DE | pMAX Hotel | PERF I Brand,1,1
929,2024-10-16,hirlevel / ct,campaign_3,1,1
930,2024-10-16,bing / cpc,campaign_10,1,1
931,2024-10-16,google / organic,(organic),38,43
932,2024-10-17,familypark.at / referral,(referral),3,3
933,2024-10-17,google / cpc,DE | pMAX Hotel | PERF I Brand,1,1
934,2024-10-17,google / organic,(organic),27,29
935,2024-10-17,google / cpc,HU | GSN | PERF I Brand,22,26
936,2024-10-17,google / cpc,(not set),17,18
937,2024-10-17,google / cpc,HU | pMAX | PERF I Brand,12,13
938,2024-10-17,facebook / cpc,campaign_18,11,12
939,2024-10-17,instagram / cpc,campaign_24,10,10
940,2024-10-17,google / cpc,AT | pMAX Hotel | PERF I Brand,7,9
941,2024-10-17,google / cpc,HU | GSN | PERF I Brand 2,8,8
942,2024-10-17,hirlevel / ct,hirlevel_c2,8,8
943,2024-10-17,google / cpc,HU | GSN | PERF I Lokáció,5,7
944,2024-10-17,facebook / cpc,campaign_17,6,6
945,2024-10-17,(not set),(not set),2,5
946,2024-10-17,facebook / cpc,campaign_19,5,5
947,2024-10-17,bing / organic,(organic),3,3
948,2024-10-17,google / cpc,(organic),66,71
949,2024-10-17,m.facebook.com / referral,(referral),3,3
950,2024-10-17,hirlevel / ct,hirlevel_c3,3,3
951,2024-10-17,csodasmagyarorszag.hu / referral,(referral),2,2
952,2024-10-17,l.facebook.com / referral,(referral),2,2
953,2024-10-17,redir.d-edgeconnect.media / referral,(referral),2,2
954,2024-10-17,source_15,(referral),2,2
955,2024-10-17,google / cpc,AT | GSN | PERF I Brand,2,2
956,2024-10-17,bing / cpc,campaign_10,2,2
957,2024-10-17,bing / cpc,HU | GSN | Brand 2024,2,2
958,2024-10-17,bing / cpc,HU | PERF | Brand,2,2
959,2024-10-17,docs.google.com / referral,(referral),1,1
960,2024-10-17,google / cpc,(referral),1,1
961,2024-10-17,hotels.hotelbox.cc / referral,(referral),1,1
962,2024-10-17,source_16,(referral),1,1
963,2024-10-17,thermengutscheine.at / referral,(referral),1,1
964,2024-10-17,google / cpc,CZ | pMAX | PERF I Brand,1,1
965,2024-10-17,(direct) / (none),(direct),52,58
966,2024-10-18,google / cpc,(organic),51,56
967,2024-10-18,(direct) / (none),(direct),30,31
968,2024-10-18,google / organic,(organic),25,26
969,2024-10-18,google / cpc,HU | GSN | PERF I Brand,22,25
970,2024-10-18,google / cpc,HU | pMAX | PERF I Brand,24,25
971,2024-10-18,google / cpc,(not set),14,14
972,2024-10-18,facebook / cpc,campaign_18,12,13
973,2024-10-18,google / cpc,HU | GSN | PERF I Brand 2,8,9
974,2024-10-18,l.facebook.com / referral,(referral),7,7
975,2024-10-18,google / cpc,AT | GSN | PERF I Brand,7,7
976,2024-10-18,google / cpc,HU | GSN | PERF I Lokáció,7,7
977,2024-10-18,facebook / cpc,campaign_17,6,6
978,2024-10-18,(not set),(not set),3,5
979,2024-10-18,facebook / cpc,campaign_19,4,4
980,2024-10-18,m.facebook.com / referral,(referral),3,3
981,2024-10-18,google / cpc,CZ | pMAX | PERF I Brand,2,3
982,2024-10-18,bing / cpc,HU | PERF | Brand,3,3
983,2024-10-18,instagram / cpc,campaign_24,3,3
984,2024-10-18,csodasmagyarorszag.hu / referral,(referral),2,2
985,2024-10-18,lm.facebook.com / referral,(referral),2,2
986,2024-10-18,bing / cpc,AT | PERF | Brand,2,2
987,2024-10-18,google / cpc,AT | pMAX Hotel | PERF I Brand,2,2
988,2024-10-18,bing / cpc,campaign_10,2,2
989,2024-10-18,(direct) / (none),(not set),1,1
990,2024-10-18,bing / organic,(organic),1,1
991,2024-10-18,source_4,(organic),1,1
992,2024-10-18,thermenhotels.at / referral,(referral),1,1
993,2024-10-18,google / cpc,AT | GSN | PERF | Lokáció,1,1
994,2024-10-18,google / cpc,DE | pMAX Hotel | PERF I Brand,1,1
995,2024-10-18,hirlevel / ct,campaign_13,1,1
996,2024-10-18,hirlevel / ct,hirlevel_c3,1,1
997,2024-10-18,phone / offline,proposal-by-phone,1,1
